dataset,split,method,budget_bytes,actual_bytes,ber,burst_length,packet_loss_rate,seed,accuracy,macro_f1,encode_ms_median,encode_ms_p95,classify_ms_median,classify_ms_p95,model_bytes,shared_memory_bytes,git_commit,n_keep,interleave,n_bursts,modulation,snr_db,fading,coherence_symbols,empirical_ber,theory_ber,channel_kind,method_tag,sweep,dimension,hdc_head,n_centroids,method_label
sim_indoor_v1,test_id,quantized,128,128.0,0.0,0,0.0,0,0.7357083678541839,0.6359738191833334,0.0,0.0,0.0,0.0,2420,0,232e20a,120.0,False,0,bpsk,8.0,none,32,0.0001373291015625,0.00019090777407599314,bpsk_awgn,quantized,k16_radio,,,,quantized
sim_indoor_v1,test_id,quantized,128,128.0,0.0,0,0.0,0,0.5443247721623861,0.47026581150401026,0.0,0.0,0.0,0.0,2420,0,232e20a,120.0,False,0,bpsk,4.0,none,32,0.0123443603515625,0.01250081804073755,bpsk_awgn,quantized,k16_radio,,,,quantized
sim_indoor_v1,test_id,quantized,128,128.0,0.0,0,0.0,0,0.3471416735708368,0.3123204509393036,0.0,0.0,0.0,0.0,2420,0,232e20a,120.0,False,0,bpsk,0.0,none,32,0.07904052734375,0.07864960352514258,bpsk_awgn,quantized,k16_radio,,,,quantized
sim_indoor_v1,test_id,quantized,128,128.0,0.0,0,0.0,0,0.2982601491300746,0.25916381984963366,0.0,0.0,0.0,0.0,2420,0,232e20a,120.0,False,0,bpsk,-2.0,none,32,0.1317138671875,0.13064448852282917,bpsk_awgn,quantized,k16_radio,,,,quantized
sim_indoor_v1,test_id,quantized,128,128.0,0.0,0,0.0,0,0.48053024026512015,0.42227540730086127,0.0,0.0,0.0,0.0,2420,0,232e20a,120.0,False,0,bpsk,8.0,rayleigh_block,32,0.0343780517578125,0.03545906762783807,bpsk_rayleigh_block,quantized,k16_radio,,,,quantized
sim_indoor_v1,test_id,quantized,128,128.0,0.0,0,0.0,0,0.3504556752278376,0.3146365756437498,0.0,0.0,0.0,0.0,2420,0,232e20a,120.0,False,0,bpsk,4.0,rayleigh_block,32,0.07684326171875,0.07713691605639106,bpsk_rayleigh_block,quantized,k16_radio,,,,quantized
sim_indoor_v1,test_id,quantized,128,128.0,0.0,0,0.0,0,0.24689312344656172,0.2184940323339041,0.0,0.0,0.0,0.0,2420,0,232e20a,120.0,False,0,bpsk,0.0,rayleigh_block,32,0.144805908203125,0.1464466094067262,bpsk_rayleigh_block,quantized,k16_radio,,,,quantized
sim_indoor_v1,test_id,quantized,128,128.0,0.0,0,0.0,0,0.21623860811930407,0.19370930929598984,0.0,0.0,0.0,0.0,2420,0,232e20a,120.0,False,0,bpsk,-2.0,rayleigh_block,32,0.187225341796875,0.18900836834134227,bpsk_rayleigh_block,quantized,k16_radio,,,,quantized
sim_indoor_v1,test_id,quantized,128,128.0,0.00019090777407599314,0,0.0,0,0.7381938690969345,0.6375254612184686,0.0,0.0,0.0,0.0,2420,0,232e20a,120.0,False,0,none,8.0,none,32,0.000152587890625,0.00019090777407599314,matched_ber,quantized,k16_radio,,,,quantized
sim_indoor_v1,test_id,quantized,128,128.0,0.01250081804073755,0,0.0,0,0.5633802816901409,0.48693532541521656,0.0,0.0,0.0,0.0,2420,0,232e20a,120.0,False,0,none,4.0,none,32,0.0121002197265625,0.01250081804073755,matched_ber,quantized,k16_radio,,,,quantized
sim_indoor_v1,test_id,quantized,128,128.0,0.07864960352514258,0,0.0,0,0.3471416735708368,0.30804396132926093,0.0,0.0,0.0,0.0,2420,0,232e20a,120.0,False,0,none,0.0,none,32,0.0784149169921875,0.07864960352514258,matched_ber,quantized,k16_radio,,,,quantized
sim_indoor_v1,test_id,quantized,128,128.0,0.13064448852282917,0,0.0,0,0.2659486329743165,0.2368922694084603,0.0,0.0,0.0,0.0,2420,0,232e20a,120.0,False,0,none,-2.0,none,32,0.130126953125,0.13064448852282917,matched_ber,quantized,k16_radio,,,,quantized
sim_indoor_v1,test_ood,quantized,128,128.0,0.0,0,0.0,0,0.7282929710572947,0.5974818656315113,0.0,0.0,0.0,0.0,2420,0,232e20a,120.0,False,0,bpsk,8.0,none,32,0.000152587890625,0.00019090777407599314,bpsk_awgn,quantized,k16_radio,,,,quantized
sim_indoor_v1,test_ood,quantized,128,128.0,0.0,0,0.0,0,0.6113408151210868,0.5097781322200223,0.0,0.0,0.0,0.0,2420,0,232e20a,120.0,False,0,bpsk,4.0,none,32,0.0123443603515625,0.01250081804073755,bpsk_awgn,quantized,k16_radio,,,,quantized
sim_indoor_v1,test_ood,quantized,128,128.0,0.0,0,0.0,0,0.4176018901358535,0.3280364319415008,0.0,0.0,0.0,0.0,2420,0,232e20a,120.0,False,0,bpsk,0.0,none,32,0.07958984375,0.07864960352514258,bpsk_awgn,quantized,k16_radio,,,,quantized
sim_indoor_v1,test_ood,quantized,128,128.0,0.0,0,0.0,0,0.37448316597755466,0.28403035787004977,0.0,0.0,0.0,0.0,2420,0,232e20a,120.0,False,0,bpsk,-2.0,none,32,0.1330413818359375,0.13064448852282917,bpsk_awgn,quantized,k16_radio,,,,quantized
sim_indoor_v1,test_ood,quantized,128,128.0,0.0,0,0.0,0,0.5369167158889545,0.450683587954334,0.0,0.0,0.0,0.0,2420,0,232e20a,120.0,False,0,bpsk,8.0,rayleigh_block,32,0.0343780517578125,0.03545906762783807,bpsk_rayleigh_block,quantized,k16_radio,,,,quantized
sim_indoor_v1,test_ood,quantized,128,128.0,0.0,0,0.0,0,0.44418192557590075,0.3681200731868564,0.0,0.0,0.0,0.0,2420,0,232e20a,120.0,False,0,bpsk,4.0,rayleigh_block,32,0.0740966796875,0.07713691605639106,bpsk_rayleigh_block,quantized,k16_radio,,,,quantized
sim_indoor_v1,test_ood,quantized,128,128.0,0.0,0,0.0,0,0.36798582398109864,0.2686344507448402,0.0,0.0,0.0,0.0,2420,0,232e20a,120.0,False,0,bpsk,0.0,rayleigh_block,32,0.1442718505859375,0.1464466094067262,bpsk_rayleigh_block,quantized,k16_radio,,,,quantized
sim_indoor_v1,test_ood,quantized,128,128.0,0.0,0,0.0,0,0.344949793266391,0.24223317465227848,0.0,0.0,0.0,0.0,2420,0,232e20a,120.0,False,0,bpsk,-2.0,rayleigh_block,32,0.18682861328125,0.18900836834134227,bpsk_rayleigh_block,quantized,k16_radio,,,,quantized
sim_indoor_v1,test_ood,quantized,128,128.0,0.00019090777407599314,0,0.0,0,0.7318369757826344,0.6007618311134242,0.0,0.0,0.0,0.0,2420,0,232e20a,120.0,False,0,none,8.0,none,32,0.000152587890625,0.00019090777407599314,matched_ber,quantized,k16_radio,,,,quantized
sim_indoor_v1,test_ood,quantized,128,128.0,0.01250081804073755,0,0.0,0,0.5948021264028353,0.4822383888859981,0.0,0.0,0.0,0.0,2420,0,232e20a,120.0,False,0,none,4.0,none,32,0.0121002197265625,0.01250081804073755,matched_ber,quantized,k16_radio,,,,quantized
sim_indoor_v1,test_ood,quantized,128,128.0,0.07864960352514258,0,0.0,0,0.41051388068517425,0.32789911944385147,0.0,0.0,0.0,0.0,2420,0,232e20a,120.0,False,0,none,0.0,none,32,0.0784149169921875,0.07864960352514258,matched_ber,quantized,k16_radio,,,,quantized
sim_indoor_v1,test_ood,quantized,128,128.0,0.13064448852282917,0,0.0,0,0.37389249852333134,0.2828339124559344,0.0,0.0,0.0,0.0,2420,0,232e20a,120.0,False,0,none,-2.0,none,32,0.130126953125,0.13064448852282917,matched_ber,quantized,k16_radio,,,,quantized
sim_indoor_v1,test_id,binary_hash,128,128.0,0.0,0,0.0,0,0.8616404308202155,0.7951526286734281,0.0,0.0,0.0,0.0,20500,737280,232e20a,,False,0,bpsk,8.0,none,32,0.0001220703125,0.00019090777407599314,bpsk_awgn,binary_hash,k16_radio,1024.0,,,binary_hash
sim_indoor_v1,test_id,binary_hash,128,128.0,0.0,0,0.0,0,0.835956917978459,0.768400148567563,0.0,0.0,0.0,0.0,20500,737280,232e20a,,False,0,bpsk,4.0,none,32,0.0122528076171875,0.01250081804073755,bpsk_awgn,binary_hash,k16_radio,1024.0,,,binary_hash
sim_indoor_v1,test_id,binary_hash,128,128.0,0.0,0,0.0,0,0.7050538525269263,0.6235416542967236,0.0,0.0,0.0,0.0,20500,737280,232e20a,,False,0,bpsk,0.0,none,32,0.0771026611328125,0.07864960352514258,bpsk_awgn,binary_hash,k16_radio,1024.0,,,binary_hash
sim_indoor_v1,test_id,binary_hash,128,128.0,0.0,0,0.0,0,0.6536868268434134,0.5612108866134912,0.0,0.0,0.0,0.0,20500,737280,232e20a,,False,0,bpsk,-2.0,none,32,0.129730224609375,0.13064448852282917,bpsk_awgn,binary_hash,k16_radio,1024.0,,,binary_hash
sim_indoor_v1,test_id,binary_hash,128,128.0,0.0,0,0.0,0,0.7854183927091963,0.7101365852255809,0.0,0.0,0.0,0.0,20500,737280,232e20a,,False,0,bpsk,8.0,rayleigh_block,32,0.034576416015625,0.03545906762783807,bpsk_rayleigh_block,binary_hash,k16_radio,1024.0,,,binary_hash
sim_indoor_v1,test_id,binary_hash,128,128.0,0.0,0,0.0,0,0.7191383595691798,0.6470178783839513,0.0,0.0,0.0,0.0,20500,737280,232e20a,,False,0,bpsk,4.0,rayleigh_block,32,0.0761260986328125,0.07713691605639106,bpsk_rayleigh_block,binary_hash,k16_radio,1024.0,,,binary_hash
sim_indoor_v1,test_id,binary_hash,128,128.0,0.0,0,0.0,0,0.6362883181441591,0.5615397047573892,0.0,0.0,0.0,0.0,20500,737280,232e20a,,False,0,bpsk,0.0,rayleigh_block,32,0.1443634033203125,0.1464466094067262,bpsk_rayleigh_block,binary_hash,k16_radio,1024.0,,,binary_hash
sim_indoor_v1,test_id,binary_hash,128,128.0,0.0,0,0.0,0,0.5816072908036454,0.5147325271295846,0.0,0.0,0.0,0.0,20500,737280,232e20a,,False,0,bpsk,-2.0,rayleigh_block,32,0.1874542236328125,0.18900836834134227,bpsk_rayleigh_block,binary_hash,k16_radio,1024.0,,,binary_hash
sim_indoor_v1,test_id,binary_hash,128,128.0,0.00019090777407599314,0,0.0,0,0.8649544324772163,0.8015298062118348,0.0,0.0,0.0,0.0,20500,737280,232e20a,,False,0,none,8.0,none,32,0.000152587890625,0.00019090777407599314,matched_ber,binary_hash,k16_radio,1024.0,,,binary_hash
sim_indoor_v1,test_id,binary_hash,128,128.0,0.01250081804073755,0,0.0,0,0.8367854183927091,0.774813658343781,0.0,0.0,0.0,0.0,20500,737280,232e20a,,False,0,none,4.0,none,32,0.0121002197265625,0.01250081804073755,matched_ber,binary_hash,k16_radio,1024.0,,,binary_hash
sim_indoor_v1,test_id,binary_hash,128,128.0,0.07864960352514258,0,0.0,0,0.7183098591549296,0.6364157862408273,0.0,0.0,0.0,0.0,20500,737280,232e20a,,False,0,none,0.0,none,32,0.0784149169921875,0.07864960352514258,matched_ber,binary_hash,k16_radio,1024.0,,,binary_hash
sim_indoor_v1,test_id,binary_hash,128,128.0,0.13064448852282917,0,0.0,0,0.6553438276719138,0.577335567961998,0.0,0.0,0.0,0.0,20500,737280,232e20a,,False,0,none,-2.0,none,32,0.130126953125,0.13064448852282917,matched_ber,binary_hash,k16_radio,1024.0,,,binary_hash
sim_indoor_v1,test_ood,binary_hash,128,128.0,0.0,0,0.0,0,0.5853514471352629,0.5131996814640415,0.0,0.0,0.0,0.0,20500,737280,232e20a,,False,0,bpsk,8.0,none,32,9.1552734375e-05,0.00019090777407599314,bpsk_awgn,binary_hash,k16_radio,1024.0,,,binary_hash
sim_indoor_v1,test_ood,binary_hash,128,128.0,0.0,0,0.0,0,0.564087418783225,0.4880589311087215,0.0,0.0,0.0,0.0,20500,737280,232e20a,,False,0,bpsk,4.0,none,32,0.012054443359375,0.01250081804073755,bpsk_awgn,binary_hash,k16_radio,1024.0,,,binary_hash
sim_indoor_v1,test_ood,binary_hash,128,128.0,0.0,0,0.0,0,0.509746012994684,0.44423761988092947,0.0,0.0,0.0,0.0,20500,737280,232e20a,,False,0,bpsk,0.0,none,32,0.077362060546875,0.07864960352514258,bpsk_awgn,binary_hash,k16_radio,1024.0,,,binary_hash
sim_indoor_v1,test_ood,binary_hash,128,128.0,0.0,0,0.0,0,0.4678086237448317,0.4239511431739048,0.0,0.0,0.0,0.0,20500,737280,232e20a,,False,0,bpsk,-2.0,none,32,0.1297760009765625,0.13064448852282917,bpsk_awgn,binary_hash,k16_radio,1024.0,,,binary_hash
sim_indoor_v1,test_ood,binary_hash,128,128.0,0.0,0,0.0,0,0.5404607206142942,0.46793420710239,0.0,0.0,0.0,0.0,20500,737280,232e20a,,False,0,bpsk,8.0,rayleigh_block,32,0.034820556640625,0.03545906762783807,bpsk_rayleigh_block,binary_hash,k16_radio,1024.0,,,binary_hash
sim_indoor_v1,test_ood,binary_hash,128,128.0,0.0,0,0.0,0,0.5044300059066745,0.4536811010722528,0.0,0.0,0.0,0.0,20500,737280,232e20a,,False,0,bpsk,4.0,rayleigh_block,32,0.07403564453125,0.07713691605639106,bpsk_rayleigh_block,binary_hash,k16_radio,1024.0,,,binary_hash
sim_indoor_v1,test_ood,binary_hash,128,128.0,0.0,0,0.0,0,0.4678086237448317,0.4248369054324607,0.0,0.0,0.0,0.0,20500,737280,232e20a,,False,0,bpsk,0.0,rayleigh_block,32,0.1463775634765625,0.1464466094067262,bpsk_rayleigh_block,binary_hash,k16_radio,1024.0,,,binary_hash
sim_indoor_v1,test_ood,binary_hash,128,128.0,0.0,0,0.0,0,0.4370939161252215,0.40443576736391906,0.0,0.0,0.0,0.0,20500,737280,232e20a,,False,0,bpsk,-2.0,rayleigh_block,32,0.188873291015625,0.18900836834134227,bpsk_rayleigh_block,binary_hash,k16_radio,1024.0,,,binary_hash
sim_indoor_v1,test_ood,binary_hash,128,128.0,0.00019090777407599314,0,0.0,0,0.5859421145894861,0.5140863296027602,0.0,0.0,0.0,0.0,20500,737280,232e20a,,False,0,none,8.0,none,32,0.000152587890625,0.00019090777407599314,matched_ber,binary_hash,k16_radio,1024.0,,,binary_hash
sim_indoor_v1,test_ood,binary_hash,128,128.0,0.01250081804073755,0,0.0,0,0.5587714116952156,0.489524192591667,0.0,0.0,0.0,0.0,20500,737280,232e20a,,False,0,none,4.0,none,32,0.0121002197265625,0.01250081804073755,matched_ber,binary_hash,k16_radio,1024.0,,,binary_hash
sim_indoor_v1,test_ood,binary_hash,128,128.0,0.07864960352514258,0,0.0,0,0.5174246898995866,0.4604628823757138,0.0,0.0,0.0,0.0,20500,737280,232e20a,,False,0,none,0.0,none,32,0.0784149169921875,0.07864960352514258,matched_ber,binary_hash,k16_radio,1024.0,,,binary_hash
sim_indoor_v1,test_ood,binary_hash,128,128.0,0.13064448852282917,0,0.0,0,0.4790313053750738,0.4316963528192238,0.0,0.0,0.0,0.0,20500,737280,232e20a,,False,0,none,-2.0,none,32,0.130126953125,0.13064448852282917,matched_ber,binary_hash,k16_radio,1024.0,,,binary_hash
sim_indoor_v1,test_id,pure_hdc,128,128.0,0.0,0,0.0,0,0.7257663628831814,0.6569533449380223,0.0,0.0,0.0,0.0,20500,217088,232e20a,,False,0,bpsk,8.0,none,32,0.0001373291015625,0.00019090777407599314,bpsk_awgn,hdc_k1,k16_radio,1024.0,prototype,1.0,hdc_k1
sim_indoor_v1,test_id,pure_hdc,128,128.0,0.0,0,0.0,0,0.7232808616404308,0.6537019127849186,0.0,0.0,0.0,0.0,20500,217088,232e20a,,False,0,bpsk,4.0,none,32,0.01251220703125,0.01250081804073755,bpsk_awgn,hdc_k1,k16_radio,1024.0,prototype,1.0,hdc_k1
sim_indoor_v1,test_id,pure_hdc,128,128.0,0.0,0,0.0,0,0.7216238608119304,0.6518001031257917,0.0,0.0,0.0,0.0,20500,217088,232e20a,,False,0,bpsk,0.0,none,32,0.077789306640625,0.07864960352514258,bpsk_awgn,hdc_k1,k16_radio,1024.0,prototype,1.0,hdc_k1
sim_indoor_v1,test_id,pure_hdc,128,128.0,0.0,0,0.0,0,0.7158243579121789,0.6397809028925849,0.0,0.0,0.0,0.0,20500,217088,232e20a,,False,0,bpsk,-2.0,none,32,0.129974365234375,0.13064448852282917,bpsk_awgn,hdc_k1,k16_radio,1024.0,prototype,1.0,hdc_k1
sim_indoor_v1,test_id,pure_hdc,128,128.0,0.0,0,0.0,0,0.7191383595691798,0.6514078261723568,0.0,0.0,0.0,0.0,20500,217088,232e20a,,False,0,bpsk,8.0,rayleigh_block,32,0.033599853515625,0.03545906762783807,bpsk_rayleigh_block,hdc_k1,k16_radio,1024.0,prototype,1.0,hdc_k1
sim_indoor_v1,test_id,pure_hdc,128,128.0,0.0,0,0.0,0,0.724109362054681,0.6552036846293712,0.0,0.0,0.0,0.0,20500,217088,232e20a,,False,0,bpsk,4.0,rayleigh_block,32,0.074371337890625,0.07713691605639106,bpsk_rayleigh_block,hdc_k1,k16_radio,1024.0,prototype,1.0,hdc_k1
sim_indoor_v1,test_id,pure_hdc,128,128.0,0.0,0,0.0,0,0.7174813587406794,0.6467774561666271,0.0,0.0,0.0,0.0,20500,217088,232e20a,,False,0,bpsk,0.0,rayleigh_block,32,0.1430816650390625,0.1464466094067262,bpsk_rayleigh_block,hdc_k1,k16_radio,1024.0,prototype,1.0,hdc_k1
sim_indoor_v1,test_id,pure_hdc,128,128.0,0.0,0,0.0,0,0.7091963545981773,0.6342099370293433,0.0,0.0,0.0,0.0,20500,217088,232e20a,,False,0,bpsk,-2.0,rayleigh_block,32,0.1863250732421875,0.18900836834134227,bpsk_rayleigh_block,hdc_k1,k16_radio,1024.0,prototype,1.0,hdc_k1
sim_indoor_v1,test_id,pure_hdc,128,128.0,0.00019090777407599314,0,0.0,0,0.7257663628831814,0.6569256606072401,0.0,0.0,0.0,0.0,20500,217088,232e20a,,False,0,none,8.0,none,32,0.000152587890625,0.00019090777407599314,matched_ber,hdc_k1,k16_radio,1024.0,prototype,1.0,hdc_k1
sim_indoor_v1,test_id,pure_hdc,128,128.0,0.01250081804073755,0,0.0,0,0.7257663628831814,0.6569422358221484,0.0,0.0,0.0,0.0,20500,217088,232e20a,,False,0,none,4.0,none,32,0.0121002197265625,0.01250081804073755,matched_ber,hdc_k1,k16_radio,1024.0,prototype,1.0,hdc_k1
sim_indoor_v1,test_id,pure_hdc,128,128.0,0.07864960352514258,0,0.0,0,0.7265948632974316,0.6570549734916933,0.0,0.0,0.0,0.0,20500,217088,232e20a,,False,0,none,0.0,none,32,0.0784149169921875,0.07864960352514258,matched_ber,hdc_k1,k16_radio,1024.0,prototype,1.0,hdc_k1
sim_indoor_v1,test_id,pure_hdc,128,128.0,0.13064448852282917,0,0.0,0,0.7216238608119304,0.6529075139704441,0.0,0.0,0.0,0.0,20500,217088,232e20a,,False,0,none,-2.0,none,32,0.130126953125,0.13064448852282917,matched_ber,hdc_k1,k16_radio,1024.0,prototype,1.0,hdc_k1
sim_indoor_v1,test_ood,pure_hdc,128,128.0,0.0,0,0.0,0,0.6922622563496751,0.5924808036033338,0.0,0.0,0.0,0.0,20500,217088,232e20a,,False,0,bpsk,8.0,none,32,0.000152587890625,0.00019090777407599314,bpsk_awgn,hdc_k1,k16_radio,1024.0,prototype,1.0,hdc_k1
sim_indoor_v1,test_ood,pure_hdc,128,128.0,0.0,0,0.0,0,0.6869462492616657,0.585713794621381,0.0,0.0,0.0,0.0,20500,217088,232e20a,,False,0,bpsk,4.0,none,32,0.0118255615234375,0.01250081804073755,bpsk_awgn,hdc_k1,k16_radio,1024.0,prototype,1.0,hdc_k1
sim_indoor_v1,test_ood,pure_hdc,128,128.0,0.0,0,0.0,0,0.6804489072652097,0.5827465975906579,0.0,0.0,0.0,0.0,20500,217088,232e20a,,False,0,bpsk,0.0,none,32,0.0771026611328125,0.07864960352514258,bpsk_awgn,hdc_k1,k16_radio,1024.0,prototype,1.0,hdc_k1
sim_indoor_v1,test_ood,pure_hdc,128,128.0,0.0,0,0.0,0,0.6727702303603071,0.5768552185272869,0.0,0.0,0.0,0.0,20500,217088,232e20a,,False,0,bpsk,-2.0,none,32,0.129364013671875,0.13064448852282917,bpsk_awgn,hdc_k1,k16_radio,1024.0,prototype,1.0,hdc_k1
sim_indoor_v1,test_ood,pure_hdc,128,128.0,0.0,0,0.0,0,0.6975782634376846,0.5954669002761646,0.0,0.0,0.0,0.0,20500,217088,232e20a,,False,0,bpsk,8.0,rayleigh_block,32,0.0352020263671875,0.03545906762783807,bpsk_rayleigh_block,hdc_k1,k16_radio,1024.0,prototype,1.0,hdc_k1
sim_indoor_v1,test_ood,pure_hdc,128,128.0,0.0,0,0.0,0,0.6881275841701122,0.5930122781503986,0.0,0.0,0.0,0.0,20500,217088,232e20a,,False,0,bpsk,4.0,rayleigh_block,32,0.0753021240234375,0.07713691605639106,bpsk_rayleigh_block,hdc_k1,k16_radio,1024.0,prototype,1.0,hdc_k1
sim_indoor_v1,test_ood,pure_hdc,128,128.0,0.0,0,0.0,0,0.6609568812758417,0.566275704081755,0.0,0.0,0.0,0.0,20500,217088,232e20a,,False,0,bpsk,0.0,rayleigh_block,32,0.1468658447265625,0.1464466094067262,bpsk_rayleigh_block,hdc_k1,k16_radio,1024.0,prototype,1.0,hdc_k1
sim_indoor_v1,test_ood,pure_hdc,128,128.0,0.0,0,0.0,0,0.6544595392793857,0.5652283300851353,0.0,0.0,0.0,0.0,20500,217088,232e20a,,False,0,bpsk,-2.0,rayleigh_block,32,0.189727783203125,0.18900836834134227,bpsk_rayleigh_block,hdc_k1,k16_radio,1024.0,prototype,1.0,hdc_k1
sim_indoor_v1,test_ood,pure_hdc,128,128.0,0.00019090777407599314,0,0.0,0,0.6922622563496751,0.5918421229475819,0.0,0.0,0.0,0.0,20500,217088,232e20a,,False,0,none,8.0,none,32,0.000152587890625,0.00019090777407599314,matched_ber,hdc_k1,k16_radio,1024.0,prototype,1.0,hdc_k1
sim_indoor_v1,test_ood,pure_hdc,128,128.0,0.01250081804073755,0,0.0,0,0.6934435912581217,0.5913191150324346,0.0,0.0,0.0,0.0,20500,217088,232e20a,,False,0,none,4.0,none,32,0.0121002197265625,0.01250081804073755,matched_ber,hdc_k1,k16_radio,1024.0,prototype,1.0,hdc_k1
sim_indoor_v1,test_ood,pure_hdc,128,128.0,0.07864960352514258,0,0.0,0,0.6798582398109864,0.577073195060435,0.0,0.0,0.0,0.0,20500,217088,232e20a,,False,0,none,0.0,none,32,0.0784149169921875,0.07864960352514258,matched_ber,hdc_k1,k16_radio,1024.0,prototype,1.0,hdc_k1
sim_indoor_v1,test_ood,pure_hdc,128,128.0,0.13064448852282917,0,0.0,0,0.6804489072652097,0.5792886532168751,0.0,0.0,0.0,0.0,20500,217088,232e20a,,False,0,none,-2.0,none,32,0.130126953125,0.13064448852282917,matched_ber,hdc_k1,k16_radio,1024.0,prototype,1.0,hdc_k1
sim_indoor_v1,test_id,pure_hdc,128,128.0,0.0,0,0.0,0,0.9544324772162386,0.9278985983135135,0.0,0.0,0.0,0.0,328000,217088,232e20a,,False,0,bpsk,8.0,none,32,0.0001373291015625,0.00019090777407599314,bpsk_awgn,hdc_k16,k16_radio,1024.0,prototype,16.0,hdc_k16
sim_indoor_v1,test_id,pure_hdc,128,128.0,0.0,0,0.0,0,0.9536039768019884,0.9263270144801734,0.0,0.0,0.0,0.0,328000,217088,232e20a,,False,0,bpsk,4.0,none,32,0.01251220703125,0.01250081804073755,bpsk_awgn,hdc_k16,k16_radio,1024.0,prototype,16.0,hdc_k16
sim_indoor_v1,test_id,pure_hdc,128,128.0,0.0,0,0.0,0,0.951946975973488,0.9200121064880677,0.0,0.0,0.0,0.0,328000,217088,232e20a,,False,0,bpsk,0.0,none,32,0.077789306640625,0.07864960352514258,bpsk_awgn,hdc_k16,k16_radio,1024.0,prototype,16.0,hdc_k16
sim_indoor_v1,test_id,pure_hdc,128,128.0,0.0,0,0.0,0,0.9469759734879868,0.9118380902006601,0.0,0.0,0.0,0.0,328000,217088,232e20a,,False,0,bpsk,-2.0,none,32,0.129974365234375,0.13064448852282917,bpsk_awgn,hdc_k16,k16_radio,1024.0,prototype,16.0,hdc_k16
sim_indoor_v1,test_id,pure_hdc,128,128.0,0.0,0,0.0,0,0.9536039768019884,0.922849631034318,0.0,0.0,0.0,0.0,328000,217088,232e20a,,False,0,bpsk,8.0,rayleigh_block,32,0.033599853515625,0.03545906762783807,bpsk_rayleigh_block,hdc_k16,k16_radio,1024.0,prototype,16.0,hdc_k16
sim_indoor_v1,test_id,pure_hdc,128,128.0,0.0,0,0.0,0,0.951946975973488,0.9222842118066048,0.0,0.0,0.0,0.0,328000,217088,232e20a,,False,0,bpsk,4.0,rayleigh_block,32,0.074371337890625,0.07713691605639106,bpsk_rayleigh_block,hdc_k16,k16_radio,1024.0,prototype,16.0,hdc_k16
sim_indoor_v1,test_id,pure_hdc,128,128.0,0.0,0,0.0,0,0.9486329743164872,0.9190139443577587,0.0,0.0,0.0,0.0,328000,217088,232e20a,,False,0,bpsk,0.0,rayleigh_block,32,0.1430816650390625,0.1464466094067262,bpsk_rayleigh_block,hdc_k16,k16_radio,1024.0,prototype,16.0,hdc_k16
sim_indoor_v1,test_id,pure_hdc,128,128.0,0.0,0,0.0,0,0.947804473902237,0.9195137235447319,0.0,0.0,0.0,0.0,328000,217088,232e20a,,False,0,bpsk,-2.0,rayleigh_block,32,0.1863250732421875,0.18900836834134227,bpsk_rayleigh_block,hdc_k16,k16_radio,1024.0,prototype,16.0,hdc_k16
sim_indoor_v1,test_id,pure_hdc,128,128.0,0.00019090777407599314,0,0.0,0,0.9544324772162386,0.9278985983135135,0.0,0.0,0.0,0.0,328000,217088,232e20a,,False,0,none,8.0,none,32,0.000152587890625,0.00019090777407599314,matched_ber,hdc_k16,k16_radio,1024.0,prototype,16.0,hdc_k16
sim_indoor_v1,test_id,pure_hdc,128,128.0,0.01250081804073755,0,0.0,0,0.9527754763877382,0.9239001824500006,0.0,0.0,0.0,0.0,328000,217088,232e20a,,False,0,none,4.0,none,32,0.0121002197265625,0.01250081804073755,matched_ber,hdc_k16,k16_radio,1024.0,prototype,16.0,hdc_k16
sim_indoor_v1,test_id,pure_hdc,128,128.0,0.07864960352514258,0,0.0,0,0.9527754763877382,0.9227642648786668,0.0,0.0,0.0,0.0,328000,217088,232e20a,,False,0,none,0.0,none,32,0.0784149169921875,0.07864960352514258,matched_ber,hdc_k16,k16_radio,1024.0,prototype,16.0,hdc_k16
sim_indoor_v1,test_id,pure_hdc,128,128.0,0.13064448852282917,0,0.0,0,0.9536039768019884,0.923018991461845,0.0,0.0,0.0,0.0,328000,217088,232e20a,,False,0,none,-2.0,none,32,0.130126953125,0.13064448852282917,matched_ber,hdc_k16,k16_radio,1024.0,prototype,16.0,hdc_k16
sim_indoor_v1,test_ood,pure_hdc,128,128.0,0.0,0,0.0,0,0.828706438275251,0.6866070621727312,0.0,0.0,0.0,0.0,328000,217088,232e20a,,False,0,bpsk,8.0,none,32,0.000152587890625,0.00019090777407599314,bpsk_awgn,hdc_k16,k16_radio,1024.0,prototype,16.0,hdc_k16
sim_indoor_v1,test_ood,pure_hdc,128,128.0,0.0,0,0.0,0,0.8298877731836976,0.6910581438979115,0.0,0.0,0.0,0.0,328000,217088,232e20a,,False,0,bpsk,4.0,none,32,0.0118255615234375,0.01250081804073755,bpsk_awgn,hdc_k16,k16_radio,1024.0,prototype,16.0,hdc_k16
sim_indoor_v1,test_ood,pure_hdc,128,128.0,0.0,0,0.0,0,0.8204370939161252,0.6827666337269739,0.0,0.0,0.0,0.0,328000,217088,232e20a,,False,0,bpsk,0.0,none,32,0.0771026611328125,0.07864960352514258,bpsk_awgn,hdc_k16,k16_radio,1024.0,prototype,16.0,hdc_k16
sim_indoor_v1,test_ood,pure_hdc,128,128.0,0.0,0,0.0,0,0.8139397519196693,0.6730731822325924,0.0,0.0,0.0,0.0,328000,217088,232e20a,,False,0,bpsk,-2.0,none,32,0.129364013671875,0.13064448852282917,bpsk_awgn,hdc_k16,k16_radio,1024.0,prototype,16.0,hdc_k16
sim_indoor_v1,test_ood,pure_hdc,128,128.0,0.0,0,0.0,0,0.8298877731836976,0.6910103282903203,0.0,0.0,0.0,0.0,328000,217088,232e20a,,False,0,bpsk,8.0,rayleigh_block,32,0.0352020263671875,0.03545906762783807,bpsk_rayleigh_block,hdc_k16,k16_radio,1024.0,prototype,16.0,hdc_k16
sim_indoor_v1,test_ood,pure_hdc,128,128.0,0.0,0,0.0,0,0.8227997637330183,0.6798366418916133,0.0,0.0,0.0,0.0,328000,217088,232e20a,,False,0,bpsk,4.0,rayleigh_block,32,0.0753021240234375,0.07713691605639106,bpsk_rayleigh_block,hdc_k16,k16_radio,1024.0,prototype,16.0,hdc_k16
sim_indoor_v1,test_ood,pure_hdc,128,128.0,0.0,0,0.0,0,0.8127584170112226,0.666236791536429,0.0,0.0,0.0,0.0,328000,217088,232e20a,,False,0,bpsk,0.0,rayleigh_block,32,0.1468658447265625,0.1464466094067262,bpsk_rayleigh_block,hdc_k16,k16_radio,1024.0,prototype,16.0,hdc_k16
sim_indoor_v1,test_ood,pure_hdc,128,128.0,0.0,0,0.0,0,0.8127584170112226,0.66457827882065,0.0,0.0,0.0,0.0,328000,217088,232e20a,,False,0,bpsk,-2.0,rayleigh_block,32,0.189727783203125,0.18900836834134227,bpsk_rayleigh_block,hdc_k16,k16_radio,1024.0,prototype,16.0,hdc_k16
sim_indoor_v1,test_ood,pure_hdc,128,128.0,0.00019090777407599314,0,0.0,0,0.828706438275251,0.6866070621727312,0.0,0.0,0.0,0.0,328000,217088,232e20a,,False,0,none,8.0,none,32,0.000152587890625,0.00019090777407599314,matched_ber,hdc_k16,k16_radio,1024.0,prototype,16.0,hdc_k16
sim_indoor_v1,test_ood,pure_hdc,128,128.0,0.01250081804073755,0,0.0,0,0.8269344359125812,0.6837840506553905,0.0,0.0,0.0,0.0,328000,217088,232e20a,,False,0,none,4.0,none,32,0.0121002197265625,0.01250081804073755,matched_ber,hdc_k16,k16_radio,1024.0,prototype,16.0,hdc_k16
sim_indoor_v1,test_ood,pure_hdc,128,128.0,0.07864960352514258,0,0.0,0,0.8216184288245718,0.6808792353963252,0.0,0.0,0.0,0.0,328000,217088,232e20a,,False,0,none,0.0,none,32,0.0784149169921875,0.07864960352514258,matched_ber,hdc_k16,k16_radio,1024.0,prototype,16.0,hdc_k16
sim_indoor_v1,test_ood,pure_hdc,128,128.0,0.13064448852282917,0,0.0,0,0.8186650915534555,0.6830566774241845,0.0,0.0,0.0,0.0,328000,217088,232e20a,,False,0,none,-2.0,none,32,0.130126953125,0.13064448852282917,matched_ber,hdc_k16,k16_radio,1024.0,prototype,16.0,hdc_k16
sim_indoor_v1,test_id,pure_hdc,128,128.0,0.0,0,0.0,0,0.9453189726594863,0.9181787682270824,0.0,0.0,0.0,0.0,41000,217088,232e20a,,False,0,bpsk,8.0,none,32,0.0001373291015625,0.00019090777407599314,bpsk_awgn,hdc_linear,k16_radio,1024.0,linear,1.0,hdc_linear
sim_indoor_v1,test_id,pure_hdc,128,128.0,0.0,0,0.0,0,0.9486329743164872,0.9215413199413319,0.0,0.0,0.0,0.0,41000,217088,232e20a,,False,0,bpsk,4.0,none,32,0.01251220703125,0.01250081804073755,bpsk_awgn,hdc_linear,k16_radio,1024.0,linear,1.0,hdc_linear
sim_indoor_v1,test_id,pure_hdc,128,128.0,0.0,0,0.0,0,0.8806959403479702,0.8322131516346809,0.0,0.0,0.0,0.0,41000,217088,232e20a,,False,0,bpsk,0.0,none,32,0.077789306640625,0.07864960352514258,bpsk_awgn,hdc_linear,k16_radio,1024.0,linear,1.0,hdc_linear
sim_indoor_v1,test_id,pure_hdc,128,128.0,0.0,0,0.0,0,0.8309859154929577,0.7750239892740747,0.0,0.0,0.0,0.0,41000,217088,232e20a,,False,0,bpsk,-2.0,none,32,0.129974365234375,0.13064448852282917,bpsk_awgn,hdc_linear,k16_radio,1024.0,linear,1.0,hdc_linear
sim_indoor_v1,test_id,pure_hdc,128,128.0,0.0,0,0.0,0,0.9246064623032312,0.8908843484952952,0.0,0.0,0.0,0.0,41000,217088,232e20a,,False,0,bpsk,8.0,rayleigh_block,32,0.033599853515625,0.03545906762783807,bpsk_rayleigh_block,hdc_linear,k16_radio,1024.0,linear,1.0,hdc_linear
sim_indoor_v1,test_id,pure_hdc,128,128.0,0.0,0,0.0,0,0.8906379453189727,0.8489101799328456,0.0,0.0,0.0,0.0,41000,217088,232e20a,,False,0,bpsk,4.0,rayleigh_block,32,0.074371337890625,0.07713691605639106,bpsk_rayleigh_block,hdc_linear,k16_radio,1024.0,linear,1.0,hdc_linear
sim_indoor_v1,test_id,pure_hdc,128,128.0,0.0,0,0.0,0,0.8077879038939519,0.7492156588831327,0.0,0.0,0.0,0.0,41000,217088,232e20a,,False,0,bpsk,0.0,rayleigh_block,32,0.1430816650390625,0.1464466094067262,bpsk_rayleigh_block,hdc_linear,k16_radio,1024.0,linear,1.0,hdc_linear
sim_indoor_v1,test_id,pure_hdc,128,128.0,0.0,0,0.0,0,0.7506213753106876,0.688531472857046,0.0,0.0,0.0,0.0,41000,217088,232e20a,,False,0,bpsk,-2.0,rayleigh_block,32,0.1863250732421875,0.18900836834134227,bpsk_rayleigh_block,hdc_linear,k16_radio,1024.0,linear,1.0,hdc_linear
sim_indoor_v1,test_id,pure_hdc,128,128.0,0.00019090777407599314,0,0.0,0,0.9461474730737366,0.919585466533585,0.0,0.0,0.0,0.0,41000,217088,232e20a,,False,0,none,8.0,none,32,0.000152587890625,0.00019090777407599314,matched_ber,hdc_linear,k16_radio,1024.0,linear,1.0,hdc_linear
sim_indoor_v1,test_id,pure_hdc,128,128.0,0.01250081804073755,0,0.0,0,0.9395194697597349,0.9072478176961518,0.0,0.0,0.0,0.0,41000,217088,232e20a,,False,0,none,4.0,none,32,0.0121002197265625,0.01250081804073755,matched_ber,hdc_linear,k16_radio,1024.0,linear,1.0,hdc_linear
sim_indoor_v1,test_id,pure_hdc,128,128.0,0.07864960352514258,0,0.0,0,0.9030654515327258,0.8580000228454528,0.0,0.0,0.0,0.0,41000,217088,232e20a,,False,0,none,0.0,none,32,0.0784149169921875,0.07864960352514258,matched_ber,hdc_linear,k16_radio,1024.0,linear,1.0,hdc_linear
sim_indoor_v1,test_id,pure_hdc,128,128.0,0.13064448852282917,0,0.0,0,0.8260149130074566,0.7691117831737392,0.0,0.0,0.0,0.0,41000,217088,232e20a,,False,0,none,-2.0,none,32,0.130126953125,0.13064448852282917,matched_ber,hdc_linear,k16_radio,1024.0,linear,1.0,hdc_linear
sim_indoor_v1,test_ood,pure_hdc,128,128.0,0.0,0,0.0,0,0.8056704075605434,0.6441129946629445,0.0,0.0,0.0,0.0,41000,217088,232e20a,,False,0,bpsk,8.0,none,32,0.000152587890625,0.00019090777407599314,bpsk_awgn,hdc_linear,k16_radio,1024.0,linear,1.0,hdc_linear
sim_indoor_v1,test_ood,pure_hdc,128,128.0,0.0,0,0.0,0,0.7932663910218547,0.6361783762712331,0.0,0.0,0.0,0.0,41000,217088,232e20a,,False,0,bpsk,4.0,none,32,0.0118255615234375,0.01250081804073755,bpsk_awgn,hdc_linear,k16_radio,1024.0,linear,1.0,hdc_linear
sim_indoor_v1,test_ood,pure_hdc,128,128.0,0.0,0,0.0,0,0.7566450088600118,0.6115417110914705,0.0,0.0,0.0,0.0,41000,217088,232e20a,,False,0,bpsk,0.0,none,32,0.0771026611328125,0.07864960352514258,bpsk_awgn,hdc_linear,k16_radio,1024.0,linear,1.0,hdc_linear
sim_indoor_v1,test_ood,pure_hdc,128,128.0,0.0,0,0.0,0,0.7294743059657413,0.5887216658196067,0.0,0.0,0.0,0.0,41000,217088,232e20a,,False,0,bpsk,-2.0,none,32,0.129364013671875,0.13064448852282917,bpsk_awgn,hdc_linear,k16_radio,1024.0,linear,1.0,hdc_linear
sim_indoor_v1,test_ood,pure_hdc,128,128.0,0.0,0,0.0,0,0.7720023626698169,0.6135314960292547,0.0,0.0,0.0,0.0,41000,217088,232e20a,,False,0,bpsk,8.0,rayleigh_block,32,0.0352020263671875,0.03545906762783807,bpsk_rayleigh_block,hdc_linear,k16_radio,1024.0,linear,1.0,hdc_linear
sim_indoor_v1,test_ood,pure_hdc,128,128.0,0.0,0,0.0,0,0.7536916715888955,0.6066100257481992,0.0,0.0,0.0,0.0,41000,217088,232e20a,,False,0,bpsk,4.0,rayleigh_block,32,0.0753021240234375,0.07713691605639106,bpsk_rayleigh_block,hdc_linear,k16_radio,1024.0,linear,1.0,hdc_linear
sim_indoor_v1,test_ood,pure_hdc,128,128.0,0.0,0,0.0,0,0.6839929119905493,0.5462787107861382,0.0,0.0,0.0,0.0,41000,217088,232e20a,,False,0,bpsk,0.0,rayleigh_block,32,0.1468658447265625,0.1464466094067262,bpsk_rayleigh_block,hdc_linear,k16_radio,1024.0,linear,1.0,hdc_linear
sim_indoor_v1,test_ood,pure_hdc,128,128.0,0.0,0,0.0,0,0.642055522740697,0.5115936120991033,0.0,0.0,0.0,0.0,41000,217088,232e20a,,False,0,bpsk,-2.0,rayleigh_block,32,0.189727783203125,0.18900836834134227,bpsk_rayleigh_block,hdc_linear,k16_radio,1024.0,linear,1.0,hdc_linear
sim_indoor_v1,test_ood,pure_hdc,128,128.0,0.00019090777407599314,0,0.0,0,0.8038984051978736,0.6426100020986534,0.0,0.0,0.0,0.0,41000,217088,232e20a,,False,0,none,8.0,none,32,0.000152587890625,0.00019090777407599314,matched_ber,hdc_linear,k16_radio,1024.0,linear,1.0,hdc_linear
sim_indoor_v1,test_ood,pure_hdc,128,128.0,0.01250081804073755,0,0.0,0,0.7909037212049616,0.6290473591167529,0.0,0.0,0.0,0.0,41000,217088,232e20a,,False,0,none,4.0,none,32,0.0121002197265625,0.01250081804073755,matched_ber,hdc_linear,k16_radio,1024.0,linear,1.0,hdc_linear
sim_indoor_v1,test_ood,pure_hdc,128,128.0,0.07864960352514258,0,0.0,0,0.7631423508564678,0.6074207502749938,0.0,0.0,0.0,0.0,41000,217088,232e20a,,False,0,none,0.0,none,32,0.0784149169921875,0.07864960352514258,matched_ber,hdc_linear,k16_radio,1024.0,linear,1.0,hdc_linear
sim_indoor_v1,test_ood,pure_hdc,128,128.0,0.13064448852282917,0,0.0,0,0.70939161252215,0.5685232881323783,0.0,0.0,0.0,0.0,41000,217088,232e20a,,False,0,none,-2.0,none,32,0.130126953125,0.13064448852282917,matched_ber,hdc_linear,k16_radio,1024.0,linear,1.0,hdc_linear
sim_indoor_v1,test_id,quantized,512,188.0,0.0,0,0.0,0,0.7381938690969345,0.6340064965096708,0.0,0.0,0.0,0.0,3620,0,232e20a,180.0,False,0,bpsk,8.0,none,32,0.00014544547872340425,0.00019090777407599314,bpsk_awgn,quantized,k16_radio,,,,quantized
sim_indoor_v1,test_id,quantized,512,188.0,0.0,0,0.0,0,0.5526097763048882,0.4799458788124441,0.0,0.0,0.0,0.0,3620,0,232e20a,180.0,False,0,bpsk,4.0,none,32,0.012591422872340427,0.01250081804073755,bpsk_awgn,quantized,k16_radio,,,,quantized
sim_indoor_v1,test_id,quantized,512,188.0,0.0,0,0.0,0,0.29328914664457334,0.26751656077030067,0.0,0.0,0.0,0.0,3620,0,232e20a,180.0,False,0,bpsk,0.0,none,32,0.07925739694148937,0.07864960352514258,bpsk_awgn,quantized,k16_radio,,,,quantized
sim_indoor_v1,test_id,quantized,512,188.0,0.0,0,0.0,0,0.251864125932063,0.22548829926797373,0.0,0.0,0.0,0.0,3620,0,232e20a,180.0,False,0,bpsk,-2.0,none,32,0.1324281083776596,0.13064448852282917,bpsk_awgn,quantized,k16_radio,,,,quantized
sim_indoor_v1,test_id,quantized,512,188.0,0.0,0,0.0,0,0.4631317315658658,0.40834063033618156,0.0,0.0,0.0,0.0,3620,0,232e20a,180.0,False,0,bpsk,8.0,rayleigh_block,32,0.035551030585106384,0.03545906762783807,bpsk_rayleigh_block,quantized,k16_radio,,,,quantized
sim_indoor_v1,test_id,quantized,512,188.0,0.0,0,0.0,0,0.347970173985087,0.3156460416988993,0.0,0.0,0.0,0.0,3620,0,232e20a,180.0,False,0,bpsk,4.0,rayleigh_block,32,0.07645237699468085,0.07713691605639106,bpsk_rayleigh_block,quantized,k16_radio,,,,quantized
sim_indoor_v1,test_id,quantized,512,188.0,0.0,0,0.0,0,0.2618061309030654,0.23653261980671414,0.0,0.0,0.0,0.0,3620,0,232e20a,180.0,False,0,bpsk,0.0,rayleigh_block,32,0.14332613031914893,0.1464466094067262,bpsk_rayleigh_block,quantized,k16_radio,,,,quantized
sim_indoor_v1,test_id,quantized,512,188.0,0.0,0,0.0,0,0.22866611433305717,0.1991190704589673,0.0,0.0,0.0,0.0,3620,0,232e20a,180.0,False,0,bpsk,-2.0,rayleigh_block,32,0.18512092752659576,0.18900836834134227,bpsk_rayleigh_block,quantized,k16_radio,,,,quantized
sim_indoor_v1,test_id,quantized,512,188.0,0.00019090777407599314,0,0.0,0,0.7431648715824358,0.6407163580539594,0.0,0.0,0.0,0.0,3620,0,232e20a,180.0,False,0,none,8.0,none,32,0.0001350565159574468,0.00019090777407599314,matched_ber,quantized,k16_radio,,,,quantized
sim_indoor_v1,test_id,quantized,512,188.0,0.01250081804073755,0,0.0,0,0.5434962717481359,0.46896377264562883,0.0,0.0,0.0,0.0,3620,0,232e20a,180.0,False,0,none,4.0,none,32,0.01216547539893617,0.01250081804073755,matched_ber,quantized,k16_radio,,,,quantized
sim_indoor_v1,test_id,quantized,512,188.0,0.07864960352514258,0,0.0,0,0.3106876553438277,0.2846226111606095,0.0,0.0,0.0,0.0,3620,0,232e20a,180.0,False,0,none,0.0,none,32,0.07807305518617022,0.07864960352514258,matched_ber,quantized,k16_radio,,,,quantized
sim_indoor_v1,test_id,quantized,512,188.0,0.13064448852282917,0,0.0,0,0.24606462303231152,0.2215321366080715,0.0,0.0,0.0,0.0,3620,0,232e20a,180.0,False,0,none,-2.0,none,32,0.12994514627659576,0.13064448852282917,matched_ber,quantized,k16_radio,,,,quantized
sim_indoor_v1,test_ood,quantized,512,188.0,0.0,0,0.0,0,0.7466036621382162,0.6040522581676465,0.0,0.0,0.0,0.0,3620,0,232e20a,180.0,False,0,bpsk,8.0,none,32,0.0001350565159574468,0.00019090777407599314,bpsk_awgn,quantized,k16_radio,,,,quantized
sim_indoor_v1,test_ood,quantized,512,188.0,0.0,0,0.0,0,0.5977554636739516,0.48931225154105185,0.0,0.0,0.0,0.0,3620,0,232e20a,180.0,False,0,bpsk,4.0,none,32,0.01232130984042553,0.01250081804073755,bpsk_awgn,quantized,k16_radio,,,,quantized
sim_indoor_v1,test_ood,quantized,512,188.0,0.0,0,0.0,0,0.3922031896042528,0.31468894104007294,0.0,0.0,0.0,0.0,3620,0,232e20a,180.0,False,0,bpsk,0.0,none,32,0.07873794880319149,0.07864960352514258,bpsk_awgn,quantized,k16_radio,,,,quantized
sim_indoor_v1,test_ood,quantized,512,188.0,0.0,0,0.0,0,0.34022445363260484,0.2596185003816954,0.0,0.0,0.0,0.0,3620,0,232e20a,180.0,False,0,bpsk,-2.0,none,32,0.13104637632978722,0.13064448852282917,bpsk_awgn,quantized,k16_radio,,,,quantized
sim_indoor_v1,test_ood,quantized,512,188.0,0.0,0,0.0,0,0.5020673360897815,0.4192921663615198,0.0,0.0,0.0,0.0,3620,0,232e20a,180.0,False,0,bpsk,8.0,rayleigh_block,32,0.03370179521276596,0.03545906762783807,bpsk_rayleigh_block,quantized,k16_radio,,,,quantized
sim_indoor_v1,test_ood,quantized,512,188.0,0.0,0,0.0,0,0.4122858830478441,0.342116650264882,0.0,0.0,0.0,0.0,3620,0,232e20a,180.0,False,0,bpsk,4.0,rayleigh_block,32,0.07528881316489361,0.07713691605639106,bpsk_rayleigh_block,quantized,k16_radio,,,,quantized
sim_indoor_v1,test_ood,quantized,512,188.0,0.0,0,0.0,0,0.3419964559952747,0.26863063348248806,0.0,0.0,0.0,0.0,3620,0,232e20a,180.0,False,0,bpsk,0.0,rayleigh_block,32,0.14532081117021278,0.1464466094067262,bpsk_rayleigh_block,quantized,k16_radio,,,,quantized
sim_indoor_v1,test_ood,quantized,512,188.0,0.0,0,0.0,0,0.32132309509746015,0.24806828615821724,0.0,0.0,0.0,0.0,3620,0,232e20a,180.0,False,0,bpsk,-2.0,rayleigh_block,32,0.18850772938829788,0.18900836834134227,bpsk_rayleigh_block,quantized,k16_radio,,,,quantized
sim_indoor_v1,test_ood,quantized,512,188.0,0.00019090777407599314,0,0.0,0,0.7471943295924395,0.6030138093962519,0.0,0.0,0.0,0.0,3620,0,232e20a,180.0,False,0,none,8.0,none,32,0.0001350565159574468,0.00019090777407599314,matched_ber,quantized,k16_radio,,,,quantized
sim_indoor_v1,test_ood,quantized,512,188.0,0.01250081804073755,0,0.0,0,0.5741287655050207,0.47884927014239304,0.0,0.0,0.0,0.0,3620,0,232e20a,180.0,False,0,none,4.0,none,32,0.01216547539893617,0.01250081804073755,matched_ber,quantized,k16_radio,,,,quantized
sim_indoor_v1,test_ood,quantized,512,188.0,0.07864960352514258,0,0.0,0,0.41051388068517425,0.3364259728948859,0.0,0.0,0.0,0.0,3620,0,232e20a,180.0,False,0,none,0.0,none,32,0.07807305518617022,0.07864960352514258,matched_ber,quantized,k16_radio,,,,quantized
sim_indoor_v1,test_ood,quantized,512,188.0,0.13064448852282917,0,0.0,0,0.35085646780862373,0.2713074567264096,0.0,0.0,0.0,0.0,3620,0,232e20a,180.0,False,0,none,-2.0,none,32,0.12994514627659576,0.13064448852282917,matched_ber,quantized,k16_radio,,,,quantized
sim_indoor_v1,test_id,binary_hash,512,512.0,0.0,0,0.0,0,0.9154929577464789,0.8669178078068697,0.0,0.0,0.0,0.0,81940,2949120,232e20a,,False,0,bpsk,8.0,none,32,0.000186920166015625,0.00019090777407599314,bpsk_awgn,binary_hash,k16_radio,4096.0,,,binary_hash
sim_indoor_v1,test_id,binary_hash,512,512.0,0.0,0,0.0,0,0.9014084507042254,0.8537702527023491,0.0,0.0,0.0,0.0,81940,2949120,232e20a,,False,0,bpsk,4.0,none,32,0.01244354248046875,0.01250081804073755,bpsk_awgn,binary_hash,k16_radio,4096.0,,,binary_hash
sim_indoor_v1,test_id,binary_hash,512,512.0,0.0,0,0.0,0,0.8649544324772163,0.8054199232811982,0.0,0.0,0.0,0.0,81940,2949120,232e20a,,False,0,bpsk,0.0,none,32,0.0781402587890625,0.07864960352514258,bpsk_awgn,binary_hash,k16_radio,4096.0,,,binary_hash
sim_indoor_v1,test_id,binary_hash,512,512.0,0.0,0,0.0,0,0.831814415907208,0.7715387470919983,0.0,0.0,0.0,0.0,81940,2949120,232e20a,,False,0,bpsk,-2.0,none,32,0.1308135986328125,0.13064448852282917,bpsk_awgn,binary_hash,k16_radio,4096.0,,,binary_hash
sim_indoor_v1,test_id,binary_hash,512,512.0,0.0,0,0.0,0,0.9014084507042254,0.8512233976198385,0.0,0.0,0.0,0.0,81940,2949120,232e20a,,False,0,bpsk,8.0,rayleigh_block,32,0.036106109619140625,0.03545906762783807,bpsk_rayleigh_block,binary_hash,k16_radio,4096.0,,,binary_hash
sim_indoor_v1,test_id,binary_hash,512,512.0,0.0,0,0.0,0,0.8550124275062138,0.7945450948111622,0.0,0.0,0.0,0.0,81940,2949120,232e20a,,False,0,bpsk,4.0,rayleigh_block,32,0.07862091064453125,0.07713691605639106,bpsk_rayleigh_block,binary_hash,k16_radio,4096.0,,,binary_hash
sim_indoor_v1,test_id,binary_hash,512,512.0,0.0,0,0.0,0,0.8003314001657,0.7411290807093334,0.0,0.0,0.0,0.0,81940,2949120,232e20a,,False,0,bpsk,0.0,rayleigh_block,32,0.14913177490234375,0.1464466094067262,bpsk_rayleigh_block,binary_hash,k16_radio,4096.0,,,binary_hash
sim_indoor_v1,test_id,binary_hash,512,512.0,0.0,0,0.0,0,0.7572493786246893,0.6826908809415441,0.0,0.0,0.0,0.0,81940,2949120,232e20a,,False,0,bpsk,-2.0,rayleigh_block,32,0.19153976440429688,0.18900836834134227,bpsk_rayleigh_block,binary_hash,k16_radio,4096.0,,,binary_hash
sim_indoor_v1,test_id,binary_hash,512,512.0,0.00019090777407599314,0,0.0,0,0.9138359569179785,0.8649815708343749,0.0,0.0,0.0,0.0,81940,2949120,232e20a,,False,0,none,8.0,none,32,0.00017547607421875,0.00019090777407599314,matched_ber,binary_hash,k16_radio,4096.0,,,binary_hash
sim_indoor_v1,test_id,binary_hash,512,512.0,0.01250081804073755,0,0.0,0,0.9072079536039768,0.8682222682906847,0.0,0.0,0.0,0.0,81940,2949120,232e20a,,False,0,none,4.0,none,32,0.01256561279296875,0.01250081804073755,matched_ber,binary_hash,k16_radio,4096.0,,,binary_hash
sim_indoor_v1,test_id,binary_hash,512,512.0,0.07864960352514258,0,0.0,0,0.8649544324772163,0.8029747712620106,0.0,0.0,0.0,0.0,81940,2949120,232e20a,,False,0,none,0.0,none,32,0.07827377319335938,0.07864960352514258,matched_ber,binary_hash,k16_radio,4096.0,,,binary_hash
sim_indoor_v1,test_id,binary_hash,512,512.0,0.13064448852282917,0,0.0,0,0.8003314001657,0.7274897434077469,0.0,0.0,0.0,0.0,81940,2949120,232e20a,,False,0,none,-2.0,none,32,0.1301422119140625,0.13064448852282917,matched_ber,binary_hash,k16_radio,4096.0,,,binary_hash
sim_indoor_v1,test_ood,binary_hash,512,512.0,0.0,0,0.0,0,0.6213821618428824,0.532768681071573,0.0,0.0,0.0,0.0,81940,2949120,232e20a,,False,0,bpsk,8.0,none,32,0.000171661376953125,0.00019090777407599314,bpsk_awgn,binary_hash,k16_radio,4096.0,,,binary_hash
sim_indoor_v1,test_ood,binary_hash,512,512.0,0.0,0,0.0,0,0.61193148257531,0.534721316517657,0.0,0.0,0.0,0.0,81940,2949120,232e20a,,False,0,bpsk,4.0,none,32,0.012454986572265625,0.01250081804073755,bpsk_awgn,binary_hash,k16_radio,4096.0,,,binary_hash
sim_indoor_v1,test_ood,binary_hash,512,512.0,0.0,0,0.0,0,0.5971647962197283,0.5301941682132025,0.0,0.0,0.0,0.0,81940,2949120,232e20a,,False,0,bpsk,0.0,none,32,0.07835769653320312,0.07864960352514258,bpsk_awgn,binary_hash,k16_radio,4096.0,,,binary_hash
sim_indoor_v1,test_ood,binary_hash,512,512.0,0.0,0,0.0,0,0.5753101004134672,0.5166640317054424,0.0,0.0,0.0,0.0,81940,2949120,232e20a,,False,0,bpsk,-2.0,none,32,0.130645751953125,0.13064448852282917,bpsk_awgn,binary_hash,k16_radio,4096.0,,,binary_hash
sim_indoor_v1,test_ood,binary_hash,512,512.0,0.0,0,0.0,0,0.6142941523922032,0.5384946190071763,0.0,0.0,0.0,0.0,81940,2949120,232e20a,,False,0,bpsk,8.0,rayleigh_block,32,0.0362701416015625,0.03545906762783807,bpsk_rayleigh_block,binary_hash,k16_radio,4096.0,,,binary_hash
sim_indoor_v1,test_ood,binary_hash,512,512.0,0.0,0,0.0,0,0.5900767867690491,0.5185467832139752,0.0,0.0,0.0,0.0,81940,2949120,232e20a,,False,0,bpsk,4.0,rayleigh_block,32,0.07755661010742188,0.07713691605639106,bpsk_rayleigh_block,binary_hash,k16_radio,4096.0,,,binary_hash
sim_indoor_v1,test_ood,binary_hash,512,512.0,0.0,0,0.0,0,0.5392793857058477,0.4729214350495317,0.0,0.0,0.0,0.0,81940,2949120,232e20a,,False,0,bpsk,0.0,rayleigh_block,32,0.1468963623046875,0.1464466094067262,bpsk_rayleigh_block,binary_hash,k16_radio,4096.0,,,binary_hash
sim_indoor_v1,test_ood,binary_hash,512,512.0,0.0,0,0.0,0,0.5121086828115771,0.46104605329059556,0.0,0.0,0.0,0.0,81940,2949120,232e20a,,False,0,bpsk,-2.0,rayleigh_block,32,0.189361572265625,0.18900836834134227,bpsk_rayleigh_block,binary_hash,k16_radio,4096.0,,,binary_hash
sim_indoor_v1,test_ood,binary_hash,512,512.0,0.00019090777407599314,0,0.0,0,0.6237448316597756,0.5392011918295657,0.0,0.0,0.0,0.0,81940,2949120,232e20a,,False,0,none,8.0,none,32,0.00017547607421875,0.00019090777407599314,matched_ber,binary_hash,k16_radio,4096.0,,,binary_hash
sim_indoor_v1,test_ood,binary_hash,512,512.0,0.01250081804073755,0,0.0,0,0.6190194920259894,0.5331483377947313,0.0,0.0,0.0,0.0,81940,2949120,232e20a,,False,0,none,4.0,none,32,0.01256561279296875,0.01250081804073755,matched_ber,binary_hash,k16_radio,4096.0,,,binary_hash
sim_indoor_v1,test_ood,binary_hash,512,512.0,0.07864960352514258,0,0.0,0,0.5936207914943886,0.5134235532524226,0.0,0.0,0.0,0.0,81940,2949120,232e20a,,False,0,none,0.0,none,32,0.07827377319335938,0.07864960352514258,matched_ber,binary_hash,k16_radio,4096.0,,,binary_hash
sim_indoor_v1,test_ood,binary_hash,512,512.0,0.13064448852282917,0,0.0,0,0.5581807442409923,0.48435818422621446,0.0,0.0,0.0,0.0,81940,2949120,232e20a,,False,0,none,-2.0,none,32,0.1301422119140625,0.13064448852282917,matched_ber,binary_hash,k16_radio,4096.0,,,binary_hash
sim_indoor_v1,test_id,pure_hdc,512,512.0,0.0,0,0.0,0,0.7290803645401823,0.6632608836837786,0.0,0.0,0.0,0.0,81940,868352,232e20a,,False,0,bpsk,8.0,none,32,0.0001983642578125,0.00019090777407599314,bpsk_awgn,hdc_k1,k16_radio,4096.0,prototype,1.0,hdc_k1
sim_indoor_v1,test_id,pure_hdc,512,512.0,0.0,0,0.0,0,0.7216238608119304,0.6538964083883185,0.0,0.0,0.0,0.0,81940,868352,232e20a,,False,0,bpsk,4.0,none,32,0.01255035400390625,0.01250081804073755,bpsk_awgn,hdc_k1,k16_radio,4096.0,prototype,1.0,hdc_k1
sim_indoor_v1,test_id,pure_hdc,512,512.0,0.0,0,0.0,0,0.7257663628831814,0.6575645701841359,0.0,0.0,0.0,0.0,81940,868352,232e20a,,False,0,bpsk,0.0,none,32,0.07839202880859375,0.07864960352514258,bpsk_awgn,hdc_k1,k16_radio,4096.0,prototype,1.0,hdc_k1
sim_indoor_v1,test_id,pure_hdc,512,512.0,0.0,0,0.0,0,0.7274233637116818,0.6591103235583711,0.0,0.0,0.0,0.0,81940,868352,232e20a,,False,0,bpsk,-2.0,none,32,0.13013076782226562,0.13064448852282917,bpsk_awgn,hdc_k1,k16_radio,4096.0,prototype,1.0,hdc_k1
sim_indoor_v1,test_id,pure_hdc,512,512.0,0.0,0,0.0,0,0.728251864125932,0.6609774627962124,0.0,0.0,0.0,0.0,81940,868352,232e20a,,False,0,bpsk,8.0,rayleigh_block,32,0.036472320556640625,0.03545906762783807,bpsk_rayleigh_block,hdc_k1,k16_radio,4096.0,prototype,1.0,hdc_k1
sim_indoor_v1,test_id,pure_hdc,512,512.0,0.0,0,0.0,0,0.7257663628831814,0.6561303941699934,0.0,0.0,0.0,0.0,81940,868352,232e20a,,False,0,bpsk,4.0,rayleigh_block,32,0.07915115356445312,0.07713691605639106,bpsk_rayleigh_block,hdc_k1,k16_radio,4096.0,prototype,1.0,hdc_k1
sim_indoor_v1,test_id,pure_hdc,512,512.0,0.0,0,0.0,0,0.7274233637116818,0.6595199999835412,0.0,0.0,0.0,0.0,81940,868352,232e20a,,False,0,bpsk,0.0,rayleigh_block,32,0.14948272705078125,0.1464466094067262,bpsk_rayleigh_block,hdc_k1,k16_radio,4096.0,prototype,1.0,hdc_k1
sim_indoor_v1,test_id,pure_hdc,512,512.0,0.0,0,0.0,0,0.7216238608119304,0.6552242396858358,0.0,0.0,0.0,0.0,81940,868352,232e20a,,False,0,bpsk,-2.0,rayleigh_block,32,0.19206619262695312,0.18900836834134227,bpsk_rayleigh_block,hdc_k1,k16_radio,4096.0,prototype,1.0,hdc_k1
sim_indoor_v1,test_id,pure_hdc,512,512.0,0.00019090777407599314,0,0.0,0,0.7290803645401823,0.6632608836837786,0.0,0.0,0.0,0.0,81940,868352,232e20a,,False,0,none,8.0,none,32,0.00017547607421875,0.00019090777407599314,matched_ber,hdc_k1,k16_radio,4096.0,prototype,1.0,hdc_k1
sim_indoor_v1,test_id,pure_hdc,512,512.0,0.01250081804073755,0,0.0,0,0.7265948632974316,0.6599649927290191,0.0,0.0,0.0,0.0,81940,868352,232e20a,,False,0,none,4.0,none,32,0.01256561279296875,0.01250081804073755,matched_ber,hdc_k1,k16_radio,4096.0,prototype,1.0,hdc_k1
sim_indoor_v1,test_id,pure_hdc,512,512.0,0.07864960352514258,0,0.0,0,0.7274233637116818,0.6590724629426398,0.0,0.0,0.0,0.0,81940,868352,232e20a,,False,0,none,0.0,none,32,0.07827377319335938,0.07864960352514258,matched_ber,hdc_k1,k16_radio,4096.0,prototype,1.0,hdc_k1
sim_indoor_v1,test_id,pure_hdc,512,512.0,0.13064448852282917,0,0.0,0,0.7307373653686827,0.659254539565963,0.0,0.0,0.0,0.0,81940,868352,232e20a,,False,0,none,-2.0,none,32,0.1301422119140625,0.13064448852282917,matched_ber,hdc_k1,k16_radio,4096.0,prototype,1.0,hdc_k1
sim_indoor_v1,test_ood,pure_hdc,512,512.0,0.0,0,0.0,0,0.7217956290608387,0.6123345363951522,0.0,0.0,0.0,0.0,81940,868352,232e20a,,False,0,bpsk,8.0,none,32,0.000213623046875,0.00019090777407599314,bpsk_awgn,hdc_k1,k16_radio,4096.0,prototype,1.0,hdc_k1
sim_indoor_v1,test_ood,pure_hdc,512,512.0,0.0,0,0.0,0,0.7235676314235086,0.6147921174676174,0.0,0.0,0.0,0.0,81940,868352,232e20a,,False,0,bpsk,4.0,none,32,0.01241302490234375,0.01250081804073755,bpsk_awgn,hdc_k1,k16_radio,4096.0,prototype,1.0,hdc_k1
sim_indoor_v1,test_ood,pure_hdc,512,512.0,0.0,0,0.0,0,0.7194329592439457,0.6113465594432927,0.0,0.0,0.0,0.0,81940,868352,232e20a,,False,0,bpsk,0.0,none,32,0.07879638671875,0.07864960352514258,bpsk_awgn,hdc_k1,k16_radio,4096.0,prototype,1.0,hdc_k1
sim_indoor_v1,test_ood,pure_hdc,512,512.0,0.0,0,0.0,0,0.7188422917897224,0.6127832949702126,0.0,0.0,0.0,0.0,81940,868352,232e20a,,False,0,bpsk,-2.0,none,32,0.13040924072265625,0.13064448852282917,bpsk_awgn,hdc_k1,k16_radio,4096.0,prototype,1.0,hdc_k1
sim_indoor_v1,test_ood,pure_hdc,512,512.0,0.0,0,0.0,0,0.7241582988777319,0.6146762097928617,0.0,0.0,0.0,0.0,81940,868352,232e20a,,False,0,bpsk,8.0,rayleigh_block,32,0.036529541015625,0.03545906762783807,bpsk_rayleigh_block,hdc_k1,k16_radio,4096.0,prototype,1.0,hdc_k1
sim_indoor_v1,test_ood,pure_hdc,512,512.0,0.0,0,0.0,0,0.7194329592439457,0.6081708137879566,0.0,0.0,0.0,0.0,81940,868352,232e20a,,False,0,bpsk,4.0,rayleigh_block,32,0.07784271240234375,0.07713691605639106,bpsk_rayleigh_block,hdc_k1,k16_radio,4096.0,prototype,1.0,hdc_k1
sim_indoor_v1,test_ood,pure_hdc,512,512.0,0.0,0,0.0,0,0.7188422917897224,0.609158914168684,0.0,0.0,0.0,0.0,81940,868352,232e20a,,False,0,bpsk,0.0,rayleigh_block,32,0.1466522216796875,0.1464466094067262,bpsk_rayleigh_block,hdc_k1,k16_radio,4096.0,prototype,1.0,hdc_k1
sim_indoor_v1,test_ood,pure_hdc,512,512.0,0.0,0,0.0,0,0.7088009450679268,0.6003931256945717,0.0,0.0,0.0,0.0,81940,868352,232e20a,,False,0,bpsk,-2.0,rayleigh_block,32,0.18946456909179688,0.18900836834134227,bpsk_rayleigh_block,hdc_k1,k16_radio,4096.0,prototype,1.0,hdc_k1
sim_indoor_v1,test_ood,pure_hdc,512,512.0,0.00019090777407599314,0,0.0,0,0.7217956290608387,0.6122737664920829,0.0,0.0,0.0,0.0,81940,868352,232e20a,,False,0,none,8.0,none,32,0.00017547607421875,0.00019090777407599314,matched_ber,hdc_k1,k16_radio,4096.0,prototype,1.0,hdc_k1
sim_indoor_v1,test_ood,pure_hdc,512,512.0,0.01250081804073755,0,0.0,0,0.7212049616066155,0.6111725511589923,0.0,0.0,0.0,0.0,81940,868352,232e20a,,False,0,none,4.0,none,32,0.01256561279296875,0.01250081804073755,matched_ber,hdc_k1,k16_radio,4096.0,prototype,1.0,hdc_k1
sim_indoor_v1,test_ood,pure_hdc,512,512.0,0.07864960352514258,0,0.0,0,0.7129356172474897,0.6028503636509445,0.0,0.0,0.0,0.0,81940,868352,232e20a,,False,0,none,0.0,none,32,0.07827377319335938,0.07864960352514258,matched_ber,hdc_k1,k16_radio,4096.0,prototype,1.0,hdc_k1
sim_indoor_v1,test_ood,pure_hdc,512,512.0,0.13064448852282917,0,0.0,0,0.7182516243354992,0.6052552652284717,0.0,0.0,0.0,0.0,81940,868352,232e20a,,False,0,none,-2.0,none,32,0.1301422119140625,0.13064448852282917,matched_ber,hdc_k1,k16_radio,4096.0,prototype,1.0,hdc_k1
sim_indoor_v1,test_id,pure_hdc,512,512.0,0.0,0,0.0,0,0.9577464788732394,0.9303367793652747,0.0,0.0,0.0,0.0,1311040,868352,232e20a,,False,0,bpsk,8.0,none,32,0.0001983642578125,0.00019090777407599314,bpsk_awgn,hdc_k16,k16_radio,4096.0,prototype,16.0,hdc_k16
sim_indoor_v1,test_id,pure_hdc,512,512.0,0.0,0,0.0,0,0.9569179784589892,0.9289533315141391,0.0,0.0,0.0,0.0,1311040,868352,232e20a,,False,0,bpsk,4.0,none,32,0.01255035400390625,0.01250081804073755,bpsk_awgn,hdc_k16,k16_radio,4096.0,prototype,16.0,hdc_k16
sim_indoor_v1,test_id,pure_hdc,512,512.0,0.0,0,0.0,0,0.9569179784589892,0.9294578888889692,0.0,0.0,0.0,0.0,1311040,868352,232e20a,,False,0,bpsk,0.0,none,32,0.07839202880859375,0.07864960352514258,bpsk_awgn,hdc_k16,k16_radio,4096.0,prototype,16.0,hdc_k16
sim_indoor_v1,test_id,pure_hdc,512,512.0,0.0,0,0.0,0,0.9577464788732394,0.9313487851420366,0.0,0.0,0.0,0.0,1311040,868352,232e20a,,False,0,bpsk,-2.0,none,32,0.13013076782226562,0.13064448852282917,bpsk_awgn,hdc_k16,k16_radio,4096.0,prototype,16.0,hdc_k16
sim_indoor_v1,test_id,pure_hdc,512,512.0,0.0,0,0.0,0,0.956089478044739,0.9275665006743115,0.0,0.0,0.0,0.0,1311040,868352,232e20a,,False,0,bpsk,8.0,rayleigh_block,32,0.036472320556640625,0.03545906762783807,bpsk_rayleigh_block,hdc_k16,k16_radio,4096.0,prototype,16.0,hdc_k16
sim_indoor_v1,test_id,pure_hdc,512,512.0,0.0,0,0.0,0,0.9577464788732394,0.930333038428604,0.0,0.0,0.0,0.0,1311040,868352,232e20a,,False,0,bpsk,4.0,rayleigh_block,32,0.07915115356445312,0.07713691605639106,bpsk_rayleigh_block,hdc_k16,k16_radio,4096.0,prototype,16.0,hdc_k16
sim_indoor_v1,test_id,pure_hdc,512,512.0,0.0,0,0.0,0,0.9527754763877382,0.923329423890278,0.0,0.0,0.0,0.0,1311040,868352,232e20a,,False,0,bpsk,0.0,rayleigh_block,32,0.14948272705078125,0.1464466094067262,bpsk_rayleigh_block,hdc_k16,k16_radio,4096.0,prototype,16.0,hdc_k16
sim_indoor_v1,test_id,pure_hdc,512,512.0,0.0,0,0.0,0,0.9527754763877382,0.9227780410223216,0.0,0.0,0.0,0.0,1311040,868352,232e20a,,False,0,bpsk,-2.0,rayleigh_block,32,0.19206619262695312,0.18900836834134227,bpsk_rayleigh_block,hdc_k16,k16_radio,4096.0,prototype,16.0,hdc_k16
sim_indoor_v1,test_id,pure_hdc,512,512.0,0.00019090777407599314,0,0.0,0,0.9577464788732394,0.9303367793652747,0.0,0.0,0.0,0.0,1311040,868352,232e20a,,False,0,none,8.0,none,32,0.00017547607421875,0.00019090777407599314,matched_ber,hdc_k16,k16_radio,4096.0,prototype,16.0,hdc_k16
sim_indoor_v1,test_id,pure_hdc,512,512.0,0.01250081804073755,0,0.0,0,0.9585749792874897,0.9327071643413671,0.0,0.0,0.0,0.0,1311040,868352,232e20a,,False,0,none,4.0,none,32,0.01256561279296875,0.01250081804073755,matched_ber,hdc_k16,k16_radio,4096.0,prototype,16.0,hdc_k16
sim_indoor_v1,test_id,pure_hdc,512,512.0,0.07864960352514258,0,0.0,0,0.9544324772162386,0.9246900349642854,0.0,0.0,0.0,0.0,1311040,868352,232e20a,,False,0,none,0.0,none,32,0.07827377319335938,0.07864960352514258,matched_ber,hdc_k16,k16_radio,4096.0,prototype,16.0,hdc_k16
sim_indoor_v1,test_id,pure_hdc,512,512.0,0.13064448852282917,0,0.0,0,0.951946975973488,0.9206648468652994,0.0,0.0,0.0,0.0,1311040,868352,232e20a,,False,0,none,-2.0,none,32,0.1301422119140625,0.13064448852282917,matched_ber,hdc_k16,k16_radio,4096.0,prototype,16.0,hdc_k16
sim_indoor_v1,test_ood,pure_hdc,512,512.0,0.0,0,0.0,0,0.8470171293561725,0.7016124272953024,0.0,0.0,0.0,0.0,1311040,868352,232e20a,,False,0,bpsk,8.0,none,32,0.000213623046875,0.00019090777407599314,bpsk_awgn,hdc_k16,k16_radio,4096.0,prototype,16.0,hdc_k16
sim_indoor_v1,test_ood,pure_hdc,512,512.0,0.0,0,0.0,0,0.8511518015357353,0.7078585029724926,0.0,0.0,0.0,0.0,1311040,868352,232e20a,,False,0,bpsk,4.0,none,32,0.01241302490234375,0.01250081804073755,bpsk_awgn,hdc_k16,k16_radio,4096.0,prototype,16.0,hdc_k16
sim_indoor_v1,test_ood,pure_hdc,512,512.0,0.0,0,0.0,0,0.8422917897223863,0.6969266528915938,0.0,0.0,0.0,0.0,1311040,868352,232e20a,,False,0,bpsk,0.0,none,32,0.07879638671875,0.07864960352514258,bpsk_awgn,hdc_k16,k16_radio,4096.0,prototype,16.0,hdc_k16
sim_indoor_v1,test_ood,pure_hdc,512,512.0,0.0,0,0.0,0,0.8417011222681631,0.7008225865564596,0.0,0.0,0.0,0.0,1311040,868352,232e20a,,False,0,bpsk,-2.0,none,32,0.13040924072265625,0.13064448852282917,bpsk_awgn,hdc_k16,k16_radio,4096.0,prototype,16.0,hdc_k16
sim_indoor_v1,test_ood,pure_hdc,512,512.0,0.0,0,0.0,0,0.8505611340815121,0.7068473027601592,0.0,0.0,0.0,0.0,1311040,868352,232e20a,,False,0,bpsk,8.0,rayleigh_block,32,0.036529541015625,0.03545906762783807,bpsk_rayleigh_block,hdc_k16,k16_radio,4096.0,prototype,16.0,hdc_k16
sim_indoor_v1,test_ood,pure_hdc,512,512.0,0.0,0,0.0,0,0.8476077968103958,0.7057730583871124,0.0,0.0,0.0,0.0,1311040,868352,232e20a,,False,0,bpsk,4.0,rayleigh_block,32,0.07784271240234375,0.07713691605639106,bpsk_rayleigh_block,hdc_k16,k16_radio,4096.0,prototype,16.0,hdc_k16
sim_indoor_v1,test_ood,pure_hdc,512,512.0,0.0,0,0.0,0,0.8440637920850561,0.7035571731834116,0.0,0.0,0.0,0.0,1311040,868352,232e20a,,False,0,bpsk,0.0,rayleigh_block,32,0.1466522216796875,0.1464466094067262,bpsk_rayleigh_block,hdc_k16,k16_radio,4096.0,prototype,16.0,hdc_k16
sim_indoor_v1,test_ood,pure_hdc,512,512.0,0.0,0,0.0,0,0.8375664500886001,0.6956946549301484,0.0,0.0,0.0,0.0,1311040,868352,232e20a,,False,0,bpsk,-2.0,rayleigh_block,32,0.18946456909179688,0.18900836834134227,bpsk_rayleigh_block,hdc_k16,k16_radio,4096.0,prototype,16.0,hdc_k16
sim_indoor_v1,test_ood,pure_hdc,512,512.0,0.00019090777407599314,0,0.0,0,0.8476077968103958,0.7021949090745319,0.0,0.0,0.0,0.0,1311040,868352,232e20a,,False,0,none,8.0,none,32,0.00017547607421875,0.00019090777407599314,matched_ber,hdc_k16,k16_radio,4096.0,prototype,16.0,hdc_k16
sim_indoor_v1,test_ood,pure_hdc,512,512.0,0.01250081804073755,0,0.0,0,0.8476077968103958,0.7029869606233371,0.0,0.0,0.0,0.0,1311040,868352,232e20a,,False,0,none,4.0,none,32,0.01256561279296875,0.01250081804073755,matched_ber,hdc_k16,k16_radio,4096.0,prototype,16.0,hdc_k16
sim_indoor_v1,test_ood,pure_hdc,512,512.0,0.07864960352514258,0,0.0,0,0.8428824571766096,0.6985379300777574,0.0,0.0,0.0,0.0,1311040,868352,232e20a,,False,0,none,0.0,none,32,0.07827377319335938,0.07864960352514258,matched_ber,hdc_k16,k16_radio,4096.0,prototype,16.0,hdc_k16
sim_indoor_v1,test_ood,pure_hdc,512,512.0,0.13064448852282917,0,0.0,0,0.8422917897223863,0.6982695216732976,0.0,0.0,0.0,0.0,1311040,868352,232e20a,,False,0,none,-2.0,none,32,0.1301422119140625,0.13064448852282917,matched_ber,hdc_k16,k16_radio,4096.0,prototype,16.0,hdc_k16
sim_indoor_v1,test_id,pure_hdc,512,512.0,0.0,0,0.0,0,0.9784589892294946,0.9617930178238968,0.0,0.0,0.0,0.0,163880,868352,232e20a,,False,0,bpsk,8.0,none,32,0.0001983642578125,0.00019090777407599314,bpsk_awgn,hdc_linear,k16_radio,4096.0,linear,1.0,hdc_linear
sim_indoor_v1,test_id,pure_hdc,512,512.0,0.0,0,0.0,0,0.975973487986744,0.9584697004889688,0.0,0.0,0.0,0.0,163880,868352,232e20a,,False,0,bpsk,4.0,none,32,0.01255035400390625,0.01250081804073755,bpsk_awgn,hdc_linear,k16_radio,4096.0,linear,1.0,hdc_linear
sim_indoor_v1,test_id,pure_hdc,512,512.0,0.0,0,0.0,0,0.9643744821872411,0.9400496018545843,0.0,0.0,0.0,0.0,163880,868352,232e20a,,False,0,bpsk,0.0,none,32,0.07839202880859375,0.07864960352514258,bpsk_awgn,hdc_linear,k16_radio,4096.0,linear,1.0,hdc_linear
sim_indoor_v1,test_id,pure_hdc,512,512.0,0.0,0,0.0,0,0.9453189726594863,0.9094157630357147,0.0,0.0,0.0,0.0,163880,868352,232e20a,,False,0,bpsk,-2.0,none,32,0.13013076782226562,0.13064448852282917,bpsk_awgn,hdc_linear,k16_radio,4096.0,linear,1.0,hdc_linear
sim_indoor_v1,test_id,pure_hdc,512,512.0,0.0,0,0.0,0,0.9751449875724938,0.9563771871455746,0.0,0.0,0.0,0.0,163880,868352,232e20a,,False,0,bpsk,8.0,rayleigh_block,32,0.036472320556640625,0.03545906762783807,bpsk_rayleigh_block,hdc_linear,k16_radio,4096.0,linear,1.0,hdc_linear
sim_indoor_v1,test_id,pure_hdc,512,512.0,0.0,0,0.0,0,0.9685169842584921,0.9459393647528866,0.0,0.0,0.0,0.0,163880,868352,232e20a,,False,0,bpsk,4.0,rayleigh_block,32,0.07915115356445312,0.07713691605639106,bpsk_rayleigh_block,hdc_linear,k16_radio,4096.0,linear,1.0,hdc_linear
sim_indoor_v1,test_id,pure_hdc,512,512.0,0.0,0,0.0,0,0.9527754763877382,0.9217073073407805,0.0,0.0,0.0,0.0,163880,868352,232e20a,,False,0,bpsk,0.0,rayleigh_block,32,0.14948272705078125,0.1464466094067262,bpsk_rayleigh_block,hdc_linear,k16_radio,4096.0,linear,1.0,hdc_linear
sim_indoor_v1,test_id,pure_hdc,512,512.0,0.0,0,0.0,0,0.9246064623032312,0.8852115586500691,0.0,0.0,0.0,0.0,163880,868352,232e20a,,False,0,bpsk,-2.0,rayleigh_block,32,0.19206619262695312,0.18900836834134227,bpsk_rayleigh_block,hdc_linear,k16_radio,4096.0,linear,1.0,hdc_linear
sim_indoor_v1,test_id,pure_hdc,512,512.0,0.00019090777407599314,0,0.0,0,0.9776304888152444,0.9604700931284451,0.0,0.0,0.0,0.0,163880,868352,232e20a,,False,0,none,8.0,none,32,0.00017547607421875,0.00019090777407599314,matched_ber,hdc_linear,k16_radio,4096.0,linear,1.0,hdc_linear
sim_indoor_v1,test_id,pure_hdc,512,512.0,0.01250081804073755,0,0.0,0,0.9751449875724938,0.9565722185854941,0.0,0.0,0.0,0.0,163880,868352,232e20a,,False,0,none,4.0,none,32,0.01256561279296875,0.01250081804073755,matched_ber,hdc_linear,k16_radio,4096.0,linear,1.0,hdc_linear
sim_indoor_v1,test_id,pure_hdc,512,512.0,0.07864960352514258,0,0.0,0,0.9668599834299917,0.9463675836733924,0.0,0.0,0.0,0.0,163880,868352,232e20a,,False,0,none,0.0,none,32,0.07827377319335938,0.07864960352514258,matched_ber,hdc_linear,k16_radio,4096.0,linear,1.0,hdc_linear
sim_indoor_v1,test_id,pure_hdc,512,512.0,0.13064448852282917,0,0.0,0,0.9585749792874897,0.9307632955013277,0.0,0.0,0.0,0.0,163880,868352,232e20a,,False,0,none,-2.0,none,32,0.1301422119140625,0.13064448852282917,matched_ber,hdc_linear,k16_radio,4096.0,linear,1.0,hdc_linear
sim_indoor_v1,test_ood,pure_hdc,512,512.0,0.0,0,0.0,0,0.8139397519196693,0.6553762435586868,0.0,0.0,0.0,0.0,163880,868352,232e20a,,False,0,bpsk,8.0,none,32,0.000213623046875,0.00019090777407599314,bpsk_awgn,hdc_linear,k16_radio,4096.0,linear,1.0,hdc_linear
sim_indoor_v1,test_ood,pure_hdc,512,512.0,0.0,0,0.0,0,0.8163024217365623,0.6619483558978049,0.0,0.0,0.0,0.0,163880,868352,232e20a,,False,0,bpsk,4.0,none,32,0.01241302490234375,0.01250081804073755,bpsk_awgn,hdc_linear,k16_radio,4096.0,linear,1.0,hdc_linear
sim_indoor_v1,test_ood,pure_hdc,512,512.0,0.0,0,0.0,0,0.8015357353809806,0.6493232908800872,0.0,0.0,0.0,0.0,163880,868352,232e20a,,False,0,bpsk,0.0,none,32,0.07879638671875,0.07864960352514258,bpsk_awgn,hdc_linear,k16_radio,4096.0,linear,1.0,hdc_linear
sim_indoor_v1,test_ood,pure_hdc,512,512.0,0.0,0,0.0,0,0.7867690490253987,0.6386643928743165,0.0,0.0,0.0,0.0,163880,868352,232e20a,,False,0,bpsk,-2.0,none,32,0.13040924072265625,0.13064448852282917,bpsk_awgn,hdc_linear,k16_radio,4096.0,linear,1.0,hdc_linear
sim_indoor_v1,test_ood,pure_hdc,512,512.0,0.0,0,0.0,0,0.813349084465446,0.6575551753648448,0.0,0.0,0.0,0.0,163880,868352,232e20a,,False,0,bpsk,8.0,rayleigh_block,32,0.036529541015625,0.03545906762783807,bpsk_rayleigh_block,hdc_linear,k16_radio,4096.0,linear,1.0,hdc_linear
sim_indoor_v1,test_ood,pure_hdc,512,512.0,0.0,0,0.0,0,0.8115770821027761,0.6571439445577772,0.0,0.0,0.0,0.0,163880,868352,232e20a,,False,0,bpsk,4.0,rayleigh_block,32,0.07784271240234375,0.07713691605639106,bpsk_rayleigh_block,hdc_linear,k16_radio,4096.0,linear,1.0,hdc_linear
sim_indoor_v1,test_ood,pure_hdc,512,512.0,0.0,0,0.0,0,0.7903130537507383,0.6329621751888924,0.0,0.0,0.0,0.0,163880,868352,232e20a,,False,0,bpsk,0.0,rayleigh_block,32,0.1466522216796875,0.1464466094067262,bpsk_rayleigh_block,hdc_linear,k16_radio,4096.0,linear,1.0,hdc_linear
sim_indoor_v1,test_ood,pure_hdc,512,512.0,0.0,0,0.0,0,0.7725930301240401,0.6254173517644814,0.0,0.0,0.0,0.0,163880,868352,232e20a,,False,0,bpsk,-2.0,rayleigh_block,32,0.18946456909179688,0.18900836834134227,bpsk_rayleigh_block,hdc_linear,k16_radio,4096.0,linear,1.0,hdc_linear
sim_indoor_v1,test_ood,pure_hdc,512,512.0,0.00019090777407599314,0,0.0,0,0.8139397519196693,0.6556573224497765,0.0,0.0,0.0,0.0,163880,868352,232e20a,,False,0,none,8.0,none,32,0.00017547607421875,0.00019090777407599314,matched_ber,hdc_linear,k16_radio,4096.0,linear,1.0,hdc_linear
sim_indoor_v1,test_ood,pure_hdc,512,512.0,0.01250081804073755,0,0.0,0,0.8151210868281158,0.6587660903648205,0.0,0.0,0.0,0.0,163880,868352,232e20a,,False,0,none,4.0,none,32,0.01256561279296875,0.01250081804073755,matched_ber,hdc_linear,k16_radio,4096.0,linear,1.0,hdc_linear
sim_indoor_v1,test_ood,pure_hdc,512,512.0,0.07864960352514258,0,0.0,0,0.8009450679267572,0.640953004589871,0.0,0.0,0.0,0.0,163880,868352,232e20a,,False,0,none,0.0,none,32,0.07827377319335938,0.07864960352514258,matched_ber,hdc_linear,k16_radio,4096.0,linear,1.0,hdc_linear
sim_indoor_v1,test_ood,pure_hdc,512,512.0,0.13064448852282917,0,0.0,0,0.7944477259303012,0.6397403099992757,0.0,0.0,0.0,0.0,163880,868352,232e20a,,False,0,none,-2.0,none,32,0.1301422119140625,0.13064448852282917,matched_ber,hdc_linear,k16_radio,4096.0,linear,1.0,hdc_linear
sim_indoor_v1,test_id,quantized,128,128.0,0.0,0,0.0,1,0.7431648715824358,0.6411967736807612,0.0,0.0,0.0,0.0,2420,0,232e20a,120.0,False,0,bpsk,8.0,none,32,0.0002288818359375,0.00019090777407599314,bpsk_awgn,quantized,k16_radio,,,,quantized
sim_indoor_v1,test_id,quantized,128,128.0,0.0,0,0.0,1,0.5683512841756421,0.48859058688329055,0.0,0.0,0.0,0.0,2420,0,232e20a,120.0,False,0,bpsk,4.0,none,32,0.0123748779296875,0.01250081804073755,bpsk_awgn,quantized,k16_radio,,,,quantized
sim_indoor_v1,test_id,quantized,128,128.0,0.0,0,0.0,1,0.33140016570008285,0.29314266554224827,0.0,0.0,0.0,0.0,2420,0,232e20a,120.0,False,0,bpsk,0.0,none,32,0.0768280029296875,0.07864960352514258,bpsk_awgn,quantized,k16_radio,,,,quantized
sim_indoor_v1,test_id,quantized,128,128.0,0.0,0,0.0,1,0.275890637945319,0.24287673454668557,0.0,0.0,0.0,0.0,2420,0,232e20a,120.0,False,0,bpsk,-2.0,none,32,0.1283416748046875,0.13064448852282917,bpsk_awgn,quantized,k16_radio,,,,quantized
sim_indoor_v1,test_id,quantized,128,128.0,0.0,0,0.0,1,0.4623032311516156,0.40381207290395515,0.0,0.0,0.0,0.0,2420,0,232e20a,120.0,False,0,bpsk,8.0,rayleigh_block,32,0.0350189208984375,0.03545906762783807,bpsk_rayleigh_block,quantized,k16_radio,,,,quantized
sim_indoor_v1,test_id,quantized,128,128.0,0.0,0,0.0,1,0.37862468931234466,0.3388617951520594,0.0,0.0,0.0,0.0,2420,0,232e20a,120.0,False,0,bpsk,4.0,rayleigh_block,32,0.0769195556640625,0.07713691605639106,bpsk_rayleigh_block,quantized,k16_radio,,,,quantized
sim_indoor_v1,test_id,quantized,128,128.0,0.0,0,0.0,1,0.3015741507870754,0.26984652459221986,0.0,0.0,0.0,0.0,2420,0,232e20a,120.0,False,0,bpsk,0.0,rayleigh_block,32,0.1468353271484375,0.1464466094067262,bpsk_rayleigh_block,quantized,k16_radio,,,,quantized
sim_indoor_v1,test_id,quantized,128,128.0,0.0,0,0.0,1,0.2435791217895609,0.21355306681880792,0.0,0.0,0.0,0.0,2420,0,232e20a,120.0,False,0,bpsk,-2.0,rayleigh_block,32,0.189849853515625,0.18900836834134227,bpsk_rayleigh_block,quantized,k16_radio,,,,quantized
sim_indoor_v1,test_id,quantized,128,128.0,0.00019090777407599314,0,0.0,1,0.7423363711681856,0.641544725865019,0.0,0.0,0.0,0.0,2420,0,232e20a,120.0,False,0,none,8.0,none,32,0.000152587890625,0.00019090777407599314,matched_ber,quantized,k16_radio,,,,quantized
sim_indoor_v1,test_id,quantized,128,128.0,0.01250081804073755,0,0.0,1,0.5741507870753936,0.49094505657224297,0.0,0.0,0.0,0.0,2420,0,232e20a,120.0,False,0,none,4.0,none,32,0.011932373046875,0.01250081804073755,matched_ber,quantized,k16_radio,,,,quantized
sim_indoor_v1,test_id,quantized,128,128.0,0.07864960352514258,0,0.0,1,0.3396851698425849,0.29778724478130847,0.0,0.0,0.0,0.0,2420,0,232e20a,120.0,False,0,none,0.0,none,32,0.0794830322265625,0.07864960352514258,matched_ber,quantized,k16_radio,,,,quantized
sim_indoor_v1,test_id,quantized,128,128.0,0.13064448852282917,0,0.0,1,0.2775476387738194,0.24206768479613688,0.0,0.0,0.0,0.0,2420,0,232e20a,120.0,False,0,none,-2.0,none,32,0.1315155029296875,0.13064448852282917,matched_ber,quantized,k16_radio,,,,quantized
sim_indoor_v1,test_ood,quantized,128,128.0,0.0,0,0.0,1,0.7282929710572947,0.5963800758913239,0.0,0.0,0.0,0.0,2420,0,232e20a,120.0,False,0,bpsk,8.0,none,32,0.000213623046875,0.00019090777407599314,bpsk_awgn,quantized,k16_radio,,,,quantized
sim_indoor_v1,test_ood,quantized,128,128.0,0.0,0,0.0,1,0.6255168340224454,0.5185796818037118,0.0,0.0,0.0,0.0,2420,0,232e20a,120.0,False,0,bpsk,4.0,none,32,0.0125274658203125,0.01250081804073755,bpsk_awgn,quantized,k16_radio,,,,quantized
sim_indoor_v1,test_ood,quantized,128,128.0,0.0,0,0.0,1,0.4258712344949793,0.3357462339979756,0.0,0.0,0.0,0.0,2420,0,232e20a,120.0,False,0,bpsk,0.0,none,32,0.0779266357421875,0.07864960352514258,bpsk_awgn,quantized,k16_radio,,,,quantized
sim_indoor_v1,test_ood,quantized,128,128.0,0.0,0,0.0,1,0.3668044890726521,0.27268663147771977,0.0,0.0,0.0,0.0,2420,0,232e20a,120.0,False,0,bpsk,-2.0,none,32,0.1305999755859375,0.13064448852282917,bpsk_awgn,quantized,k16_radio,,,,quantized
sim_indoor_v1,test_ood,quantized,128,128.0,0.0,0,0.0,1,0.5286473715298287,0.4400209127599384,0.0,0.0,0.0,0.0,2420,0,232e20a,120.0,False,0,bpsk,8.0,rayleigh_block,32,0.03485107421875,0.03545906762783807,bpsk_rayleigh_block,quantized,k16_radio,,,,quantized
sim_indoor_v1,test_ood,quantized,128,128.0,0.0,0,0.0,1,0.43118724158298877,0.3470787503824502,0.0,0.0,0.0,0.0,2420,0,232e20a,120.0,False,0,bpsk,4.0,rayleigh_block,32,0.0757598876953125,0.07713691605639106,bpsk_rayleigh_block,quantized,k16_radio,,,,quantized
sim_indoor_v1,test_ood,quantized,128,128.0,0.0,0,0.0,1,0.3603071470761961,0.27477858681568107,0.0,0.0,0.0,0.0,2420,0,232e20a,120.0,False,0,bpsk,0.0,rayleigh_block,32,0.14453125,0.1464466094067262,bpsk_rayleigh_block,quantized,k16_radio,,,,quantized
sim_indoor_v1,test_ood,quantized,128,128.0,0.0,0,0.0,1,0.33786178381571175,0.24717532900174533,0.0,0.0,0.0,0.0,2420,0,232e20a,120.0,False,0,bpsk,-2.0,rayleigh_block,32,0.1869049072265625,0.18900836834134227,bpsk_rayleigh_block,quantized,k16_radio,,,,quantized
sim_indoor_v1,test_ood,quantized,128,128.0,0.00019090777407599314,0,0.0,1,0.7306556408741879,0.6002450922345568,0.0,0.0,0.0,0.0,2420,0,232e20a,120.0,False,0,none,8.0,none,32,0.000152587890625,0.00019090777407599314,matched_ber,quantized,k16_radio,,,,quantized
sim_indoor_v1,test_ood,quantized,128,128.0,0.01250081804073755,0,0.0,1,0.6196101594802126,0.5128583342636446,0.0,0.0,0.0,0.0,2420,0,232e20a,120.0,False,0,none,4.0,none,32,0.011932373046875,0.01250081804073755,matched_ber,quantized,k16_radio,,,,quantized
sim_indoor_v1,test_ood,quantized,128,128.0,0.07864960352514258,0,0.0,1,0.43591258121677495,0.3458899447467588,0.0,0.0,0.0,0.0,2420,0,232e20a,120.0,False,0,none,0.0,none,32,0.0794830322265625,0.07864960352514258,matched_ber,quantized,k16_radio,,,,quantized
sim_indoor_v1,test_ood,quantized,128,128.0,0.13064448852282917,0,0.0,1,0.390431187241583,0.2893932249299763,0.0,0.0,0.0,0.0,2420,0,232e20a,120.0,False,0,none,-2.0,none,32,0.1315155029296875,0.13064448852282917,matched_ber,quantized,k16_radio,,,,quantized
sim_indoor_v1,test_id,binary_hash,128,128.0,0.0,0,0.0,1,0.8641259320629661,0.793297293486203,0.0,0.0,0.0,0.0,20500,737280,232e20a,,False,0,bpsk,8.0,none,32,0.0002593994140625,0.00019090777407599314,bpsk_awgn,binary_hash,k16_radio,1024.0,,,binary_hash
sim_indoor_v1,test_id,binary_hash,128,128.0,0.0,0,0.0,1,0.831814415907208,0.7590063398071379,0.0,0.0,0.0,0.0,20500,737280,232e20a,,False,0,bpsk,4.0,none,32,0.01214599609375,0.01250081804073755,bpsk_awgn,binary_hash,k16_radio,1024.0,,,binary_hash
sim_indoor_v1,test_id,binary_hash,128,128.0,0.0,0,0.0,1,0.7100248550124275,0.614587442875713,0.0,0.0,0.0,0.0,20500,737280,232e20a,,False,0,bpsk,0.0,none,32,0.0772247314453125,0.07864960352514258,bpsk_awgn,binary_hash,k16_radio,1024.0,,,binary_hash
sim_indoor_v1,test_id,binary_hash,128,128.0,0.0,0,0.0,1,0.6304888152444076,0.5417699090194346,0.0,0.0,0.0,0.0,20500,737280,232e20a,,False,0,bpsk,-2.0,none,32,0.130126953125,0.13064448852282917,bpsk_awgn,binary_hash,k16_radio,1024.0,,,binary_hash
sim_indoor_v1,test_id,binary_hash,128,128.0,0.0,0,0.0,1,0.7688483844241922,0.6975808150639382,0.0,0.0,0.0,0.0,20500,737280,232e20a,,False,0,bpsk,8.0,rayleigh_block,32,0.035400390625,0.03545906762783807,bpsk_rayleigh_block,binary_hash,k16_radio,1024.0,,,binary_hash
sim_indoor_v1,test_id,binary_hash,128,128.0,0.0,0,0.0,1,0.6934548467274234,0.6185127176966237,0.0,0.0,0.0,0.0,20500,737280,232e20a,,False,0,bpsk,4.0,rayleigh_block,32,0.078125,0.07713691605639106,bpsk_rayleigh_block,binary_hash,k16_radio,1024.0,,,binary_hash
sim_indoor_v1,test_id,binary_hash,128,128.0,0.0,0,0.0,1,0.5923777961888981,0.51049113799969,0.0,0.0,0.0,0.0,20500,737280,232e20a,,False,0,bpsk,0.0,rayleigh_block,32,0.147796630859375,0.1464466094067262,bpsk_rayleigh_block,binary_hash,k16_radio,1024.0,,,binary_hash
sim_indoor_v1,test_id,binary_hash,128,128.0,0.0,0,0.0,1,0.5501242750621376,0.47486414342579986,0.0,0.0,0.0,0.0,20500,737280,232e20a,,False,0,bpsk,-2.0,rayleigh_block,32,0.1903533935546875,0.18900836834134227,bpsk_rayleigh_block,binary_hash,k16_radio,1024.0,,,binary_hash
sim_indoor_v1,test_id,binary_hash,128,128.0,0.00019090777407599314,0,0.0,1,0.8591549295774648,0.7846111662583493,0.0,0.0,0.0,0.0,20500,737280,232e20a,,False,0,none,8.0,none,32,0.000152587890625,0.00019090777407599314,matched_ber,binary_hash,k16_radio,1024.0,,,binary_hash
sim_indoor_v1,test_id,binary_hash,128,128.0,0.01250081804073755,0,0.0,1,0.8218724109362054,0.7454848139980449,0.0,0.0,0.0,0.0,20500,737280,232e20a,,False,0,none,4.0,none,32,0.011932373046875,0.01250081804073755,matched_ber,binary_hash,k16_radio,1024.0,,,binary_hash
sim_indoor_v1,test_id,binary_hash,128,128.0,0.07864960352514258,0,0.0,1,0.6926263463131731,0.6087636696146426,0.0,0.0,0.0,0.0,20500,737280,232e20a,,False,0,none,0.0,none,32,0.0794830322265625,0.07864960352514258,matched_ber,binary_hash,k16_radio,1024.0,,,binary_hash
sim_indoor_v1,test_id,binary_hash,128,128.0,0.13064448852282917,0,0.0,1,0.608119304059652,0.5269939195944355,0.0,0.0,0.0,0.0,20500,737280,232e20a,,False,0,none,-2.0,none,32,0.1315155029296875,0.13064448852282917,matched_ber,binary_hash,k16_radio,1024.0,,,binary_hash
sim_indoor_v1,test_ood,binary_hash,128,128.0,0.0,0,0.0,1,0.5634967513290018,0.5096243184934677,0.0,0.0,0.0,0.0,20500,737280,232e20a,,False,0,bpsk,8.0,none,32,0.0002288818359375,0.00019090777407599314,bpsk_awgn,binary_hash,k16_radio,1024.0,,,binary_hash
sim_indoor_v1,test_ood,binary_hash,128,128.0,0.0,0,0.0,1,0.5540460720614294,0.4882463739159242,0.0,0.0,0.0,0.0,20500,737280,232e20a,,False,0,bpsk,4.0,none,32,0.012054443359375,0.01250081804073755,bpsk_awgn,binary_hash,k16_radio,1024.0,,,binary_hash
sim_indoor_v1,test_ood,binary_hash,128,128.0,0.0,0,0.0,1,0.4825753101004135,0.43296477796464466,0.0,0.0,0.0,0.0,20500,737280,232e20a,,False,0,bpsk,0.0,none,32,0.076446533203125,0.07864960352514258,bpsk_awgn,binary_hash,k16_radio,1024.0,,,binary_hash
sim_indoor_v1,test_ood,binary_hash,128,128.0,0.0,0,0.0,1,0.4666272888363851,0.42535940917840165,0.0,0.0,0.0,0.0,20500,737280,232e20a,,False,0,bpsk,-2.0,none,32,0.129638671875,0.13064448852282917,bpsk_awgn,binary_hash,k16_radio,1024.0,,,binary_hash
sim_indoor_v1,test_ood,binary_hash,128,128.0,0.0,0,0.0,1,0.5440047253396337,0.4900273505633205,0.0,0.0,0.0,0.0,20500,737280,232e20a,,False,0,bpsk,8.0,rayleigh_block,32,0.0345916748046875,0.03545906762783807,bpsk_rayleigh_block,binary_hash,k16_radio,1024.0,,,binary_hash
sim_indoor_v1,test_ood,binary_hash,128,128.0,0.0,0,0.0,1,0.5044300059066745,0.4628525822517884,0.0,0.0,0.0,0.0,20500,737280,232e20a,,False,0,bpsk,4.0,rayleigh_block,32,0.0756072998046875,0.07713691605639106,bpsk_rayleigh_block,binary_hash,k16_radio,1024.0,,,binary_hash
sim_indoor_v1,test_ood,binary_hash,128,128.0,0.0,0,0.0,1,0.45067926757235677,0.4215318142279025,0.0,0.0,0.0,0.0,20500,737280,232e20a,,False,0,bpsk,0.0,rayleigh_block,32,0.1456451416015625,0.1464466094067262,bpsk_rayleigh_block,binary_hash,k16_radio,1024.0,,,binary_hash
sim_indoor_v1,test_ood,binary_hash,128,128.0,0.0,0,0.0,1,0.4370939161252215,0.4126960542455726,0.0,0.0,0.0,0.0,20500,737280,232e20a,,False,0,bpsk,-2.0,rayleigh_block,32,0.187042236328125,0.18900836834134227,bpsk_rayleigh_block,binary_hash,k16_radio,1024.0,,,binary_hash
sim_indoor_v1,test_ood,binary_hash,128,128.0,0.00019090777407599314,0,0.0,1,0.5629060838747785,0.5097253143306552,0.0,0.0,0.0,0.0,20500,737280,232e20a,,False,0,none,8.0,none,32,0.000152587890625,0.00019090777407599314,matched_ber,binary_hash,k16_radio,1024.0,,,binary_hash
sim_indoor_v1,test_ood,binary_hash,128,128.0,0.01250081804073755,0,0.0,1,0.5552274069698759,0.49689359909051733,0.0,0.0,0.0,0.0,20500,737280,232e20a,,False,0,none,4.0,none,32,0.011932373046875,0.01250081804073755,matched_ber,binary_hash,k16_radio,1024.0,,,binary_hash
sim_indoor_v1,test_ood,binary_hash,128,128.0,0.07864960352514258,0,0.0,1,0.5115180153573539,0.4678700717446997,0.0,0.0,0.0,0.0,20500,737280,232e20a,,False,0,none,0.0,none,32,0.0794830322265625,0.07864960352514258,matched_ber,binary_hash,k16_radio,1024.0,,,binary_hash
sim_indoor_v1,test_ood,binary_hash,128,128.0,0.13064448852282917,0,0.0,1,0.477259303012404,0.4424010060416451,0.0,0.0,0.0,0.0,20500,737280,232e20a,,False,0,none,-2.0,none,32,0.1315155029296875,0.13064448852282917,matched_ber,binary_hash,k16_radio,1024.0,,,binary_hash
sim_indoor_v1,test_id,pure_hdc,128,128.0,0.0,0,0.0,1,0.7249378624689312,0.6548664898603265,0.0,0.0,0.0,0.0,20500,217088,232e20a,,False,0,bpsk,8.0,none,32,0.0001983642578125,0.00019090777407599314,bpsk_awgn,hdc_k1,k16_radio,1024.0,prototype,1.0,hdc_k1
sim_indoor_v1,test_id,pure_hdc,128,128.0,0.0,0,0.0,1,0.7249378624689312,0.6541684301963404,0.0,0.0,0.0,0.0,20500,217088,232e20a,,False,0,bpsk,4.0,none,32,0.0121612548828125,0.01250081804073755,bpsk_awgn,hdc_k1,k16_radio,1024.0,prototype,1.0,hdc_k1
sim_indoor_v1,test_id,pure_hdc,128,128.0,0.0,0,0.0,1,0.7183098591549296,0.6496987050644034,0.0,0.0,0.0,0.0,20500,217088,232e20a,,False,0,bpsk,0.0,none,32,0.0780487060546875,0.07864960352514258,bpsk_awgn,hdc_k1,k16_radio,1024.0,prototype,1.0,hdc_k1
sim_indoor_v1,test_id,pure_hdc,128,128.0,0.0,0,0.0,1,0.71996685998343,0.6486119201866132,0.0,0.0,0.0,0.0,20500,217088,232e20a,,False,0,bpsk,-2.0,none,32,0.131683349609375,0.13064448852282917,bpsk_awgn,hdc_k1,k16_radio,1024.0,prototype,1.0,hdc_k1
sim_indoor_v1,test_id,pure_hdc,128,128.0,0.0,0,0.0,1,0.7249378624689312,0.6545982000895425,0.0,0.0,0.0,0.0,20500,217088,232e20a,,False,0,bpsk,8.0,rayleigh_block,32,0.0353851318359375,0.03545906762783807,bpsk_rayleigh_block,hdc_k1,k16_radio,1024.0,prototype,1.0,hdc_k1
sim_indoor_v1,test_id,pure_hdc,128,128.0,0.0,0,0.0,1,0.7191383595691798,0.648574779163643,0.0,0.0,0.0,0.0,20500,217088,232e20a,,False,0,bpsk,4.0,rayleigh_block,32,0.07635498046875,0.07713691605639106,bpsk_rayleigh_block,hdc_k1,k16_radio,1024.0,prototype,1.0,hdc_k1
sim_indoor_v1,test_id,pure_hdc,128,128.0,0.0,0,0.0,1,0.7174813587406794,0.6426253012813821,0.0,0.0,0.0,0.0,20500,217088,232e20a,,False,0,bpsk,0.0,rayleigh_block,32,0.146942138671875,0.1464466094067262,bpsk_rayleigh_block,hdc_k1,k16_radio,1024.0,prototype,1.0,hdc_k1
sim_indoor_v1,test_id,pure_hdc,128,128.0,0.0,0,0.0,1,0.7033968516984258,0.6257546925928961,0.0,0.0,0.0,0.0,20500,217088,232e20a,,False,0,bpsk,-2.0,rayleigh_block,32,0.1900482177734375,0.18900836834134227,bpsk_rayleigh_block,hdc_k1,k16_radio,1024.0,prototype,1.0,hdc_k1
sim_indoor_v1,test_id,pure_hdc,128,128.0,0.00019090777407599314,0,0.0,1,0.7249378624689312,0.6547982362114971,0.0,0.0,0.0,0.0,20500,217088,232e20a,,False,0,none,8.0,none,32,0.000152587890625,0.00019090777407599314,matched_ber,hdc_k1,k16_radio,1024.0,prototype,1.0,hdc_k1
sim_indoor_v1,test_id,pure_hdc,128,128.0,0.01250081804073755,0,0.0,1,0.7249378624689312,0.6539499042913145,0.0,0.0,0.0,0.0,20500,217088,232e20a,,False,0,none,4.0,none,32,0.011932373046875,0.01250081804073755,matched_ber,hdc_k1,k16_radio,1024.0,prototype,1.0,hdc_k1
sim_indoor_v1,test_id,pure_hdc,128,128.0,0.07864960352514258,0,0.0,1,0.7332228666114333,0.6616971433993759,0.0,0.0,0.0,0.0,20500,217088,232e20a,,False,0,none,0.0,none,32,0.0794830322265625,0.07864960352514258,matched_ber,hdc_k1,k16_radio,1024.0,prototype,1.0,hdc_k1
sim_indoor_v1,test_id,pure_hdc,128,128.0,0.13064448852282917,0,0.0,1,0.71996685998343,0.648539605671818,0.0,0.0,0.0,0.0,20500,217088,232e20a,,False,0,none,-2.0,none,32,0.1315155029296875,0.13064448852282917,matched_ber,hdc_k1,k16_radio,1024.0,prototype,1.0,hdc_k1
sim_indoor_v1,test_ood,pure_hdc,128,128.0,0.0,0,0.0,1,0.6999409332545776,0.5928869237472771,0.0,0.0,0.0,0.0,20500,217088,232e20a,,False,0,bpsk,8.0,none,32,0.000213623046875,0.00019090777407599314,bpsk_awgn,hdc_k1,k16_radio,1024.0,prototype,1.0,hdc_k1
sim_indoor_v1,test_ood,pure_hdc,128,128.0,0.0,0,0.0,1,0.6987595983461311,0.5905426940012839,0.0,0.0,0.0,0.0,20500,217088,232e20a,,False,0,bpsk,4.0,none,32,0.012481689453125,0.01250081804073755,bpsk_awgn,hdc_k1,k16_radio,1024.0,prototype,1.0,hdc_k1
sim_indoor_v1,test_ood,pure_hdc,128,128.0,0.0,0,0.0,1,0.6904902539870054,0.5863886786074323,0.0,0.0,0.0,0.0,20500,217088,232e20a,,False,0,bpsk,0.0,none,32,0.077392578125,0.07864960352514258,bpsk_awgn,hdc_k1,k16_radio,1024.0,prototype,1.0,hdc_k1
sim_indoor_v1,test_ood,pure_hdc,128,128.0,0.0,0,0.0,1,0.6857649143532192,0.5814106991563908,0.0,0.0,0.0,0.0,20500,217088,232e20a,,False,0,bpsk,-2.0,none,32,0.1308135986328125,0.13064448852282917,bpsk_awgn,hdc_k1,k16_radio,1024.0,prototype,1.0,hdc_k1
sim_indoor_v1,test_ood,pure_hdc,128,128.0,0.0,0,0.0,1,0.6928529238038984,0.5910059106430545,0.0,0.0,0.0,0.0,20500,217088,232e20a,,False,0,bpsk,8.0,rayleigh_block,32,0.0342864990234375,0.03545906762783807,bpsk_rayleigh_block,hdc_k1,k16_radio,1024.0,prototype,1.0,hdc_k1
sim_indoor_v1,test_ood,pure_hdc,128,128.0,0.0,0,0.0,1,0.689899586532782,0.5901549344935927,0.0,0.0,0.0,0.0,20500,217088,232e20a,,False,0,bpsk,4.0,rayleigh_block,32,0.0756988525390625,0.07713691605639106,bpsk_rayleigh_block,hdc_k1,k16_radio,1024.0,prototype,1.0,hdc_k1
sim_indoor_v1,test_ood,pure_hdc,128,128.0,0.0,0,0.0,1,0.6816302421736562,0.5829808802779751,0.0,0.0,0.0,0.0,20500,217088,232e20a,,False,0,bpsk,0.0,rayleigh_block,32,0.1455841064453125,0.1464466094067262,bpsk_rayleigh_block,hdc_k1,k16_radio,1024.0,prototype,1.0,hdc_k1
sim_indoor_v1,test_ood,pure_hdc,128,128.0,0.0,0,0.0,1,0.6627288836385116,0.5649591086299857,0.0,0.0,0.0,0.0,20500,217088,232e20a,,False,0,bpsk,-2.0,rayleigh_block,32,0.188018798828125,0.18900836834134227,bpsk_rayleigh_block,hdc_k1,k16_radio,1024.0,prototype,1.0,hdc_k1
sim_indoor_v1,test_ood,pure_hdc,128,128.0,0.00019090777407599314,0,0.0,1,0.6993502658003544,0.5923462067116059,0.0,0.0,0.0,0.0,20500,217088,232e20a,,False,0,none,8.0,none,32,0.000152587890625,0.00019090777407599314,matched_ber,hdc_k1,k16_radio,1024.0,prototype,1.0,hdc_k1
sim_indoor_v1,test_ood,pure_hdc,128,128.0,0.01250081804073755,0,0.0,1,0.7023036030714708,0.5963438359076172,0.0,0.0,0.0,0.0,20500,217088,232e20a,,False,0,none,4.0,none,32,0.011932373046875,0.01250081804073755,matched_ber,hdc_k1,k16_radio,1024.0,prototype,1.0,hdc_k1
sim_indoor_v1,test_ood,pure_hdc,128,128.0,0.07864960352514258,0,0.0,1,0.6887182516243355,0.5822885294654444,0.0,0.0,0.0,0.0,20500,217088,232e20a,,False,0,none,0.0,none,32,0.0794830322265625,0.07864960352514258,matched_ber,hdc_k1,k16_radio,1024.0,prototype,1.0,hdc_k1
sim_indoor_v1,test_ood,pure_hdc,128,128.0,0.13064448852282917,0,0.0,1,0.67690490253987,0.5769587463143717,0.0,0.0,0.0,0.0,20500,217088,232e20a,,False,0,none,-2.0,none,32,0.1315155029296875,0.13064448852282917,matched_ber,hdc_k1,k16_radio,1024.0,prototype,1.0,hdc_k1
sim_indoor_v1,test_id,pure_hdc,128,128.0,0.0,0,0.0,1,0.9544324772162386,0.9236555798223348,0.0,0.0,0.0,0.0,328000,217088,232e20a,,False,0,bpsk,8.0,none,32,0.0001983642578125,0.00019090777407599314,bpsk_awgn,hdc_k16,k16_radio,1024.0,prototype,16.0,hdc_k16
sim_indoor_v1,test_id,pure_hdc,128,128.0,0.0,0,0.0,1,0.9552609776304888,0.9238464098601643,0.0,0.0,0.0,0.0,328000,217088,232e20a,,False,0,bpsk,4.0,none,32,0.0121612548828125,0.01250081804073755,bpsk_awgn,hdc_k16,k16_radio,1024.0,prototype,16.0,hdc_k16
sim_indoor_v1,test_id,pure_hdc,128,128.0,0.0,0,0.0,1,0.9461474730737366,0.9095607593472979,0.0,0.0,0.0,0.0,328000,217088,232e20a,,False,0,bpsk,0.0,none,32,0.0780487060546875,0.07864960352514258,bpsk_awgn,hdc_k16,k16_radio,1024.0,prototype,16.0,hdc_k16
sim_indoor_v1,test_id,pure_hdc,128,128.0,0.0,0,0.0,1,0.9461474730737366,0.9104057635602867,0.0,0.0,0.0,0.0,328000,217088,232e20a,,False,0,bpsk,-2.0,none,32,0.131683349609375,0.13064448852282917,bpsk_awgn,hdc_k16,k16_radio,1024.0,prototype,16.0,hdc_k16
sim_indoor_v1,test_id,pure_hdc,128,128.0,0.0,0,0.0,1,0.9527754763877382,0.9199255798367136,0.0,0.0,0.0,0.0,328000,217088,232e20a,,False,0,bpsk,8.0,rayleigh_block,32,0.0353851318359375,0.03545906762783807,bpsk_rayleigh_block,hdc_k16,k16_radio,1024.0,prototype,16.0,hdc_k16
sim_indoor_v1,test_id,pure_hdc,128,128.0,0.0,0,0.0,1,0.9486329743164872,0.9144714168932065,0.0,0.0,0.0,0.0,328000,217088,232e20a,,False,0,bpsk,4.0,rayleigh_block,32,0.07635498046875,0.07713691605639106,bpsk_rayleigh_block,hdc_k16,k16_radio,1024.0,prototype,16.0,hdc_k16
sim_indoor_v1,test_id,pure_hdc,128,128.0,0.0,0,0.0,1,0.9469759734879868,0.911018667861707,0.0,0.0,0.0,0.0,328000,217088,232e20a,,False,0,bpsk,0.0,rayleigh_block,32,0.146942138671875,0.1464466094067262,bpsk_rayleigh_block,hdc_k16,k16_radio,1024.0,prototype,16.0,hdc_k16
sim_indoor_v1,test_id,pure_hdc,128,128.0,0.0,0,0.0,1,0.9411764705882353,0.9015580744763785,0.0,0.0,0.0,0.0,328000,217088,232e20a,,False,0,bpsk,-2.0,rayleigh_block,32,0.1900482177734375,0.18900836834134227,bpsk_rayleigh_block,hdc_k16,k16_radio,1024.0,prototype,16.0,hdc_k16
sim_indoor_v1,test_id,pure_hdc,128,128.0,0.00019090777407599314,0,0.0,1,0.9536039768019884,0.9213381814038776,0.0,0.0,0.0,0.0,328000,217088,232e20a,,False,0,none,8.0,none,32,0.000152587890625,0.00019090777407599314,matched_ber,hdc_k16,k16_radio,1024.0,prototype,16.0,hdc_k16
sim_indoor_v1,test_id,pure_hdc,128,128.0,0.01250081804073755,0,0.0,1,0.9527754763877382,0.9189453105773314,0.0,0.0,0.0,0.0,328000,217088,232e20a,,False,0,none,4.0,none,32,0.011932373046875,0.01250081804073755,matched_ber,hdc_k16,k16_radio,1024.0,prototype,16.0,hdc_k16
sim_indoor_v1,test_id,pure_hdc,128,128.0,0.07864960352514258,0,0.0,1,0.947804473902237,0.9127709023362662,0.0,0.0,0.0,0.0,328000,217088,232e20a,,False,0,none,0.0,none,32,0.0794830322265625,0.07864960352514258,matched_ber,hdc_k16,k16_radio,1024.0,prototype,16.0,hdc_k16
sim_indoor_v1,test_id,pure_hdc,128,128.0,0.13064448852282917,0,0.0,1,0.9502899751449876,0.9175607568586377,0.0,0.0,0.0,0.0,328000,217088,232e20a,,False,0,none,-2.0,none,32,0.1315155029296875,0.13064448852282917,matched_ber,hdc_k16,k16_radio,1024.0,prototype,16.0,hdc_k16
sim_indoor_v1,test_ood,pure_hdc,128,128.0,0.0,0,0.0,1,0.8499704666272888,0.7042901064031202,0.0,0.0,0.0,0.0,328000,217088,232e20a,,False,0,bpsk,8.0,none,32,0.000213623046875,0.00019090777407599314,bpsk_awgn,hdc_k16,k16_radio,1024.0,prototype,16.0,hdc_k16
sim_indoor_v1,test_ood,pure_hdc,128,128.0,0.0,0,0.0,1,0.8458357944477259,0.6993794327183781,0.0,0.0,0.0,0.0,328000,217088,232e20a,,False,0,bpsk,4.0,none,32,0.012481689453125,0.01250081804073755,bpsk_awgn,hdc_k16,k16_radio,1024.0,prototype,16.0,hdc_k16
sim_indoor_v1,test_ood,pure_hdc,128,128.0,0.0,0,0.0,1,0.8304784406379209,0.6844394817071928,0.0,0.0,0.0,0.0,328000,217088,232e20a,,False,0,bpsk,0.0,none,32,0.077392578125,0.07864960352514258,bpsk_awgn,hdc_k16,k16_radio,1024.0,prototype,16.0,hdc_k16
sim_indoor_v1,test_ood,pure_hdc,128,128.0,0.0,0,0.0,1,0.8275251033668045,0.676040161249127,0.0,0.0,0.0,0.0,328000,217088,232e20a,,False,0,bpsk,-2.0,none,32,0.1308135986328125,0.13064448852282917,bpsk_awgn,hdc_k16,k16_radio,1024.0,prototype,16.0,hdc_k16
sim_indoor_v1,test_ood,pure_hdc,128,128.0,0.0,0,0.0,1,0.8470171293561725,0.6992855129534313,0.0,0.0,0.0,0.0,328000,217088,232e20a,,False,0,bpsk,8.0,rayleigh_block,32,0.0342864990234375,0.03545906762783807,bpsk_rayleigh_block,hdc_k16,k16_radio,1024.0,prototype,16.0,hdc_k16
sim_indoor_v1,test_ood,pure_hdc,128,128.0,0.0,0,0.0,1,0.8357944477259303,0.6849663446453045,0.0,0.0,0.0,0.0,328000,217088,232e20a,,False,0,bpsk,4.0,rayleigh_block,32,0.0756988525390625,0.07713691605639106,bpsk_rayleigh_block,hdc_k16,k16_radio,1024.0,prototype,16.0,hdc_k16
sim_indoor_v1,test_ood,pure_hdc,128,128.0,0.0,0,0.0,1,0.8227997637330183,0.6795445903379244,0.0,0.0,0.0,0.0,328000,217088,232e20a,,False,0,bpsk,0.0,rayleigh_block,32,0.1455841064453125,0.1464466094067262,bpsk_rayleigh_block,hdc_k16,k16_radio,1024.0,prototype,16.0,hdc_k16
sim_indoor_v1,test_ood,pure_hdc,128,128.0,0.0,0,0.0,1,0.8151210868281158,0.6714072554874654,0.0,0.0,0.0,0.0,328000,217088,232e20a,,False,0,bpsk,-2.0,rayleigh_block,32,0.188018798828125,0.18900836834134227,bpsk_rayleigh_block,hdc_k16,k16_radio,1024.0,prototype,16.0,hdc_k16
sim_indoor_v1,test_ood,pure_hdc,128,128.0,0.00019090777407599314,0,0.0,1,0.8511518015357353,0.706171637840259,0.0,0.0,0.0,0.0,328000,217088,232e20a,,False,0,none,8.0,none,32,0.000152587890625,0.00019090777407599314,matched_ber,hdc_k16,k16_radio,1024.0,prototype,16.0,hdc_k16
sim_indoor_v1,test_ood,pure_hdc,128,128.0,0.01250081804073755,0,0.0,1,0.8541051388068518,0.7153718007550081,0.0,0.0,0.0,0.0,328000,217088,232e20a,,False,0,none,4.0,none,32,0.011932373046875,0.01250081804073755,matched_ber,hdc_k16,k16_radio,1024.0,prototype,16.0,hdc_k16
sim_indoor_v1,test_ood,pure_hdc,128,128.0,0.07864960352514258,0,0.0,1,0.8428824571766096,0.6953144998186382,0.0,0.0,0.0,0.0,328000,217088,232e20a,,False,0,none,0.0,none,32,0.0794830322265625,0.07864960352514258,matched_ber,hdc_k16,k16_radio,1024.0,prototype,16.0,hdc_k16
sim_indoor_v1,test_ood,pure_hdc,128,128.0,0.13064448852282917,0,0.0,1,0.8399291199054932,0.6950663472522811,0.0,0.0,0.0,0.0,328000,217088,232e20a,,False,0,none,-2.0,none,32,0.1315155029296875,0.13064448852282917,matched_ber,hdc_k16,k16_radio,1024.0,prototype,16.0,hdc_k16
sim_indoor_v1,test_id,pure_hdc,128,128.0,0.0,0,0.0,1,0.9511184755592378,0.9182378750162694,0.0,0.0,0.0,0.0,41000,217088,232e20a,,False,0,bpsk,8.0,none,32,0.0001983642578125,0.00019090777407599314,bpsk_awgn,hdc_linear,k16_radio,1024.0,linear,1.0,hdc_linear
sim_indoor_v1,test_id,pure_hdc,128,128.0,0.0,0,0.0,1,0.9436619718309859,0.909336244070451,0.0,0.0,0.0,0.0,41000,217088,232e20a,,False,0,bpsk,4.0,none,32,0.0121612548828125,0.01250081804073755,bpsk_awgn,hdc_linear,k16_radio,1024.0,linear,1.0,hdc_linear
sim_indoor_v1,test_id,pure_hdc,128,128.0,0.0,0,0.0,1,0.875724937862469,0.821151357789336,0.0,0.0,0.0,0.0,41000,217088,232e20a,,False,0,bpsk,0.0,none,32,0.0780487060546875,0.07864960352514258,bpsk_awgn,hdc_linear,k16_radio,1024.0,linear,1.0,hdc_linear
sim_indoor_v1,test_id,pure_hdc,128,128.0,0.0,0,0.0,1,0.8268434134217068,0.7635974942965568,0.0,0.0,0.0,0.0,41000,217088,232e20a,,False,0,bpsk,-2.0,none,32,0.131683349609375,0.13064448852282917,bpsk_awgn,hdc_linear,k16_radio,1024.0,linear,1.0,hdc_linear
sim_indoor_v1,test_id,pure_hdc,128,128.0,0.0,0,0.0,1,0.9304059652029826,0.8882238966228609,0.0,0.0,0.0,0.0,41000,217088,232e20a,,False,0,bpsk,8.0,rayleigh_block,32,0.0353851318359375,0.03545906762783807,bpsk_rayleigh_block,hdc_linear,k16_radio,1024.0,linear,1.0,hdc_linear
sim_indoor_v1,test_id,pure_hdc,128,128.0,0.0,0,0.0,1,0.8873239436619719,0.8221897279295316,0.0,0.0,0.0,0.0,41000,217088,232e20a,,False,0,bpsk,4.0,rayleigh_block,32,0.07635498046875,0.07713691605639106,bpsk_rayleigh_block,hdc_linear,k16_radio,1024.0,linear,1.0,hdc_linear
sim_indoor_v1,test_id,pure_hdc,128,128.0,0.0,0,0.0,1,0.7879038939519469,0.7108581843593345,0.0,0.0,0.0,0.0,41000,217088,232e20a,,False,0,bpsk,0.0,rayleigh_block,32,0.146942138671875,0.1464466094067262,bpsk_rayleigh_block,hdc_linear,k16_radio,1024.0,linear,1.0,hdc_linear
sim_indoor_v1,test_id,pure_hdc,128,128.0,0.0,0,0.0,1,0.7274233637116818,0.6513622058130375,0.0,0.0,0.0,0.0,41000,217088,232e20a,,False,0,bpsk,-2.0,rayleigh_block,32,0.1900482177734375,0.18900836834134227,bpsk_rayleigh_block,hdc_linear,k16_radio,1024.0,linear,1.0,hdc_linear
sim_indoor_v1,test_id,pure_hdc,128,128.0,0.00019090777407599314,0,0.0,1,0.9502899751449876,0.9172351817909128,0.0,0.0,0.0,0.0,41000,217088,232e20a,,False,0,none,8.0,none,32,0.000152587890625,0.00019090777407599314,matched_ber,hdc_linear,k16_radio,1024.0,linear,1.0,hdc_linear
sim_indoor_v1,test_id,pure_hdc,128,128.0,0.01250081804073755,0,0.0,1,0.9411764705882353,0.9059053341158936,0.0,0.0,0.0,0.0,41000,217088,232e20a,,False,0,none,4.0,none,32,0.011932373046875,0.01250081804073755,matched_ber,hdc_linear,k16_radio,1024.0,linear,1.0,hdc_linear
sim_indoor_v1,test_id,pure_hdc,128,128.0,0.07864960352514258,0,0.0,1,0.8898094449047225,0.8376712514963207,0.0,0.0,0.0,0.0,41000,217088,232e20a,,False,0,none,0.0,none,32,0.0794830322265625,0.07864960352514258,matched_ber,hdc_linear,k16_radio,1024.0,linear,1.0,hdc_linear
sim_indoor_v1,test_id,pure_hdc,128,128.0,0.13064448852282917,0,0.0,1,0.8235294117647058,0.7572514888499119,0.0,0.0,0.0,0.0,41000,217088,232e20a,,False,0,none,-2.0,none,32,0.1315155029296875,0.13064448852282917,matched_ber,hdc_linear,k16_radio,1024.0,linear,1.0,hdc_linear
sim_indoor_v1,test_ood,pure_hdc,128,128.0,0.0,0,0.0,1,0.7914943886591849,0.6453951421752802,0.0,0.0,0.0,0.0,41000,217088,232e20a,,False,0,bpsk,8.0,none,32,0.000213623046875,0.00019090777407599314,bpsk_awgn,hdc_linear,k16_radio,1024.0,linear,1.0,hdc_linear
sim_indoor_v1,test_ood,pure_hdc,128,128.0,0.0,0,0.0,1,0.780862374483166,0.6334360427071917,0.0,0.0,0.0,0.0,41000,217088,232e20a,,False,0,bpsk,4.0,none,32,0.012481689453125,0.01250081804073755,bpsk_awgn,hdc_linear,k16_radio,1024.0,linear,1.0,hdc_linear
sim_indoor_v1,test_ood,pure_hdc,128,128.0,0.0,0,0.0,1,0.74187832250443,0.6048243425979077,0.0,0.0,0.0,0.0,41000,217088,232e20a,,False,0,bpsk,0.0,none,32,0.077392578125,0.07864960352514258,bpsk_awgn,hdc_linear,k16_radio,1024.0,linear,1.0,hdc_linear
sim_indoor_v1,test_ood,pure_hdc,128,128.0,0.0,0,0.0,1,0.6958062610750148,0.5631205650078029,0.0,0.0,0.0,0.0,41000,217088,232e20a,,False,0,bpsk,-2.0,none,32,0.1308135986328125,0.13064448852282917,bpsk_awgn,hdc_linear,k16_radio,1024.0,linear,1.0,hdc_linear
sim_indoor_v1,test_ood,pure_hdc,128,128.0,0.0,0,0.0,1,0.7731836975782634,0.6282459076793402,0.0,0.0,0.0,0.0,41000,217088,232e20a,,False,0,bpsk,8.0,rayleigh_block,32,0.0342864990234375,0.03545906762783807,bpsk_rayleigh_block,hdc_linear,k16_radio,1024.0,linear,1.0,hdc_linear
sim_indoor_v1,test_ood,pure_hdc,128,128.0,0.0,0,0.0,1,0.748375664500886,0.6110074740767444,0.0,0.0,0.0,0.0,41000,217088,232e20a,,False,0,bpsk,4.0,rayleigh_block,32,0.0756988525390625,0.07713691605639106,bpsk_rayleigh_block,hdc_linear,k16_radio,1024.0,linear,1.0,hdc_linear
sim_indoor_v1,test_ood,pure_hdc,128,128.0,0.0,0,0.0,1,0.6922622563496751,0.5708264046208831,0.0,0.0,0.0,0.0,41000,217088,232e20a,,False,0,bpsk,0.0,rayleigh_block,32,0.1455841064453125,0.1464466094067262,bpsk_rayleigh_block,hdc_linear,k16_radio,1024.0,linear,1.0,hdc_linear
sim_indoor_v1,test_ood,pure_hdc,128,128.0,0.0,0,0.0,1,0.6532782043709392,0.5392801823436134,0.0,0.0,0.0,0.0,41000,217088,232e20a,,False,0,bpsk,-2.0,rayleigh_block,32,0.188018798828125,0.18900836834134227,bpsk_rayleigh_block,hdc_linear,k16_radio,1024.0,linear,1.0,hdc_linear
sim_indoor_v1,test_ood,pure_hdc,128,128.0,0.00019090777407599314,0,0.0,1,0.7914943886591849,0.6454675621901,0.0,0.0,0.0,0.0,41000,217088,232e20a,,False,0,none,8.0,none,32,0.000152587890625,0.00019090777407599314,matched_ber,hdc_linear,k16_radio,1024.0,linear,1.0,hdc_linear
sim_indoor_v1,test_ood,pure_hdc,128,128.0,0.01250081804073755,0,0.0,1,0.7826343768458358,0.6356025156128662,0.0,0.0,0.0,0.0,41000,217088,232e20a,,False,0,none,4.0,none,32,0.011932373046875,0.01250081804073755,matched_ber,hdc_linear,k16_radio,1024.0,linear,1.0,hdc_linear
sim_indoor_v1,test_ood,pure_hdc,128,128.0,0.07864960352514258,0,0.0,1,0.7412876550502068,0.5971457940565464,0.0,0.0,0.0,0.0,41000,217088,232e20a,,False,0,none,0.0,none,32,0.0794830322265625,0.07864960352514258,matched_ber,hdc_linear,k16_radio,1024.0,linear,1.0,hdc_linear
sim_indoor_v1,test_ood,pure_hdc,128,128.0,0.13064448852282917,0,0.0,1,0.6975782634376846,0.569288138406933,0.0,0.0,0.0,0.0,41000,217088,232e20a,,False,0,none,-2.0,none,32,0.1315155029296875,0.13064448852282917,matched_ber,hdc_linear,k16_radio,1024.0,linear,1.0,hdc_linear
sim_indoor_v1,test_id,quantized,512,188.0,0.0,0,0.0,1,0.7365368682684341,0.6343274811593916,0.0,0.0,0.0,0.0,3620,0,232e20a,180.0,False,0,bpsk,8.0,none,32,0.00019739029255319148,0.00019090777407599314,bpsk_awgn,quantized,k16_radio,,,,quantized
sim_indoor_v1,test_id,quantized,512,188.0,0.0,0,0.0,1,0.5617232808616405,0.48146313153303044,0.0,0.0,0.0,0.0,3620,0,232e20a,180.0,False,0,bpsk,4.0,none,32,0.012570644946808512,0.01250081804073755,bpsk_awgn,quantized,k16_radio,,,,quantized
sim_indoor_v1,test_id,quantized,512,188.0,0.0,0,0.0,1,0.328086164043082,0.2934029727745277,0.0,0.0,0.0,0.0,3620,0,232e20a,180.0,False,0,bpsk,0.0,none,32,0.07822888962765959,0.07864960352514258,bpsk_awgn,quantized,k16_radio,,,,quantized
sim_indoor_v1,test_id,quantized,512,188.0,0.0,0,0.0,1,0.2502071251035626,0.22584180067862863,0.0,0.0,0.0,0.0,3620,0,232e20a,180.0,False,0,bpsk,-2.0,none,32,0.12996592420212766,0.13064448852282917,bpsk_awgn,quantized,k16_radio,,,,quantized
sim_indoor_v1,test_id,quantized,512,188.0,0.0,0,0.0,1,0.45733222866611434,0.4031504127769375,0.0,0.0,0.0,0.0,3620,0,232e20a,180.0,False,0,bpsk,8.0,rayleigh_block,32,0.035364029255319146,0.03545906762783807,bpsk_rayleigh_block,quantized,k16_radio,,,,quantized
sim_indoor_v1,test_id,quantized,512,188.0,0.0,0,0.0,1,0.3512841756420878,0.32561829971771933,0.0,0.0,0.0,0.0,3620,0,232e20a,180.0,False,0,bpsk,4.0,rayleigh_block,32,0.07683676861702127,0.07713691605639106,bpsk_rayleigh_block,quantized,k16_radio,,,,quantized
sim_indoor_v1,test_id,quantized,512,188.0,0.0,0,0.0,1,0.2510356255178128,0.2291493307112697,0.0,0.0,0.0,0.0,3620,0,232e20a,180.0,False,0,bpsk,0.0,rayleigh_block,32,0.14763754986702127,0.1464466094067262,bpsk_rayleigh_block,quantized,k16_radio,,,,quantized
sim_indoor_v1,test_id,quantized,512,188.0,0.0,0,0.0,1,0.24026512013256007,0.21947650924236983,0.0,0.0,0.0,0.0,3620,0,232e20a,180.0,False,0,bpsk,-2.0,rayleigh_block,32,0.19004529587765956,0.18900836834134227,bpsk_rayleigh_block,quantized,k16_radio,,,,quantized
sim_indoor_v1,test_id,quantized,512,188.0,0.00019090777407599314,0,0.0,1,0.7448218724109362,0.6445631095316016,0.0,0.0,0.0,0.0,3620,0,232e20a,180.0,False,0,none,8.0,none,32,0.00013505651595744681,0.00019090777407599314,matched_ber,quantized,k16_radio,,,,quantized
sim_indoor_v1,test_id,quantized,512,188.0,0.01250081804073755,0,0.0,1,0.5335542667771334,0.4586101095693138,0.0,0.0,0.0,0.0,3620,0,232e20a,180.0,False,0,none,4.0,none,32,0.012321309840425532,0.01250081804073755,matched_ber,quantized,k16_radio,,,,quantized
sim_indoor_v1,test_id,quantized,512,188.0,0.07864960352514258,0,0.0,1,0.34134217067108535,0.3076211441709605,0.0,0.0,0.0,0.0,3620,0,232e20a,180.0,False,0,none,0.0,none,32,0.07960023271276595,0.07864960352514258,matched_ber,quantized,k16_radio,,,,quantized
sim_indoor_v1,test_id,quantized,512,188.0,0.13064448852282917,0,0.0,1,0.2659486329743165,0.2379281010264918,0.0,0.0,0.0,0.0,3620,0,232e20a,180.0,False,0,none,-2.0,none,32,0.1314203789893617,0.13064448852282917,matched_ber,quantized,k16_radio,,,,quantized
sim_indoor_v1,test_ood,quantized,512,188.0,0.0,0,0.0,1,0.7489663319551093,0.607402487711945,0.0,0.0,0.0,0.0,3620,0,232e20a,180.0,False,0,bpsk,8.0,none,32,0.00022855718085106383,0.00019090777407599314,bpsk_awgn,quantized,k16_radio,,,,quantized
sim_indoor_v1,test_ood,quantized,512,188.0,0.0,0,0.0,1,0.5859421145894861,0.48428272796284444,0.0,0.0,0.0,0.0,3620,0,232e20a,180.0,False,0,bpsk,4.0,none,32,0.012830369015957448,0.01250081804073755,bpsk_awgn,quantized,k16_radio,,,,quantized
sim_indoor_v1,test_ood,quantized,512,188.0,0.0,0,0.0,1,0.3951565268753692,0.30993341559595705,0.0,0.0,0.0,0.0,3620,0,232e20a,180.0,False,0,bpsk,0.0,none,32,0.07822888962765959,0.07864960352514258,bpsk_awgn,quantized,k16_radio,,,,quantized
sim_indoor_v1,test_ood,quantized,512,188.0,0.0,0,0.0,1,0.3538098050797401,0.2693003892558413,0.0,0.0,0.0,0.0,3620,0,232e20a,180.0,False,0,bpsk,-2.0,none,32,0.13012175864361702,0.13064448852282917,bpsk_awgn,quantized,k16_radio,,,,quantized
sim_indoor_v1,test_ood,quantized,512,188.0,0.0,0,0.0,1,0.5038393384524513,0.4232156410692819,0.0,0.0,0.0,0.0,3620,0,232e20a,180.0,False,0,bpsk,8.0,rayleigh_block,32,0.03574842087765957,0.03545906762783807,bpsk_rayleigh_block,quantized,k16_radio,,,,quantized
sim_indoor_v1,test_ood,quantized,512,188.0,0.0,0,0.0,1,0.40696987595983464,0.3278632093367361,0.0,0.0,0.0,0.0,3620,0,232e20a,180.0,False,0,bpsk,4.0,rayleigh_block,32,0.07750166223404256,0.07713691605639106,bpsk_rayleigh_block,quantized,k16_radio,,,,quantized
sim_indoor_v1,test_ood,quantized,512,188.0,0.0,0,0.0,1,0.3260484347312463,0.2463926584997081,0.0,0.0,0.0,0.0,3620,0,232e20a,180.0,False,0,bpsk,0.0,rayleigh_block,32,0.14698304521276595,0.1464466094067262,bpsk_rayleigh_block,quantized,k16_radio,,,,quantized
sim_indoor_v1,test_ood,quantized,512,188.0,0.0,0,0.0,1,0.30891907855877143,0.23043075897262302,0.0,0.0,0.0,0.0,3620,0,232e20a,180.0,False,0,bpsk,-2.0,rayleigh_block,32,0.18911028922872342,0.18900836834134227,bpsk_rayleigh_block,quantized,k16_radio,,,,quantized
sim_indoor_v1,test_ood,quantized,512,188.0,0.00019090777407599314,0,0.0,1,0.7454223272297696,0.6051277832232543,0.0,0.0,0.0,0.0,3620,0,232e20a,180.0,False,0,none,8.0,none,32,0.00013505651595744681,0.00019090777407599314,matched_ber,quantized,k16_radio,,,,quantized
sim_indoor_v1,test_ood,quantized,512,188.0,0.01250081804073755,0,0.0,1,0.5948021264028353,0.4923496607601153,0.0,0.0,0.0,0.0,3620,0,232e20a,180.0,False,0,none,4.0,none,32,0.012321309840425532,0.01250081804073755,matched_ber,quantized,k16_radio,,,,quantized
sim_indoor_v1,test_ood,quantized,512,188.0,0.07864960352514258,0,0.0,1,0.3981098641464855,0.3122200797922608,0.0,0.0,0.0,0.0,3620,0,232e20a,180.0,False,0,none,0.0,none,32,0.07960023271276595,0.07864960352514258,matched_ber,quantized,k16_radio,,,,quantized
sim_indoor_v1,test_ood,quantized,512,188.0,0.13064448852282917,0,0.0,1,0.3313644418192558,0.2522926664257058,0.0,0.0,0.0,0.0,3620,0,232e20a,180.0,False,0,none,-2.0,none,32,0.1314203789893617,0.13064448852282917,matched_ber,quantized,k16_radio,,,,quantized
sim_indoor_v1,test_id,binary_hash,512,512.0,0.0,0,0.0,1,0.927920463960232,0.8840704784736426,0.0,0.0,0.0,0.0,81940,2949120,232e20a,,False,0,bpsk,8.0,none,32,0.000213623046875,0.00019090777407599314,bpsk_awgn,binary_hash,k16_radio,4096.0,,,binary_hash
sim_indoor_v1,test_id,binary_hash,512,512.0,0.0,0,0.0,1,0.9262634631317316,0.8868063103527964,0.0,0.0,0.0,0.0,81940,2949120,232e20a,,False,0,bpsk,4.0,none,32,0.012226104736328125,0.01250081804073755,bpsk_awgn,binary_hash,k16_radio,4096.0,,,binary_hash
sim_indoor_v1,test_id,binary_hash,512,512.0,0.0,0,0.0,1,0.8657829328914665,0.8073325871544185,0.0,0.0,0.0,0.0,81940,2949120,232e20a,,False,0,bpsk,0.0,none,32,0.07886505126953125,0.07864960352514258,bpsk_awgn,binary_hash,k16_radio,4096.0,,,binary_hash
sim_indoor_v1,test_id,binary_hash,512,512.0,0.0,0,0.0,1,0.8144159072079536,0.7565933509029384,0.0,0.0,0.0,0.0,81940,2949120,232e20a,,False,0,bpsk,-2.0,none,32,0.13107681274414062,0.13064448852282917,bpsk_awgn,binary_hash,k16_radio,4096.0,,,binary_hash
sim_indoor_v1,test_id,binary_hash,512,512.0,0.0,0,0.0,1,0.9047224523612262,0.8598224074729707,0.0,0.0,0.0,0.0,81940,2949120,232e20a,,False,0,bpsk,8.0,rayleigh_block,32,0.036590576171875,0.03545906762783807,bpsk_rayleigh_block,binary_hash,k16_radio,4096.0,,,binary_hash
sim_indoor_v1,test_id,binary_hash,512,512.0,0.0,0,0.0,1,0.8616404308202155,0.8055288545366011,0.0,0.0,0.0,0.0,81940,2949120,232e20a,,False,0,bpsk,4.0,rayleigh_block,32,0.07711410522460938,0.07713691605639106,bpsk_rayleigh_block,binary_hash,k16_radio,4096.0,,,binary_hash
sim_indoor_v1,test_id,binary_hash,512,512.0,0.0,0,0.0,1,0.8036454018227009,0.7355427428549779,0.0,0.0,0.0,0.0,81940,2949120,232e20a,,False,0,bpsk,0.0,rayleigh_block,32,0.1455841064453125,0.1464466094067262,bpsk_rayleigh_block,binary_hash,k16_radio,4096.0,,,binary_hash
sim_indoor_v1,test_id,binary_hash,512,512.0,0.0,0,0.0,1,0.7390223695111847,0.6517194258877329,0.0,0.0,0.0,0.0,81940,2949120,232e20a,,False,0,bpsk,-2.0,rayleigh_block,32,0.18832015991210938,0.18900836834134227,bpsk_rayleigh_block,binary_hash,k16_radio,4096.0,,,binary_hash
sim_indoor_v1,test_id,binary_hash,512,512.0,0.00019090777407599314,0,0.0,1,0.9287489643744822,0.8871237662506177,0.0,0.0,0.0,0.0,81940,2949120,232e20a,,False,0,none,8.0,none,32,0.000186920166015625,0.00019090777407599314,matched_ber,binary_hash,k16_radio,4096.0,,,binary_hash
sim_indoor_v1,test_id,binary_hash,512,512.0,0.01250081804073755,0,0.0,1,0.9204639602319801,0.8814838914939113,0.0,0.0,0.0,0.0,81940,2949120,232e20a,,False,0,none,4.0,none,32,0.012371063232421875,0.01250081804073755,matched_ber,binary_hash,k16_radio,4096.0,,,binary_hash
sim_indoor_v1,test_id,binary_hash,512,512.0,0.07864960352514258,0,0.0,1,0.8616404308202155,0.8120664947109347,0.0,0.0,0.0,0.0,81940,2949120,232e20a,,False,0,none,0.0,none,32,0.07861328125,0.07864960352514258,matched_ber,binary_hash,k16_radio,4096.0,,,binary_hash
sim_indoor_v1,test_id,binary_hash,512,512.0,0.13064448852282917,0,0.0,1,0.8094449047224523,0.7509871584944481,0.0,0.0,0.0,0.0,81940,2949120,232e20a,,False,0,none,-2.0,none,32,0.13098907470703125,0.13064448852282917,matched_ber,binary_hash,k16_radio,4096.0,,,binary_hash
sim_indoor_v1,test_ood,binary_hash,512,512.0,0.0,0,0.0,1,0.6255168340224454,0.5527434711610641,0.0,0.0,0.0,0.0,81940,2949120,232e20a,,False,0,bpsk,8.0,none,32,0.000213623046875,0.00019090777407599314,bpsk_awgn,binary_hash,k16_radio,4096.0,,,binary_hash
sim_indoor_v1,test_ood,binary_hash,512,512.0,0.0,0,0.0,1,0.6219728292971057,0.5519151416038696,0.0,0.0,0.0,0.0,81940,2949120,232e20a,,False,0,bpsk,4.0,none,32,0.0122222900390625,0.01250081804073755,bpsk_awgn,binary_hash,k16_radio,4096.0,,,binary_hash
sim_indoor_v1,test_ood,binary_hash,512,512.0,0.0,0,0.0,1,0.5953927938570585,0.5277913646375458,0.0,0.0,0.0,0.0,81940,2949120,232e20a,,False,0,bpsk,0.0,none,32,0.07852935791015625,0.07864960352514258,bpsk_awgn,binary_hash,k16_radio,4096.0,,,binary_hash
sim_indoor_v1,test_ood,binary_hash,512,512.0,0.0,0,0.0,1,0.5575900767867691,0.49061263049063497,0.0,0.0,0.0,0.0,81940,2949120,232e20a,,False,0,bpsk,-2.0,none,32,0.1308135986328125,0.13064448852282917,bpsk_awgn,binary_hash,k16_radio,4096.0,,,binary_hash
sim_indoor_v1,test_ood,binary_hash,512,512.0,0.0,0,0.0,1,0.6089781453041937,0.5329182948443721,0.0,0.0,0.0,0.0,81940,2949120,232e20a,,False,0,bpsk,8.0,rayleigh_block,32,0.035980224609375,0.03545906762783807,bpsk_rayleigh_block,binary_hash,k16_radio,4096.0,,,binary_hash
sim_indoor_v1,test_ood,binary_hash,512,512.0,0.0,0,0.0,1,0.5900767867690491,0.5222325064976604,0.0,0.0,0.0,0.0,81940,2949120,232e20a,,False,0,bpsk,4.0,rayleigh_block,32,0.07828903198242188,0.07713691605639106,bpsk_rayleigh_block,binary_hash,k16_radio,4096.0,,,binary_hash
sim_indoor_v1,test_ood,binary_hash,512,512.0,0.0,0,0.0,1,0.561724748966332,0.5003135857464016,0.0,0.0,0.0,0.0,81940,2949120,232e20a,,False,0,bpsk,0.0,rayleigh_block,32,0.1469268798828125,0.1464466094067262,bpsk_rayleigh_block,binary_hash,k16_radio,4096.0,,,binary_hash
sim_indoor_v1,test_ood,binary_hash,512,512.0,0.0,0,0.0,1,0.5351447135262847,0.4840713824360955,0.0,0.0,0.0,0.0,81940,2949120,232e20a,,False,0,bpsk,-2.0,rayleigh_block,32,0.19011688232421875,0.18900836834134227,bpsk_rayleigh_block,binary_hash,k16_radio,4096.0,,,binary_hash
sim_indoor_v1,test_ood,binary_hash,512,512.0,0.00019090777407599314,0,0.0,1,0.6261075014766686,0.5524349594132071,0.0,0.0,0.0,0.0,81940,2949120,232e20a,,False,0,none,8.0,none,32,0.000186920166015625,0.00019090777407599314,matched_ber,binary_hash,k16_radio,4096.0,,,binary_hash
sim_indoor_v1,test_ood,binary_hash,512,512.0,0.01250081804073755,0,0.0,1,0.6142941523922032,0.5373717855747457,0.0,0.0,0.0,0.0,81940,2949120,232e20a,,False,0,none,4.0,none,32,0.012371063232421875,0.01250081804073755,matched_ber,binary_hash,k16_radio,4096.0,,,binary_hash
sim_indoor_v1,test_ood,binary_hash,512,512.0,0.07864960352514258,0,0.0,1,0.5912581216774956,0.5251409213346218,0.0,0.0,0.0,0.0,81940,2949120,232e20a,,False,0,none,0.0,none,32,0.07861328125,0.07864960352514258,matched_ber,binary_hash,k16_radio,4096.0,,,binary_hash
sim_indoor_v1,test_ood,binary_hash,512,512.0,0.13064448852282917,0,0.0,1,0.5611340815121086,0.4980238342174828,0.0,0.0,0.0,0.0,81940,2949120,232e20a,,False,0,none,-2.0,none,32,0.13098907470703125,0.13064448852282917,matched_ber,binary_hash,k16_radio,4096.0,,,binary_hash
sim_indoor_v1,test_id,pure_hdc,512,512.0,0.0,0,0.0,1,0.7323943661971831,0.6644373144836137,0.0,0.0,0.0,0.0,81940,868352,232e20a,,False,0,bpsk,8.0,none,32,0.000194549560546875,0.00019090777407599314,bpsk_awgn,hdc_k1,k16_radio,4096.0,prototype,1.0,hdc_k1
sim_indoor_v1,test_id,pure_hdc,512,512.0,0.0,0,0.0,1,0.728251864125932,0.6597327891857196,0.0,0.0,0.0,0.0,81940,868352,232e20a,,False,0,bpsk,4.0,none,32,0.012149810791015625,0.01250081804073755,bpsk_awgn,hdc_k1,k16_radio,4096.0,prototype,1.0,hdc_k1
sim_indoor_v1,test_id,pure_hdc,512,512.0,0.0,0,0.0,1,0.7249378624689312,0.6565298226276723,0.0,0.0,0.0,0.0,81940,868352,232e20a,,False,0,bpsk,0.0,none,32,0.078399658203125,0.07864960352514258,bpsk_awgn,hdc_k1,k16_radio,4096.0,prototype,1.0,hdc_k1
sim_indoor_v1,test_id,pure_hdc,512,512.0,0.0,0,0.0,1,0.724109362054681,0.6585932261161704,0.0,0.0,0.0,0.0,81940,868352,232e20a,,False,0,bpsk,-2.0,none,32,0.13022613525390625,0.13064448852282917,bpsk_awgn,hdc_k1,k16_radio,4096.0,prototype,1.0,hdc_k1
sim_indoor_v1,test_id,pure_hdc,512,512.0,0.0,0,0.0,1,0.7315658657829329,0.6624266281880089,0.0,0.0,0.0,0.0,81940,868352,232e20a,,False,0,bpsk,8.0,rayleigh_block,32,0.036228179931640625,0.03545906762783807,bpsk_rayleigh_block,hdc_k1,k16_radio,4096.0,prototype,1.0,hdc_k1
sim_indoor_v1,test_id,pure_hdc,512,512.0,0.0,0,0.0,1,0.7315658657829329,0.6644905347897927,0.0,0.0,0.0,0.0,81940,868352,232e20a,,False,0,bpsk,4.0,rayleigh_block,32,0.076812744140625,0.07713691605639106,bpsk_rayleigh_block,hdc_k1,k16_radio,4096.0,prototype,1.0,hdc_k1
sim_indoor_v1,test_id,pure_hdc,512,512.0,0.0,0,0.0,1,0.7257663628831814,0.6565640203700799,0.0,0.0,0.0,0.0,81940,868352,232e20a,,False,0,bpsk,0.0,rayleigh_block,32,0.14567184448242188,0.1464466094067262,bpsk_rayleigh_block,hdc_k1,k16_radio,4096.0,prototype,1.0,hdc_k1
sim_indoor_v1,test_id,pure_hdc,512,512.0,0.0,0,0.0,1,0.7232808616404308,0.6535433890652003,0.0,0.0,0.0,0.0,81940,868352,232e20a,,False,0,bpsk,-2.0,rayleigh_block,32,0.18855667114257812,0.18900836834134227,bpsk_rayleigh_block,hdc_k1,k16_radio,4096.0,prototype,1.0,hdc_k1
sim_indoor_v1,test_id,pure_hdc,512,512.0,0.00019090777407599314,0,0.0,1,0.7315658657829329,0.6638397597602493,0.0,0.0,0.0,0.0,81940,868352,232e20a,,False,0,none,8.0,none,32,0.000186920166015625,0.00019090777407599314,matched_ber,hdc_k1,k16_radio,4096.0,prototype,1.0,hdc_k1
sim_indoor_v1,test_id,pure_hdc,512,512.0,0.01250081804073755,0,0.0,1,0.7307373653686827,0.6623392139724488,0.0,0.0,0.0,0.0,81940,868352,232e20a,,False,0,none,4.0,none,32,0.012371063232421875,0.01250081804073755,matched_ber,hdc_k1,k16_radio,4096.0,prototype,1.0,hdc_k1
sim_indoor_v1,test_id,pure_hdc,512,512.0,0.07864960352514258,0,0.0,1,0.728251864125932,0.6616492724182851,0.0,0.0,0.0,0.0,81940,868352,232e20a,,False,0,none,0.0,none,32,0.07861328125,0.07864960352514258,matched_ber,hdc_k1,k16_radio,4096.0,prototype,1.0,hdc_k1
sim_indoor_v1,test_id,pure_hdc,512,512.0,0.13064448852282917,0,0.0,1,0.7274233637116818,0.6597267941671957,0.0,0.0,0.0,0.0,81940,868352,232e20a,,False,0,none,-2.0,none,32,0.13098907470703125,0.13064448852282917,matched_ber,hdc_k1,k16_radio,4096.0,prototype,1.0,hdc_k1
sim_indoor_v1,test_ood,pure_hdc,512,512.0,0.0,0,0.0,1,0.6993502658003544,0.5942113025311944,0.0,0.0,0.0,0.0,81940,868352,232e20a,,False,0,bpsk,8.0,none,32,0.000202178955078125,0.00019090777407599314,bpsk_awgn,hdc_k1,k16_radio,4096.0,prototype,1.0,hdc_k1
sim_indoor_v1,test_ood,pure_hdc,512,512.0,0.0,0,0.0,1,0.6981689308919079,0.5919723064914957,0.0,0.0,0.0,0.0,81940,868352,232e20a,,False,0,bpsk,4.0,none,32,0.012176513671875,0.01250081804073755,bpsk_awgn,hdc_k1,k16_radio,4096.0,prototype,1.0,hdc_k1
sim_indoor_v1,test_ood,pure_hdc,512,512.0,0.0,0,0.0,1,0.7058476077968104,0.5987637955603502,0.0,0.0,0.0,0.0,81940,868352,232e20a,,False,0,bpsk,0.0,none,32,0.07826614379882812,0.07864960352514258,bpsk_awgn,hdc_k1,k16_radio,4096.0,prototype,1.0,hdc_k1
sim_indoor_v1,test_ood,pure_hdc,512,512.0,0.0,0,0.0,1,0.6981689308919079,0.5889461669680449,0.0,0.0,0.0,0.0,81940,868352,232e20a,,False,0,bpsk,-2.0,none,32,0.13022994995117188,0.13064448852282917,bpsk_awgn,hdc_k1,k16_radio,4096.0,prototype,1.0,hdc_k1
sim_indoor_v1,test_ood,pure_hdc,512,512.0,0.0,0,0.0,1,0.6969875959834613,0.5924345950311491,0.0,0.0,0.0,0.0,81940,868352,232e20a,,False,0,bpsk,8.0,rayleigh_block,32,0.035980224609375,0.03545906762783807,bpsk_rayleigh_block,hdc_k1,k16_radio,4096.0,prototype,1.0,hdc_k1
sim_indoor_v1,test_ood,pure_hdc,512,512.0,0.0,0,0.0,1,0.6969875959834613,0.5958077342158283,0.0,0.0,0.0,0.0,81940,868352,232e20a,,False,0,bpsk,4.0,rayleigh_block,32,0.078033447265625,0.07713691605639106,bpsk_rayleigh_block,hdc_k1,k16_radio,4096.0,prototype,1.0,hdc_k1
sim_indoor_v1,test_ood,pure_hdc,512,512.0,0.0,0,0.0,1,0.6922622563496751,0.5893004461040475,0.0,0.0,0.0,0.0,81940,868352,232e20a,,False,0,bpsk,0.0,rayleigh_block,32,0.14701080322265625,0.1464466094067262,bpsk_rayleigh_block,hdc_k1,k16_radio,4096.0,prototype,1.0,hdc_k1
sim_indoor_v1,test_ood,pure_hdc,512,512.0,0.0,0,0.0,1,0.6845835794447725,0.5865470233596923,0.0,0.0,0.0,0.0,81940,868352,232e20a,,False,0,bpsk,-2.0,rayleigh_block,32,0.18967437744140625,0.18900836834134227,bpsk_rayleigh_block,hdc_k1,k16_radio,4096.0,prototype,1.0,hdc_k1
sim_indoor_v1,test_ood,pure_hdc,512,512.0,0.00019090777407599314,0,0.0,1,0.6981689308919079,0.5937873513347515,0.0,0.0,0.0,0.0,81940,868352,232e20a,,False,0,none,8.0,none,32,0.000186920166015625,0.00019090777407599314,matched_ber,hdc_k1,k16_radio,4096.0,prototype,1.0,hdc_k1
sim_indoor_v1,test_ood,pure_hdc,512,512.0,0.01250081804073755,0,0.0,1,0.7028942705256941,0.5985478305281193,0.0,0.0,0.0,0.0,81940,868352,232e20a,,False,0,none,4.0,none,32,0.012371063232421875,0.01250081804073755,matched_ber,hdc_k1,k16_radio,4096.0,prototype,1.0,hdc_k1
sim_indoor_v1,test_ood,pure_hdc,512,512.0,0.07864960352514258,0,0.0,1,0.7023036030714708,0.596151784630886,0.0,0.0,0.0,0.0,81940,868352,232e20a,,False,0,none,0.0,none,32,0.07861328125,0.07864960352514258,matched_ber,hdc_k1,k16_radio,4096.0,prototype,1.0,hdc_k1
sim_indoor_v1,test_ood,pure_hdc,512,512.0,0.13064448852282917,0,0.0,1,0.6934435912581217,0.5877975275143527,0.0,0.0,0.0,0.0,81940,868352,232e20a,,False,0,none,-2.0,none,32,0.13098907470703125,0.13064448852282917,matched_ber,hdc_k1,k16_radio,4096.0,prototype,1.0,hdc_k1
sim_indoor_v1,test_id,pure_hdc,512,512.0,0.0,0,0.0,1,0.9635459817729909,0.9394999731976863,0.0,0.0,0.0,0.0,1311040,868352,232e20a,,False,0,bpsk,8.0,none,32,0.000194549560546875,0.00019090777407599314,bpsk_awgn,hdc_k16,k16_radio,4096.0,prototype,16.0,hdc_k16
sim_indoor_v1,test_id,pure_hdc,512,512.0,0.0,0,0.0,1,0.9660314830157415,0.9432020828261972,0.0,0.0,0.0,0.0,1311040,868352,232e20a,,False,0,bpsk,4.0,none,32,0.012149810791015625,0.01250081804073755,bpsk_awgn,hdc_k16,k16_radio,4096.0,prototype,16.0,hdc_k16
sim_indoor_v1,test_id,pure_hdc,512,512.0,0.0,0,0.0,1,0.9627174813587407,0.9388190603821404,0.0,0.0,0.0,0.0,1311040,868352,232e20a,,False,0,bpsk,0.0,none,32,0.078399658203125,0.07864960352514258,bpsk_awgn,hdc_k16,k16_radio,4096.0,prototype,16.0,hdc_k16
sim_indoor_v1,test_id,pure_hdc,512,512.0,0.0,0,0.0,1,0.9618889809444905,0.937408349473578,0.0,0.0,0.0,0.0,1311040,868352,232e20a,,False,0,bpsk,-2.0,none,32,0.13022613525390625,0.13064448852282917,bpsk_awgn,hdc_k16,k16_radio,4096.0,prototype,16.0,hdc_k16
sim_indoor_v1,test_id,pure_hdc,512,512.0,0.0,0,0.0,1,0.9635459817729909,0.9394410983595096,0.0,0.0,0.0,0.0,1311040,868352,232e20a,,False,0,bpsk,8.0,rayleigh_block,32,0.036228179931640625,0.03545906762783807,bpsk_rayleigh_block,hdc_k16,k16_radio,4096.0,prototype,16.0,hdc_k16
sim_indoor_v1,test_id,pure_hdc,512,512.0,0.0,0,0.0,1,0.9618889809444905,0.9374209634580849,0.0,0.0,0.0,0.0,1311040,868352,232e20a,,False,0,bpsk,4.0,rayleigh_block,32,0.076812744140625,0.07713691605639106,bpsk_rayleigh_block,hdc_k16,k16_radio,4096.0,prototype,16.0,hdc_k16
sim_indoor_v1,test_id,pure_hdc,512,512.0,0.0,0,0.0,1,0.9585749792874897,0.9315533671817745,0.0,0.0,0.0,0.0,1311040,868352,232e20a,,False,0,bpsk,0.0,rayleigh_block,32,0.14567184448242188,0.1464466094067262,bpsk_rayleigh_block,hdc_k16,k16_radio,4096.0,prototype,16.0,hdc_k16
sim_indoor_v1,test_id,pure_hdc,512,512.0,0.0,0,0.0,1,0.9569179784589892,0.9295773841892047,0.0,0.0,0.0,0.0,1311040,868352,232e20a,,False,0,bpsk,-2.0,rayleigh_block,32,0.18855667114257812,0.18900836834134227,bpsk_rayleigh_block,hdc_k16,k16_radio,4096.0,prototype,16.0,hdc_k16
sim_indoor_v1,test_id,pure_hdc,512,512.0,0.00019090777407599314,0,0.0,1,0.9627174813587407,0.9384235720388261,0.0,0.0,0.0,0.0,1311040,868352,232e20a,,False,0,none,8.0,none,32,0.000186920166015625,0.00019090777407599314,matched_ber,hdc_k16,k16_radio,4096.0,prototype,16.0,hdc_k16
sim_indoor_v1,test_id,pure_hdc,512,512.0,0.01250081804073755,0,0.0,1,0.9652029826014913,0.9418042393057569,0.0,0.0,0.0,0.0,1311040,868352,232e20a,,False,0,none,4.0,none,32,0.012371063232421875,0.01250081804073755,matched_ber,hdc_k16,k16_radio,4096.0,prototype,16.0,hdc_k16
sim_indoor_v1,test_id,pure_hdc,512,512.0,0.07864960352514258,0,0.0,1,0.9610604805302403,0.9364190456038228,0.0,0.0,0.0,0.0,1311040,868352,232e20a,,False,0,none,0.0,none,32,0.07861328125,0.07864960352514258,matched_ber,hdc_k16,k16_radio,4096.0,prototype,16.0,hdc_k16
sim_indoor_v1,test_id,pure_hdc,512,512.0,0.13064448852282917,0,0.0,1,0.9610604805302403,0.9350378232267642,0.0,0.0,0.0,0.0,1311040,868352,232e20a,,False,0,none,-2.0,none,32,0.13098907470703125,0.13064448852282917,matched_ber,hdc_k16,k16_radio,4096.0,prototype,16.0,hdc_k16
sim_indoor_v1,test_ood,pure_hdc,512,512.0,0.0,0,0.0,1,0.8529238038984052,0.7133083358343507,0.0,0.0,0.0,0.0,1311040,868352,232e20a,,False,0,bpsk,8.0,none,32,0.000202178955078125,0.00019090777407599314,bpsk_awgn,hdc_k16,k16_radio,4096.0,prototype,16.0,hdc_k16
sim_indoor_v1,test_ood,pure_hdc,512,512.0,0.0,0,0.0,1,0.8505611340815121,0.7091604344593394,0.0,0.0,0.0,0.0,1311040,868352,232e20a,,False,0,bpsk,4.0,none,32,0.012176513671875,0.01250081804073755,bpsk_awgn,hdc_k16,k16_radio,4096.0,prototype,16.0,hdc_k16
sim_indoor_v1,test_ood,pure_hdc,512,512.0,0.0,0,0.0,1,0.8505611340815121,0.7083529741705841,0.0,0.0,0.0,0.0,1311040,868352,232e20a,,False,0,bpsk,0.0,none,32,0.07826614379882812,0.07864960352514258,bpsk_awgn,hdc_k16,k16_radio,4096.0,prototype,16.0,hdc_k16
sim_indoor_v1,test_ood,pure_hdc,512,512.0,0.0,0,0.0,1,0.8452451269935026,0.7011212908353819,0.0,0.0,0.0,0.0,1311040,868352,232e20a,,False,0,bpsk,-2.0,none,32,0.13022994995117188,0.13064448852282917,bpsk_awgn,hdc_k16,k16_radio,4096.0,prototype,16.0,hdc_k16
sim_indoor_v1,test_ood,pure_hdc,512,512.0,0.0,0,0.0,1,0.8505611340815121,0.7052933033088491,0.0,0.0,0.0,0.0,1311040,868352,232e20a,,False,0,bpsk,8.0,rayleigh_block,32,0.035980224609375,0.03545906762783807,bpsk_rayleigh_block,hdc_k16,k16_radio,4096.0,prototype,16.0,hdc_k16
sim_indoor_v1,test_ood,pure_hdc,512,512.0,0.0,0,0.0,1,0.8493797991730656,0.7075396546665518,0.0,0.0,0.0,0.0,1311040,868352,232e20a,,False,0,bpsk,4.0,rayleigh_block,32,0.078033447265625,0.07713691605639106,bpsk_rayleigh_block,hdc_k16,k16_radio,4096.0,prototype,16.0,hdc_k16
sim_indoor_v1,test_ood,pure_hdc,512,512.0,0.0,0,0.0,1,0.8464264619019493,0.7050532869627092,0.0,0.0,0.0,0.0,1311040,868352,232e20a,,False,0,bpsk,0.0,rayleigh_block,32,0.14701080322265625,0.1464466094067262,bpsk_rayleigh_block,hdc_k16,k16_radio,4096.0,prototype,16.0,hdc_k16
sim_indoor_v1,test_ood,pure_hdc,512,512.0,0.0,0,0.0,1,0.8369757826343769,0.6983279642777483,0.0,0.0,0.0,0.0,1311040,868352,232e20a,,False,0,bpsk,-2.0,rayleigh_block,32,0.18967437744140625,0.18900836834134227,bpsk_rayleigh_block,hdc_k16,k16_radio,4096.0,prototype,16.0,hdc_k16
sim_indoor_v1,test_ood,pure_hdc,512,512.0,0.00019090777407599314,0,0.0,1,0.8535144713526285,0.7136985797367897,0.0,0.0,0.0,0.0,1311040,868352,232e20a,,False,0,none,8.0,none,32,0.000186920166015625,0.00019090777407599314,matched_ber,hdc_k16,k16_radio,4096.0,prototype,16.0,hdc_k16
sim_indoor_v1,test_ood,pure_hdc,512,512.0,0.01250081804073755,0,0.0,1,0.8511518015357353,0.7117966893565548,0.0,0.0,0.0,0.0,1311040,868352,232e20a,,False,0,none,4.0,none,32,0.012371063232421875,0.01250081804073755,matched_ber,hdc_k16,k16_radio,4096.0,prototype,16.0,hdc_k16
sim_indoor_v1,test_ood,pure_hdc,512,512.0,0.07864960352514258,0,0.0,1,0.8476077968103958,0.7036459622662697,0.0,0.0,0.0,0.0,1311040,868352,232e20a,,False,0,none,0.0,none,32,0.07861328125,0.07864960352514258,matched_ber,hdc_k16,k16_radio,4096.0,prototype,16.0,hdc_k16
sim_indoor_v1,test_ood,pure_hdc,512,512.0,0.13064448852282917,0,0.0,1,0.8440637920850561,0.7051778982381323,0.0,0.0,0.0,0.0,1311040,868352,232e20a,,False,0,none,-2.0,none,32,0.13098907470703125,0.13064448852282917,matched_ber,hdc_k16,k16_radio,4096.0,prototype,16.0,hdc_k16
sim_indoor_v1,test_id,pure_hdc,512,512.0,0.0,0,0.0,1,0.971830985915493,0.9517402951276497,0.0,0.0,0.0,0.0,163880,868352,232e20a,,False,0,bpsk,8.0,none,32,0.000194549560546875,0.00019090777407599314,bpsk_awgn,hdc_linear,k16_radio,4096.0,linear,1.0,hdc_linear
sim_indoor_v1,test_id,pure_hdc,512,512.0,0.0,0,0.0,1,0.9734879867439934,0.9542200124567739,0.0,0.0,0.0,0.0,163880,868352,232e20a,,False,0,bpsk,4.0,none,32,0.012149810791015625,0.01250081804073755,bpsk_awgn,hdc_linear,k16_radio,4096.0,linear,1.0,hdc_linear
sim_indoor_v1,test_id,pure_hdc,512,512.0,0.0,0,0.0,1,0.9635459817729909,0.9406741497776567,0.0,0.0,0.0,0.0,163880,868352,232e20a,,False,0,bpsk,0.0,none,32,0.078399658203125,0.07864960352514258,bpsk_awgn,hdc_linear,k16_radio,4096.0,linear,1.0,hdc_linear
sim_indoor_v1,test_id,pure_hdc,512,512.0,0.0,0,0.0,1,0.956089478044739,0.9307319916965998,0.0,0.0,0.0,0.0,163880,868352,232e20a,,False,0,bpsk,-2.0,none,32,0.13022613525390625,0.13064448852282917,bpsk_awgn,hdc_linear,k16_radio,4096.0,linear,1.0,hdc_linear
sim_indoor_v1,test_id,pure_hdc,512,512.0,0.0,0,0.0,1,0.9685169842584921,0.9451963067289062,0.0,0.0,0.0,0.0,163880,868352,232e20a,,False,0,bpsk,8.0,rayleigh_block,32,0.036228179931640625,0.03545906762783807,bpsk_rayleigh_block,hdc_linear,k16_radio,4096.0,linear,1.0,hdc_linear
sim_indoor_v1,test_id,pure_hdc,512,512.0,0.0,0,0.0,1,0.9627174813587407,0.9363639076140224,0.0,0.0,0.0,0.0,163880,868352,232e20a,,False,0,bpsk,4.0,rayleigh_block,32,0.076812744140625,0.07713691605639106,bpsk_rayleigh_block,hdc_linear,k16_radio,4096.0,linear,1.0,hdc_linear
sim_indoor_v1,test_id,pure_hdc,512,512.0,0.0,0,0.0,1,0.9362054681027341,0.8972765449037429,0.0,0.0,0.0,0.0,163880,868352,232e20a,,False,0,bpsk,0.0,rayleigh_block,32,0.14567184448242188,0.1464466094067262,bpsk_rayleigh_block,hdc_linear,k16_radio,4096.0,linear,1.0,hdc_linear
sim_indoor_v1,test_id,pure_hdc,512,512.0,0.0,0,0.0,1,0.9179784589892295,0.8746549594022403,0.0,0.0,0.0,0.0,163880,868352,232e20a,,False,0,bpsk,-2.0,rayleigh_block,32,0.18855667114257812,0.18900836834134227,bpsk_rayleigh_block,hdc_linear,k16_radio,4096.0,linear,1.0,hdc_linear
sim_indoor_v1,test_id,pure_hdc,512,512.0,0.00019090777407599314,0,0.0,1,0.9734879867439934,0.9541877978736597,0.0,0.0,0.0,0.0,163880,868352,232e20a,,False,0,none,8.0,none,32,0.000186920166015625,0.00019090777407599314,matched_ber,hdc_linear,k16_radio,4096.0,linear,1.0,hdc_linear
sim_indoor_v1,test_id,pure_hdc,512,512.0,0.01250081804073755,0,0.0,1,0.9751449875724938,0.9550178663265866,0.0,0.0,0.0,0.0,163880,868352,232e20a,,False,0,none,4.0,none,32,0.012371063232421875,0.01250081804073755,matched_ber,hdc_linear,k16_radio,4096.0,linear,1.0,hdc_linear
sim_indoor_v1,test_id,pure_hdc,512,512.0,0.07864960352514258,0,0.0,1,0.9618889809444905,0.9339256256690979,0.0,0.0,0.0,0.0,163880,868352,232e20a,,False,0,none,0.0,none,32,0.07861328125,0.07864960352514258,matched_ber,hdc_linear,k16_radio,4096.0,linear,1.0,hdc_linear
sim_indoor_v1,test_id,pure_hdc,512,512.0,0.13064448852282917,0,0.0,1,0.947804473902237,0.9145236073999616,0.0,0.0,0.0,0.0,163880,868352,232e20a,,False,0,none,-2.0,none,32,0.13098907470703125,0.13064448852282917,matched_ber,hdc_linear,k16_radio,4096.0,linear,1.0,hdc_linear
sim_indoor_v1,test_ood,pure_hdc,512,512.0,0.0,0,0.0,1,0.8180744240992321,0.6616511797389869,0.0,0.0,0.0,0.0,163880,868352,232e20a,,False,0,bpsk,8.0,none,32,0.000202178955078125,0.00019090777407599314,bpsk_awgn,hdc_linear,k16_radio,4096.0,linear,1.0,hdc_linear
sim_indoor_v1,test_ood,pure_hdc,512,512.0,0.0,0,0.0,1,0.8098050797401063,0.6496213376893623,0.0,0.0,0.0,0.0,163880,868352,232e20a,,False,0,bpsk,4.0,none,32,0.012176513671875,0.01250081804073755,bpsk_awgn,hdc_linear,k16_radio,4096.0,linear,1.0,hdc_linear
sim_indoor_v1,test_ood,pure_hdc,512,512.0,0.0,0,0.0,1,0.7979917306556409,0.6423385714656242,0.0,0.0,0.0,0.0,163880,868352,232e20a,,False,0,bpsk,0.0,none,32,0.07826614379882812,0.07864960352514258,bpsk_awgn,hdc_linear,k16_radio,4096.0,linear,1.0,hdc_linear
sim_indoor_v1,test_ood,pure_hdc,512,512.0,0.0,0,0.0,1,0.7867690490253987,0.6307653372228235,0.0,0.0,0.0,0.0,163880,868352,232e20a,,False,0,bpsk,-2.0,none,32,0.13022994995117188,0.13064448852282917,bpsk_awgn,hdc_linear,k16_radio,4096.0,linear,1.0,hdc_linear
sim_indoor_v1,test_ood,pure_hdc,512,512.0,0.0,0,0.0,1,0.8074424099232133,0.6514386006967976,0.0,0.0,0.0,0.0,163880,868352,232e20a,,False,0,bpsk,8.0,rayleigh_block,32,0.035980224609375,0.03545906762783807,bpsk_rayleigh_block,hdc_linear,k16_radio,4096.0,linear,1.0,hdc_linear
sim_indoor_v1,test_ood,pure_hdc,512,512.0,0.0,0,0.0,1,0.8009450679267572,0.6491599531347155,0.0,0.0,0.0,0.0,163880,868352,232e20a,,False,0,bpsk,4.0,rayleigh_block,32,0.078033447265625,0.07713691605639106,bpsk_rayleigh_block,hdc_linear,k16_radio,4096.0,linear,1.0,hdc_linear
sim_indoor_v1,test_ood,pure_hdc,512,512.0,0.0,0,0.0,1,0.7790903721204961,0.6289134175533719,0.0,0.0,0.0,0.0,163880,868352,232e20a,,False,0,bpsk,0.0,rayleigh_block,32,0.14701080322265625,0.1464466094067262,bpsk_rayleigh_block,hdc_linear,k16_radio,4096.0,linear,1.0,hdc_linear
sim_indoor_v1,test_ood,pure_hdc,512,512.0,0.0,0,0.0,1,0.7666863555818074,0.6268342553599392,0.0,0.0,0.0,0.0,163880,868352,232e20a,,False,0,bpsk,-2.0,rayleigh_block,32,0.18967437744140625,0.18900836834134227,bpsk_rayleigh_block,hdc_linear,k16_radio,4096.0,linear,1.0,hdc_linear
sim_indoor_v1,test_ood,pure_hdc,512,512.0,0.00019090777407599314,0,0.0,1,0.8174837566450088,0.6614560908713998,0.0,0.0,0.0,0.0,163880,868352,232e20a,,False,0,none,8.0,none,32,0.000186920166015625,0.00019090777407599314,matched_ber,hdc_linear,k16_radio,4096.0,linear,1.0,hdc_linear
sim_indoor_v1,test_ood,pure_hdc,512,512.0,0.01250081804073755,0,0.0,1,0.8103957471943296,0.6552666876912172,0.0,0.0,0.0,0.0,163880,868352,232e20a,,False,0,none,4.0,none,32,0.012371063232421875,0.01250081804073755,matched_ber,hdc_linear,k16_radio,4096.0,linear,1.0,hdc_linear
sim_indoor_v1,test_ood,pure_hdc,512,512.0,0.07864960352514258,0,0.0,1,0.7944477259303012,0.6352635149468917,0.0,0.0,0.0,0.0,163880,868352,232e20a,,False,0,none,0.0,none,32,0.07861328125,0.07864960352514258,matched_ber,hdc_linear,k16_radio,4096.0,linear,1.0,hdc_linear
sim_indoor_v1,test_ood,pure_hdc,512,512.0,0.13064448852282917,0,0.0,1,0.7926757235676314,0.6442051911924482,0.0,0.0,0.0,0.0,163880,868352,232e20a,,False,0,none,-2.0,none,32,0.13098907470703125,0.13064448852282917,matched_ber,hdc_linear,k16_radio,4096.0,linear,1.0,hdc_linear
sim_indoor_v1,test_id,quantized,128,128.0,0.0,0,0.0,2,0.7365368682684341,0.634610572983467,0.0,0.0,0.0,0.0,2420,0,232e20a,120.0,False,0,bpsk,8.0,none,32,0.000152587890625,0.00019090777407599314,bpsk_awgn,quantized,k16_radio,,,,quantized
sim_indoor_v1,test_id,quantized,128,128.0,0.0,0,0.0,2,0.5832642916321458,0.5010764854945005,0.0,0.0,0.0,0.0,2420,0,232e20a,120.0,False,0,bpsk,4.0,none,32,0.012542724609375,0.01250081804073755,bpsk_awgn,quantized,k16_radio,,,,quantized
sim_indoor_v1,test_id,quantized,128,128.0,0.0,0,0.0,2,0.35376967688483846,0.3129086890587646,0.0,0.0,0.0,0.0,2420,0,232e20a,120.0,False,0,bpsk,0.0,none,32,0.079925537109375,0.07864960352514258,bpsk_awgn,quantized,k16_radio,,,,quantized
sim_indoor_v1,test_id,quantized,128,128.0,0.0,0,0.0,2,0.2899751449875725,0.2533097468574045,0.0,0.0,0.0,0.0,2420,0,232e20a,120.0,False,0,bpsk,-2.0,none,32,0.1324005126953125,0.13064448852282917,bpsk_awgn,quantized,k16_radio,,,,quantized
sim_indoor_v1,test_id,quantized,128,128.0,0.0,0,0.0,2,0.4780447390223695,0.4197724671090491,0.0,0.0,0.0,0.0,2420,0,232e20a,120.0,False,0,bpsk,8.0,rayleigh_block,32,0.0340728759765625,0.03545906762783807,bpsk_rayleigh_block,quantized,k16_radio,,,,quantized
sim_indoor_v1,test_id,quantized,128,128.0,0.0,0,0.0,2,0.38939519469759737,0.34674370893780815,0.0,0.0,0.0,0.0,2420,0,232e20a,120.0,False,0,bpsk,4.0,rayleigh_block,32,0.0744476318359375,0.07713691605639106,bpsk_rayleigh_block,quantized,k16_radio,,,,quantized
sim_indoor_v1,test_id,quantized,128,128.0,0.0,0,0.0,2,0.29246064623032314,0.2596723401512758,0.0,0.0,0.0,0.0,2420,0,232e20a,120.0,False,0,bpsk,0.0,rayleigh_block,32,0.1426849365234375,0.1464466094067262,bpsk_rayleigh_block,quantized,k16_radio,,,,quantized
sim_indoor_v1,test_id,quantized,128,128.0,0.0,0,0.0,2,0.2444076222038111,0.2168823361311541,0.0,0.0,0.0,0.0,2420,0,232e20a,120.0,False,0,bpsk,-2.0,rayleigh_block,32,0.184417724609375,0.18900836834134227,bpsk_rayleigh_block,quantized,k16_radio,,,,quantized
sim_indoor_v1,test_id,quantized,128,128.0,0.00019090777407599314,0,0.0,2,0.7423363711681856,0.641781567177391,0.0,0.0,0.0,0.0,2420,0,232e20a,120.0,False,0,none,8.0,none,32,0.0002899169921875,0.00019090777407599314,matched_ber,quantized,k16_radio,,,,quantized
sim_indoor_v1,test_id,quantized,128,128.0,0.01250081804073755,0,0.0,2,0.5724937862468932,0.49324511832128487,0.0,0.0,0.0,0.0,2420,0,232e20a,120.0,False,0,none,4.0,none,32,0.0118865966796875,0.01250081804073755,matched_ber,quantized,k16_radio,,,,quantized
sim_indoor_v1,test_id,quantized,128,128.0,0.07864960352514258,0,0.0,2,0.32974316487158245,0.29204599040775703,0.0,0.0,0.0,0.0,2420,0,232e20a,120.0,False,0,none,0.0,none,32,0.0781402587890625,0.07864960352514258,matched_ber,quantized,k16_radio,,,,quantized
sim_indoor_v1,test_id,quantized,128,128.0,0.13064448852282917,0,0.0,2,0.29660314830157414,0.2664005941038442,0.0,0.0,0.0,0.0,2420,0,232e20a,120.0,False,0,none,-2.0,none,32,0.131317138671875,0.13064448852282917,matched_ber,quantized,k16_radio,,,,quantized
sim_indoor_v1,test_ood,quantized,128,128.0,0.0,0,0.0,2,0.7253396337861784,0.5912340131596213,0.0,0.0,0.0,0.0,2420,0,232e20a,120.0,False,0,bpsk,8.0,none,32,0.000152587890625,0.00019090777407599314,bpsk_awgn,quantized,k16_radio,,,,quantized
sim_indoor_v1,test_ood,quantized,128,128.0,0.0,0,0.0,2,0.6012994683992912,0.4975467161840349,0.0,0.0,0.0,0.0,2420,0,232e20a,120.0,False,0,bpsk,4.0,none,32,0.012969970703125,0.01250081804073755,bpsk_awgn,quantized,k16_radio,,,,quantized
sim_indoor_v1,test_ood,quantized,128,128.0,0.0,0,0.0,2,0.4388659184878913,0.3487301516470544,0.0,0.0,0.0,0.0,2420,0,232e20a,120.0,False,0,bpsk,0.0,none,32,0.081268310546875,0.07864960352514258,bpsk_awgn,quantized,k16_radio,,,,quantized
sim_indoor_v1,test_ood,quantized,128,128.0,0.0,0,0.0,2,0.36798582398109864,0.27615166757539666,0.0,0.0,0.0,0.0,2420,0,232e20a,120.0,False,0,bpsk,-2.0,none,32,0.1326751708984375,0.13064448852282917,bpsk_awgn,quantized,k16_radio,,,,quantized
sim_indoor_v1,test_ood,quantized,128,128.0,0.0,0,0.0,2,0.5221500295333728,0.4290500989127114,0.0,0.0,0.0,0.0,2420,0,232e20a,120.0,False,0,bpsk,8.0,rayleigh_block,32,0.03204345703125,0.03545906762783807,bpsk_rayleigh_block,quantized,k16_radio,,,,quantized
sim_indoor_v1,test_ood,quantized,128,128.0,0.0,0,0.0,2,0.42528056704075606,0.3399463556157155,0.0,0.0,0.0,0.0,2420,0,232e20a,120.0,False,0,bpsk,4.0,rayleigh_block,32,0.0723724365234375,0.07713691605639106,bpsk_rayleigh_block,quantized,k16_radio,,,,quantized
sim_indoor_v1,test_ood,quantized,128,128.0,0.0,0,0.0,2,0.377436503248671,0.2874828717089282,0.0,0.0,0.0,0.0,2420,0,232e20a,120.0,False,0,bpsk,0.0,rayleigh_block,32,0.1391143798828125,0.1464466094067262,bpsk_rayleigh_block,quantized,k16_radio,,,,quantized
sim_indoor_v1,test_ood,quantized,128,128.0,0.0,0,0.0,2,0.3266391021854696,0.23818075634382066,0.0,0.0,0.0,0.0,2420,0,232e20a,120.0,False,0,bpsk,-2.0,rayleigh_block,32,0.181365966796875,0.18900836834134227,bpsk_rayleigh_block,quantized,k16_radio,,,,quantized
sim_indoor_v1,test_ood,quantized,128,128.0,0.00019090777407599314,0,0.0,2,0.7306556408741879,0.5988410142489923,0.0,0.0,0.0,0.0,2420,0,232e20a,120.0,False,0,none,8.0,none,32,0.0002899169921875,0.00019090777407599314,matched_ber,quantized,k16_radio,,,,quantized
sim_indoor_v1,test_ood,quantized,128,128.0,0.01250081804073755,0,0.0,2,0.6137034849379799,0.4993169293087897,0.0,0.0,0.0,0.0,2420,0,232e20a,120.0,False,0,none,4.0,none,32,0.0118865966796875,0.01250081804073755,matched_ber,quantized,k16_radio,,,,quantized
sim_indoor_v1,test_ood,quantized,128,128.0,0.07864960352514258,0,0.0,2,0.4176018901358535,0.33477837977458064,0.0,0.0,0.0,0.0,2420,0,232e20a,120.0,False,0,none,0.0,none,32,0.0781402587890625,0.07864960352514258,matched_ber,quantized,k16_radio,,,,quantized
sim_indoor_v1,test_ood,quantized,128,128.0,0.13064448852282917,0,0.0,2,0.3668044890726521,0.279147505685691,0.0,0.0,0.0,0.0,2420,0,232e20a,120.0,False,0,none,-2.0,none,32,0.131317138671875,0.13064448852282917,matched_ber,quantized,k16_radio,,,,quantized
sim_indoor_v1,test_id,binary_hash,128,128.0,0.0,0,0.0,2,0.8624689312344657,0.7923660641149016,0.0,0.0,0.0,0.0,20500,737280,232e20a,,False,0,bpsk,8.0,none,32,7.62939453125e-05,0.00019090777407599314,bpsk_awgn,binary_hash,k16_radio,1024.0,,,binary_hash
sim_indoor_v1,test_id,binary_hash,128,128.0,0.0,0,0.0,2,0.8309859154929577,0.7649246076370877,0.0,0.0,0.0,0.0,20500,737280,232e20a,,False,0,bpsk,4.0,none,32,0.0125579833984375,0.01250081804073755,bpsk_awgn,binary_hash,k16_radio,1024.0,,,binary_hash
sim_indoor_v1,test_id,binary_hash,128,128.0,0.0,0,0.0,2,0.7290803645401823,0.6453949505047509,0.0,0.0,0.0,0.0,20500,737280,232e20a,,False,0,bpsk,0.0,none,32,0.0787353515625,0.07864960352514258,bpsk_awgn,binary_hash,k16_radio,1024.0,,,binary_hash
sim_indoor_v1,test_id,binary_hash,128,128.0,0.0,0,0.0,2,0.6454018227009114,0.5635490700441965,0.0,0.0,0.0,0.0,20500,737280,232e20a,,False,0,bpsk,-2.0,none,32,0.1298980712890625,0.13064448852282917,bpsk_awgn,binary_hash,k16_radio,1024.0,,,binary_hash
sim_indoor_v1,test_id,binary_hash,128,128.0,0.0,0,0.0,2,0.7804473902236951,0.6956547722771458,0.0,0.0,0.0,0.0,20500,737280,232e20a,,False,0,bpsk,8.0,rayleigh_block,32,0.0327911376953125,0.03545906762783807,bpsk_rayleigh_block,binary_hash,k16_radio,1024.0,,,binary_hash
sim_indoor_v1,test_id,binary_hash,128,128.0,0.0,0,0.0,2,0.7108533554266777,0.6163867888567482,0.0,0.0,0.0,0.0,20500,737280,232e20a,,False,0,bpsk,4.0,rayleigh_block,32,0.0714263916015625,0.07713691605639106,bpsk_rayleigh_block,binary_hash,k16_radio,1024.0,,,binary_hash
sim_indoor_v1,test_id,binary_hash,128,128.0,0.0,0,0.0,2,0.6155758077879039,0.5316797525291439,0.0,0.0,0.0,0.0,20500,737280,232e20a,,False,0,bpsk,0.0,rayleigh_block,32,0.139739990234375,0.1464466094067262,bpsk_rayleigh_block,binary_hash,k16_radio,1024.0,,,binary_hash
sim_indoor_v1,test_id,binary_hash,128,128.0,0.0,0,0.0,2,0.5700082850041425,0.48273737757207014,0.0,0.0,0.0,0.0,20500,737280,232e20a,,False,0,bpsk,-2.0,rayleigh_block,32,0.181884765625,0.18900836834134227,bpsk_rayleigh_block,binary_hash,k16_radio,1024.0,,,binary_hash
sim_indoor_v1,test_id,binary_hash,128,128.0,0.00019090777407599314,0,0.0,2,0.8616404308202155,0.79027722006027,0.0,0.0,0.0,0.0,20500,737280,232e20a,,False,0,none,8.0,none,32,0.0002899169921875,0.00019090777407599314,matched_ber,binary_hash,k16_radio,1024.0,,,binary_hash
sim_indoor_v1,test_id,binary_hash,128,128.0,0.01250081804073755,0,0.0,2,0.8285004142502072,0.7499774178164906,0.0,0.0,0.0,0.0,20500,737280,232e20a,,False,0,none,4.0,none,32,0.0118865966796875,0.01250081804073755,matched_ber,binary_hash,k16_radio,1024.0,,,binary_hash
sim_indoor_v1,test_id,binary_hash,128,128.0,0.07864960352514258,0,0.0,2,0.7224523612261806,0.6386128794369672,0.0,0.0,0.0,0.0,20500,737280,232e20a,,False,0,none,0.0,none,32,0.0781402587890625,0.07864960352514258,matched_ber,binary_hash,k16_radio,1024.0,,,binary_hash
sim_indoor_v1,test_id,binary_hash,128,128.0,0.13064448852282917,0,0.0,2,0.6462303231151616,0.5625604771855046,0.0,0.0,0.0,0.0,20500,737280,232e20a,,False,0,none,-2.0,none,32,0.131317138671875,0.13064448852282917,matched_ber,binary_hash,k16_radio,1024.0,,,binary_hash
sim_indoor_v1,test_ood,binary_hash,128,128.0,0.0,0,0.0,2,0.5930301240401654,0.5166892194519558,0.0,0.0,0.0,0.0,20500,737280,232e20a,,False,0,bpsk,8.0,none,32,0.000152587890625,0.00019090777407599314,bpsk_awgn,binary_hash,k16_radio,1024.0,,,binary_hash
sim_indoor_v1,test_ood,binary_hash,128,128.0,0.0,0,0.0,2,0.5900767867690491,0.5276153844536731,0.0,0.0,0.0,0.0,20500,737280,232e20a,,False,0,bpsk,4.0,none,32,0.0121002197265625,0.01250081804073755,bpsk_awgn,binary_hash,k16_radio,1024.0,,,binary_hash
sim_indoor_v1,test_ood,binary_hash,128,128.0,0.0,0,0.0,2,0.5180153573538098,0.4693188117320676,0.0,0.0,0.0,0.0,20500,737280,232e20a,,False,0,bpsk,0.0,none,32,0.0792388916015625,0.07864960352514258,bpsk_awgn,binary_hash,k16_radio,1024.0,,,binary_hash
sim_indoor_v1,test_ood,binary_hash,128,128.0,0.0,0,0.0,2,0.48375664500886,0.44006731750859795,0.0,0.0,0.0,0.0,20500,737280,232e20a,,False,0,bpsk,-2.0,none,32,0.1311187744140625,0.13064448852282917,bpsk_awgn,binary_hash,k16_radio,1024.0,,,binary_hash
sim_indoor_v1,test_ood,binary_hash,128,128.0,0.0,0,0.0,2,0.5581807442409923,0.4835201943339059,0.0,0.0,0.0,0.0,20500,737280,232e20a,,False,0,bpsk,8.0,rayleigh_block,32,0.0336151123046875,0.03545906762783807,bpsk_rayleigh_block,binary_hash,k16_radio,1024.0,,,binary_hash
sim_indoor_v1,test_ood,binary_hash,128,128.0,0.0,0,0.0,2,0.542232722976964,0.48025506264895307,0.0,0.0,0.0,0.0,20500,737280,232e20a,,False,0,bpsk,4.0,rayleigh_block,32,0.072601318359375,0.07713691605639106,bpsk_rayleigh_block,binary_hash,k16_radio,1024.0,,,binary_hash
sim_indoor_v1,test_ood,binary_hash,128,128.0,0.0,0,0.0,2,0.49970466627288834,0.4542812584040868,0.0,0.0,0.0,0.0,20500,737280,232e20a,,False,0,bpsk,0.0,rayleigh_block,32,0.139312744140625,0.1464466094067262,bpsk_rayleigh_block,binary_hash,k16_radio,1024.0,,,binary_hash
sim_indoor_v1,test_ood,binary_hash,128,128.0,0.0,0,0.0,2,0.4689899586532782,0.44037627743451413,0.0,0.0,0.0,0.0,20500,737280,232e20a,,False,0,bpsk,-2.0,rayleigh_block,32,0.1821441650390625,0.18900836834134227,bpsk_rayleigh_block,binary_hash,k16_radio,1024.0,,,binary_hash
sim_indoor_v1,test_ood,binary_hash,128,128.0,0.00019090777407599314,0,0.0,2,0.5959834613112818,0.5196647927755161,0.0,0.0,0.0,0.0,20500,737280,232e20a,,False,0,none,8.0,none,32,0.0002899169921875,0.00019090777407599314,matched_ber,binary_hash,k16_radio,1024.0,,,binary_hash
sim_indoor_v1,test_ood,binary_hash,128,128.0,0.01250081804073755,0,0.0,2,0.5894861193148258,0.51750322464367,0.0,0.0,0.0,0.0,20500,737280,232e20a,,False,0,none,4.0,none,32,0.0118865966796875,0.01250081804073755,matched_ber,binary_hash,k16_radio,1024.0,,,binary_hash
sim_indoor_v1,test_ood,binary_hash,128,128.0,0.07864960352514258,0,0.0,2,0.5434140578854105,0.48234668361690647,0.0,0.0,0.0,0.0,20500,737280,232e20a,,False,0,none,0.0,none,32,0.0781402587890625,0.07864960352514258,matched_ber,binary_hash,k16_radio,1024.0,,,binary_hash
sim_indoor_v1,test_ood,binary_hash,128,128.0,0.13064448852282917,0,0.0,2,0.496751329001772,0.45745973311009946,0.0,0.0,0.0,0.0,20500,737280,232e20a,,False,0,none,-2.0,none,32,0.131317138671875,0.13064448852282917,matched_ber,binary_hash,k16_radio,1024.0,,,binary_hash
sim_indoor_v1,test_id,pure_hdc,128,128.0,0.0,0,0.0,2,0.7299088649544325,0.6580900876489179,0.0,0.0,0.0,0.0,20500,217088,232e20a,,False,0,bpsk,8.0,none,32,0.0001220703125,0.00019090777407599314,bpsk_awgn,hdc_k1,k16_radio,1024.0,prototype,1.0,hdc_k1
sim_indoor_v1,test_id,pure_hdc,128,128.0,0.0,0,0.0,2,0.7257663628831814,0.6548805152631323,0.0,0.0,0.0,0.0,20500,217088,232e20a,,False,0,bpsk,4.0,none,32,0.0123291015625,0.01250081804073755,bpsk_awgn,hdc_k1,k16_radio,1024.0,prototype,1.0,hdc_k1
sim_indoor_v1,test_id,pure_hdc,128,128.0,0.0,0,0.0,2,0.724109362054681,0.6514582885131535,0.0,0.0,0.0,0.0,20500,217088,232e20a,,False,0,bpsk,0.0,none,32,0.0805816650390625,0.07864960352514258,bpsk_awgn,hdc_k1,k16_radio,1024.0,prototype,1.0,hdc_k1
sim_indoor_v1,test_id,pure_hdc,128,128.0,0.0,0,0.0,2,0.7116818558409279,0.634226396357522,0.0,0.0,0.0,0.0,20500,217088,232e20a,,False,0,bpsk,-2.0,none,32,0.1327056884765625,0.13064448852282917,bpsk_awgn,hdc_k1,k16_radio,1024.0,prototype,1.0,hdc_k1
sim_indoor_v1,test_id,pure_hdc,128,128.0,0.0,0,0.0,2,0.7216238608119304,0.6489056981258179,0.0,0.0,0.0,0.0,20500,217088,232e20a,,False,0,bpsk,8.0,rayleigh_block,32,0.0331268310546875,0.03545906762783807,bpsk_rayleigh_block,hdc_k1,k16_radio,1024.0,prototype,1.0,hdc_k1
sim_indoor_v1,test_id,pure_hdc,128,128.0,0.0,0,0.0,2,0.7216238608119304,0.6520378914290863,0.0,0.0,0.0,0.0,20500,217088,232e20a,,False,0,bpsk,4.0,rayleigh_block,32,0.072784423828125,0.07713691605639106,bpsk_rayleigh_block,hdc_k1,k16_radio,1024.0,prototype,1.0,hdc_k1
sim_indoor_v1,test_id,pure_hdc,128,128.0,0.0,0,0.0,2,0.7075393537696769,0.6364075474084963,0.0,0.0,0.0,0.0,20500,217088,232e20a,,False,0,bpsk,0.0,rayleigh_block,32,0.14117431640625,0.1464466094067262,bpsk_rayleigh_block,hdc_k1,k16_radio,1024.0,prototype,1.0,hdc_k1
sim_indoor_v1,test_id,pure_hdc,128,128.0,0.0,0,0.0,2,0.7083678541839271,0.6347277380589055,0.0,0.0,0.0,0.0,20500,217088,232e20a,,False,0,bpsk,-2.0,rayleigh_block,32,0.18231201171875,0.18900836834134227,bpsk_rayleigh_block,hdc_k1,k16_radio,1024.0,prototype,1.0,hdc_k1
sim_indoor_v1,test_id,pure_hdc,128,128.0,0.00019090777407599314,0,0.0,2,0.7299088649544325,0.6580900876489179,0.0,0.0,0.0,0.0,20500,217088,232e20a,,False,0,none,8.0,none,32,0.0002899169921875,0.00019090777407599314,matched_ber,hdc_k1,k16_radio,1024.0,prototype,1.0,hdc_k1
sim_indoor_v1,test_id,pure_hdc,128,128.0,0.01250081804073755,0,0.0,2,0.728251864125932,0.6557220398155217,0.0,0.0,0.0,0.0,20500,217088,232e20a,,False,0,none,4.0,none,32,0.0118865966796875,0.01250081804073755,matched_ber,hdc_k1,k16_radio,1024.0,prototype,1.0,hdc_k1
sim_indoor_v1,test_id,pure_hdc,128,128.0,0.07864960352514258,0,0.0,2,0.7191383595691798,0.6499119982101627,0.0,0.0,0.0,0.0,20500,217088,232e20a,,False,0,none,0.0,none,32,0.0781402587890625,0.07864960352514258,matched_ber,hdc_k1,k16_radio,1024.0,prototype,1.0,hdc_k1
sim_indoor_v1,test_id,pure_hdc,128,128.0,0.13064448852282917,0,0.0,2,0.7108533554266777,0.6414653437558762,0.0,0.0,0.0,0.0,20500,217088,232e20a,,False,0,none,-2.0,none,32,0.131317138671875,0.13064448852282917,matched_ber,hdc_k1,k16_radio,1024.0,prototype,1.0,hdc_k1
sim_indoor_v1,test_ood,pure_hdc,128,128.0,0.0,0,0.0,2,0.7046662728883638,0.5906373288053663,0.0,0.0,0.0,0.0,20500,217088,232e20a,,False,0,bpsk,8.0,none,32,6.103515625e-05,0.00019090777407599314,bpsk_awgn,hdc_k1,k16_radio,1024.0,prototype,1.0,hdc_k1
sim_indoor_v1,test_ood,pure_hdc,128,128.0,0.0,0,0.0,2,0.7028942705256941,0.5887768271712909,0.0,0.0,0.0,0.0,20500,217088,232e20a,,False,0,bpsk,4.0,none,32,0.0123748779296875,0.01250081804073755,bpsk_awgn,hdc_k1,k16_radio,1024.0,prototype,1.0,hdc_k1
sim_indoor_v1,test_ood,pure_hdc,128,128.0,0.0,0,0.0,2,0.6946249261665682,0.5877781283598464,0.0,0.0,0.0,0.0,20500,217088,232e20a,,False,0,bpsk,0.0,none,32,0.0798492431640625,0.07864960352514258,bpsk_awgn,hdc_k1,k16_radio,1024.0,prototype,1.0,hdc_k1
sim_indoor_v1,test_ood,pure_hdc,128,128.0,0.0,0,0.0,2,0.6863555818074424,0.5784196533062566,0.0,0.0,0.0,0.0,20500,217088,232e20a,,False,0,bpsk,-2.0,none,32,0.133636474609375,0.13064448852282917,bpsk_awgn,hdc_k1,k16_radio,1024.0,prototype,1.0,hdc_k1
sim_indoor_v1,test_ood,pure_hdc,128,128.0,0.0,0,0.0,2,0.7017129356172475,0.5926778273564712,0.0,0.0,0.0,0.0,20500,217088,232e20a,,False,0,bpsk,8.0,rayleigh_block,32,0.033294677734375,0.03545906762783807,bpsk_rayleigh_block,hdc_k1,k16_radio,1024.0,prototype,1.0,hdc_k1
sim_indoor_v1,test_ood,pure_hdc,128,128.0,0.0,0,0.0,2,0.6928529238038984,0.5823170275036297,0.0,0.0,0.0,0.0,20500,217088,232e20a,,False,0,bpsk,4.0,rayleigh_block,32,0.0733795166015625,0.07713691605639106,bpsk_rayleigh_block,hdc_k1,k16_radio,1024.0,prototype,1.0,hdc_k1
sim_indoor_v1,test_ood,pure_hdc,128,128.0,0.0,0,0.0,2,0.6798582398109864,0.5704277670639726,0.0,0.0,0.0,0.0,20500,217088,232e20a,,False,0,bpsk,0.0,rayleigh_block,32,0.1405792236328125,0.1464466094067262,bpsk_rayleigh_block,hdc_k1,k16_radio,1024.0,prototype,1.0,hdc_k1
sim_indoor_v1,test_ood,pure_hdc,128,128.0,0.0,0,0.0,2,0.6727702303603071,0.5634962330039387,0.0,0.0,0.0,0.0,20500,217088,232e20a,,False,0,bpsk,-2.0,rayleigh_block,32,0.182708740234375,0.18900836834134227,bpsk_rayleigh_block,hdc_k1,k16_radio,1024.0,prototype,1.0,hdc_k1
sim_indoor_v1,test_ood,pure_hdc,128,128.0,0.00019090777407599314,0,0.0,2,0.7034849379799173,0.5897646797787742,0.0,0.0,0.0,0.0,20500,217088,232e20a,,False,0,none,8.0,none,32,0.0002899169921875,0.00019090777407599314,matched_ber,hdc_k1,k16_radio,1024.0,prototype,1.0,hdc_k1
sim_indoor_v1,test_ood,pure_hdc,128,128.0,0.01250081804073755,0,0.0,2,0.7017129356172475,0.5870485222911325,0.0,0.0,0.0,0.0,20500,217088,232e20a,,False,0,none,4.0,none,32,0.0118865966796875,0.01250081804073755,matched_ber,hdc_k1,k16_radio,1024.0,prototype,1.0,hdc_k1
sim_indoor_v1,test_ood,pure_hdc,128,128.0,0.07864960352514258,0,0.0,2,0.6922622563496751,0.5845650531297932,0.0,0.0,0.0,0.0,20500,217088,232e20a,,False,0,none,0.0,none,32,0.0781402587890625,0.07864960352514258,matched_ber,hdc_k1,k16_radio,1024.0,prototype,1.0,hdc_k1
sim_indoor_v1,test_ood,pure_hdc,128,128.0,0.13064448852282917,0,0.0,2,0.6792675723567632,0.5741406939092213,0.0,0.0,0.0,0.0,20500,217088,232e20a,,False,0,none,-2.0,none,32,0.131317138671875,0.13064448852282917,matched_ber,hdc_k1,k16_radio,1024.0,prototype,1.0,hdc_k1
sim_indoor_v1,test_id,pure_hdc,128,128.0,0.0,0,0.0,2,0.9511184755592378,0.9176879347849665,0.0,0.0,0.0,0.0,328000,217088,232e20a,,False,0,bpsk,8.0,none,32,0.0001220703125,0.00019090777407599314,bpsk_awgn,hdc_k16,k16_radio,1024.0,prototype,16.0,hdc_k16
sim_indoor_v1,test_id,pure_hdc,128,128.0,0.0,0,0.0,2,0.9502899751449876,0.9165294158572899,0.0,0.0,0.0,0.0,328000,217088,232e20a,,False,0,bpsk,4.0,none,32,0.0123291015625,0.01250081804073755,bpsk_awgn,hdc_k16,k16_radio,1024.0,prototype,16.0,hdc_k16
sim_indoor_v1,test_id,pure_hdc,128,128.0,0.0,0,0.0,2,0.9502899751449876,0.915597357239632,0.0,0.0,0.0,0.0,328000,217088,232e20a,,False,0,bpsk,0.0,none,32,0.0805816650390625,0.07864960352514258,bpsk_awgn,hdc_k16,k16_radio,1024.0,prototype,16.0,hdc_k16
sim_indoor_v1,test_id,pure_hdc,128,128.0,0.0,0,0.0,2,0.9461474730737366,0.9087999602272783,0.0,0.0,0.0,0.0,328000,217088,232e20a,,False,0,bpsk,-2.0,none,32,0.1327056884765625,0.13064448852282917,bpsk_awgn,hdc_k16,k16_radio,1024.0,prototype,16.0,hdc_k16
sim_indoor_v1,test_id,pure_hdc,128,128.0,0.0,0,0.0,2,0.951946975973488,0.9200650401897101,0.0,0.0,0.0,0.0,328000,217088,232e20a,,False,0,bpsk,8.0,rayleigh_block,32,0.0331268310546875,0.03545906762783807,bpsk_rayleigh_block,hdc_k16,k16_radio,1024.0,prototype,16.0,hdc_k16
sim_indoor_v1,test_id,pure_hdc,128,128.0,0.0,0,0.0,2,0.9536039768019884,0.9204945400928712,0.0,0.0,0.0,0.0,328000,217088,232e20a,,False,0,bpsk,4.0,rayleigh_block,32,0.072784423828125,0.07713691605639106,bpsk_rayleigh_block,hdc_k16,k16_radio,1024.0,prototype,16.0,hdc_k16
sim_indoor_v1,test_id,pure_hdc,128,128.0,0.0,0,0.0,2,0.9486329743164872,0.9149899041092837,0.0,0.0,0.0,0.0,328000,217088,232e20a,,False,0,bpsk,0.0,rayleigh_block,32,0.14117431640625,0.1464466094067262,bpsk_rayleigh_block,hdc_k16,k16_radio,1024.0,prototype,16.0,hdc_k16
sim_indoor_v1,test_id,pure_hdc,128,128.0,0.0,0,0.0,2,0.9436619718309859,0.9057124145705018,0.0,0.0,0.0,0.0,328000,217088,232e20a,,False,0,bpsk,-2.0,rayleigh_block,32,0.18231201171875,0.18900836834134227,bpsk_rayleigh_block,hdc_k16,k16_radio,1024.0,prototype,16.0,hdc_k16
sim_indoor_v1,test_id,pure_hdc,128,128.0,0.00019090777407599314,0,0.0,2,0.951946975973488,0.9186740538741068,0.0,0.0,0.0,0.0,328000,217088,232e20a,,False,0,none,8.0,none,32,0.0002899169921875,0.00019090777407599314,matched_ber,hdc_k16,k16_radio,1024.0,prototype,16.0,hdc_k16
sim_indoor_v1,test_id,pure_hdc,128,128.0,0.01250081804073755,0,0.0,2,0.9511184755592378,0.9170034746854941,0.0,0.0,0.0,0.0,328000,217088,232e20a,,False,0,none,4.0,none,32,0.0118865966796875,0.01250081804073755,matched_ber,hdc_k16,k16_radio,1024.0,prototype,16.0,hdc_k16
sim_indoor_v1,test_id,pure_hdc,128,128.0,0.07864960352514258,0,0.0,2,0.9469759734879868,0.908305581839423,0.0,0.0,0.0,0.0,328000,217088,232e20a,,False,0,none,0.0,none,32,0.0781402587890625,0.07864960352514258,matched_ber,hdc_k16,k16_radio,1024.0,prototype,16.0,hdc_k16
sim_indoor_v1,test_id,pure_hdc,128,128.0,0.13064448852282917,0,0.0,2,0.9420049710024855,0.9046281185544807,0.0,0.0,0.0,0.0,328000,217088,232e20a,,False,0,none,-2.0,none,32,0.131317138671875,0.13064448852282917,matched_ber,hdc_k16,k16_radio,1024.0,prototype,16.0,hdc_k16
sim_indoor_v1,test_ood,pure_hdc,128,128.0,0.0,0,0.0,2,0.8428824571766096,0.7082699519943823,0.0,0.0,0.0,0.0,328000,217088,232e20a,,False,0,bpsk,8.0,none,32,6.103515625e-05,0.00019090777407599314,bpsk_awgn,hdc_k16,k16_radio,1024.0,prototype,16.0,hdc_k16
sim_indoor_v1,test_ood,pure_hdc,128,128.0,0.0,0,0.0,2,0.8428824571766096,0.7061959766067161,0.0,0.0,0.0,0.0,328000,217088,232e20a,,False,0,bpsk,4.0,none,32,0.0123748779296875,0.01250081804073755,bpsk_awgn,hdc_k16,k16_radio,1024.0,prototype,16.0,hdc_k16
sim_indoor_v1,test_ood,pure_hdc,128,128.0,0.0,0,0.0,2,0.8375664500886001,0.7045931133219131,0.0,0.0,0.0,0.0,328000,217088,232e20a,,False,0,bpsk,0.0,none,32,0.0798492431640625,0.07864960352514258,bpsk_awgn,hdc_k16,k16_radio,1024.0,prototype,16.0,hdc_k16
sim_indoor_v1,test_ood,pure_hdc,128,128.0,0.0,0,0.0,2,0.8275251033668045,0.6896947023712963,0.0,0.0,0.0,0.0,328000,217088,232e20a,,False,0,bpsk,-2.0,none,32,0.133636474609375,0.13064448852282917,bpsk_awgn,hdc_k16,k16_radio,1024.0,prototype,16.0,hdc_k16
sim_indoor_v1,test_ood,pure_hdc,128,128.0,0.0,0,0.0,2,0.8357944477259303,0.695068615183678,0.0,0.0,0.0,0.0,328000,217088,232e20a,,False,0,bpsk,8.0,rayleigh_block,32,0.033294677734375,0.03545906762783807,bpsk_rayleigh_block,hdc_k16,k16_radio,1024.0,prototype,16.0,hdc_k16
sim_indoor_v1,test_ood,pure_hdc,128,128.0,0.0,0,0.0,2,0.8405197873597164,0.7079181036694616,0.0,0.0,0.0,0.0,328000,217088,232e20a,,False,0,bpsk,4.0,rayleigh_block,32,0.0733795166015625,0.07713691605639106,bpsk_rayleigh_block,hdc_k16,k16_radio,1024.0,prototype,16.0,hdc_k16
sim_indoor_v1,test_ood,pure_hdc,128,128.0,0.0,0,0.0,2,0.8334317779090372,0.6948388605175029,0.0,0.0,0.0,0.0,328000,217088,232e20a,,False,0,bpsk,0.0,rayleigh_block,32,0.1405792236328125,0.1464466094067262,bpsk_rayleigh_block,hdc_k16,k16_radio,1024.0,prototype,16.0,hdc_k16
sim_indoor_v1,test_ood,pure_hdc,128,128.0,0.0,0,0.0,2,0.8192557590076787,0.681261329877736,0.0,0.0,0.0,0.0,328000,217088,232e20a,,False,0,bpsk,-2.0,rayleigh_block,32,0.182708740234375,0.18900836834134227,bpsk_rayleigh_block,hdc_k16,k16_radio,1024.0,prototype,16.0,hdc_k16
sim_indoor_v1,test_ood,pure_hdc,128,128.0,0.00019090777407599314,0,0.0,2,0.8428824571766096,0.7088587811816807,0.0,0.0,0.0,0.0,328000,217088,232e20a,,False,0,none,8.0,none,32,0.0002899169921875,0.00019090777407599314,matched_ber,hdc_k16,k16_radio,1024.0,prototype,16.0,hdc_k16
sim_indoor_v1,test_ood,pure_hdc,128,128.0,0.01250081804073755,0,0.0,2,0.8440637920850561,0.7086743474858197,0.0,0.0,0.0,0.0,328000,217088,232e20a,,False,0,none,4.0,none,32,0.0118865966796875,0.01250081804073755,matched_ber,hdc_k16,k16_radio,1024.0,prototype,16.0,hdc_k16
sim_indoor_v1,test_ood,pure_hdc,128,128.0,0.07864960352514258,0,0.0,2,0.8411104548139398,0.7057160448084939,0.0,0.0,0.0,0.0,328000,217088,232e20a,,False,0,none,0.0,none,32,0.0781402587890625,0.07864960352514258,matched_ber,hdc_k16,k16_radio,1024.0,prototype,16.0,hdc_k16
sim_indoor_v1,test_ood,pure_hdc,128,128.0,0.13064448852282917,0,0.0,2,0.8363851151801536,0.7056118460319419,0.0,0.0,0.0,0.0,328000,217088,232e20a,,False,0,none,-2.0,none,32,0.131317138671875,0.13064448852282917,matched_ber,hdc_k16,k16_radio,1024.0,prototype,16.0,hdc_k16
sim_indoor_v1,test_id,pure_hdc,128,128.0,0.0,0,0.0,2,0.9395194697597349,0.9036546373410191,0.0,0.0,0.0,0.0,41000,217088,232e20a,,False,0,bpsk,8.0,none,32,0.0001220703125,0.00019090777407599314,bpsk_awgn,hdc_linear,k16_radio,1024.0,linear,1.0,hdc_linear
sim_indoor_v1,test_id,pure_hdc,128,128.0,0.0,0,0.0,2,0.9378624689312345,0.9033876245803538,0.0,0.0,0.0,0.0,41000,217088,232e20a,,False,0,bpsk,4.0,none,32,0.0123291015625,0.01250081804073755,bpsk_awgn,hdc_linear,k16_radio,1024.0,linear,1.0,hdc_linear
sim_indoor_v1,test_id,pure_hdc,128,128.0,0.0,0,0.0,2,0.8748964374482188,0.8193725417580915,0.0,0.0,0.0,0.0,41000,217088,232e20a,,False,0,bpsk,0.0,none,32,0.0805816650390625,0.07864960352514258,bpsk_awgn,hdc_linear,k16_radio,1024.0,linear,1.0,hdc_linear
sim_indoor_v1,test_id,pure_hdc,128,128.0,0.0,0,0.0,2,0.8144159072079536,0.7470283384973816,0.0,0.0,0.0,0.0,41000,217088,232e20a,,False,0,bpsk,-2.0,none,32,0.1327056884765625,0.13064448852282917,bpsk_awgn,hdc_linear,k16_radio,1024.0,linear,1.0,hdc_linear
sim_indoor_v1,test_id,pure_hdc,128,128.0,0.0,0,0.0,2,0.9270919635459818,0.8884293307944432,0.0,0.0,0.0,0.0,41000,217088,232e20a,,False,0,bpsk,8.0,rayleigh_block,32,0.0331268310546875,0.03545906762783807,bpsk_rayleigh_block,hdc_linear,k16_radio,1024.0,linear,1.0,hdc_linear
sim_indoor_v1,test_id,pure_hdc,128,128.0,0.0,0,0.0,2,0.8873239436619719,0.8319625825542192,0.0,0.0,0.0,0.0,41000,217088,232e20a,,False,0,bpsk,4.0,rayleigh_block,32,0.072784423828125,0.07713691605639106,bpsk_rayleigh_block,hdc_linear,k16_radio,1024.0,linear,1.0,hdc_linear
sim_indoor_v1,test_id,pure_hdc,128,128.0,0.0,0,0.0,2,0.8053024026512013,0.7417330796013715,0.0,0.0,0.0,0.0,41000,217088,232e20a,,False,0,bpsk,0.0,rayleigh_block,32,0.14117431640625,0.1464466094067262,bpsk_rayleigh_block,hdc_linear,k16_radio,1024.0,linear,1.0,hdc_linear
sim_indoor_v1,test_id,pure_hdc,128,128.0,0.0,0,0.0,2,0.7415078707539354,0.6792572940600584,0.0,0.0,0.0,0.0,41000,217088,232e20a,,False,0,bpsk,-2.0,rayleigh_block,32,0.18231201171875,0.18900836834134227,bpsk_rayleigh_block,hdc_linear,k16_radio,1024.0,linear,1.0,hdc_linear
sim_indoor_v1,test_id,pure_hdc,128,128.0,0.00019090777407599314,0,0.0,2,0.9386909693454847,0.9020616309807306,0.0,0.0,0.0,0.0,41000,217088,232e20a,,False,0,none,8.0,none,32,0.0002899169921875,0.00019090777407599314,matched_ber,hdc_linear,k16_radio,1024.0,linear,1.0,hdc_linear
sim_indoor_v1,test_id,pure_hdc,128,128.0,0.01250081804073755,0,0.0,2,0.9337199668599834,0.8977661741052853,0.0,0.0,0.0,0.0,41000,217088,232e20a,,False,0,none,4.0,none,32,0.0118865966796875,0.01250081804073755,matched_ber,hdc_linear,k16_radio,1024.0,linear,1.0,hdc_linear
sim_indoor_v1,test_id,pure_hdc,128,128.0,0.07864960352514258,0,0.0,2,0.8707539353769677,0.8140377415633425,0.0,0.0,0.0,0.0,41000,217088,232e20a,,False,0,none,0.0,none,32,0.0781402587890625,0.07864960352514258,matched_ber,hdc_linear,k16_radio,1024.0,linear,1.0,hdc_linear
sim_indoor_v1,test_id,pure_hdc,128,128.0,0.13064448852282917,0,0.0,2,0.8169014084507042,0.7502904235845143,0.0,0.0,0.0,0.0,41000,217088,232e20a,,False,0,none,-2.0,none,32,0.131317138671875,0.13064448852282917,matched_ber,hdc_linear,k16_radio,1024.0,linear,1.0,hdc_linear
sim_indoor_v1,test_ood,pure_hdc,128,128.0,0.0,0,0.0,2,0.7849970466627288,0.62197336935899,0.0,0.0,0.0,0.0,41000,217088,232e20a,,False,0,bpsk,8.0,none,32,6.103515625e-05,0.00019090777407599314,bpsk_awgn,hdc_linear,k16_radio,1024.0,linear,1.0,hdc_linear
sim_indoor_v1,test_ood,pure_hdc,128,128.0,0.0,0,0.0,2,0.783225044300059,0.6248077065972046,0.0,0.0,0.0,0.0,41000,217088,232e20a,,False,0,bpsk,4.0,none,32,0.0123748779296875,0.01250081804073755,bpsk_awgn,hdc_linear,k16_radio,1024.0,linear,1.0,hdc_linear
sim_indoor_v1,test_ood,pure_hdc,128,128.0,0.0,0,0.0,2,0.7448316597755463,0.5849625064274614,0.0,0.0,0.0,0.0,41000,217088,232e20a,,False,0,bpsk,0.0,none,32,0.0798492431640625,0.07864960352514258,bpsk_awgn,hdc_linear,k16_radio,1024.0,linear,1.0,hdc_linear
sim_indoor_v1,test_ood,pure_hdc,128,128.0,0.0,0,0.0,2,0.7082102776137035,0.5656944826849123,0.0,0.0,0.0,0.0,41000,217088,232e20a,,False,0,bpsk,-2.0,none,32,0.133636474609375,0.13064448852282917,bpsk_awgn,hdc_linear,k16_radio,1024.0,linear,1.0,hdc_linear
sim_indoor_v1,test_ood,pure_hdc,128,128.0,0.0,0,0.0,2,0.7725930301240401,0.6152979568287462,0.0,0.0,0.0,0.0,41000,217088,232e20a,,False,0,bpsk,8.0,rayleigh_block,32,0.033294677734375,0.03545906762783807,bpsk_rayleigh_block,hdc_linear,k16_radio,1024.0,linear,1.0,hdc_linear
sim_indoor_v1,test_ood,pure_hdc,128,128.0,0.0,0,0.0,2,0.7430596574128765,0.5850369618346474,0.0,0.0,0.0,0.0,41000,217088,232e20a,,False,0,bpsk,4.0,rayleigh_block,32,0.0733795166015625,0.07713691605639106,bpsk_rayleigh_block,hdc_linear,k16_radio,1024.0,linear,1.0,hdc_linear
sim_indoor_v1,test_ood,pure_hdc,128,128.0,0.0,0,0.0,2,0.7028942705256941,0.5588665000621567,0.0,0.0,0.0,0.0,41000,217088,232e20a,,False,0,bpsk,0.0,rayleigh_block,32,0.1405792236328125,0.1464466094067262,bpsk_rayleigh_block,hdc_linear,k16_radio,1024.0,linear,1.0,hdc_linear
sim_indoor_v1,test_ood,pure_hdc,128,128.0,0.0,0,0.0,2,0.6574128765505021,0.5241468564991026,0.0,0.0,0.0,0.0,41000,217088,232e20a,,False,0,bpsk,-2.0,rayleigh_block,32,0.182708740234375,0.18900836834134227,bpsk_rayleigh_block,hdc_linear,k16_radio,1024.0,linear,1.0,hdc_linear
sim_indoor_v1,test_ood,pure_hdc,128,128.0,0.00019090777407599314,0,0.0,2,0.7844063792085056,0.6230769603696934,0.0,0.0,0.0,0.0,41000,217088,232e20a,,False,0,none,8.0,none,32,0.0002899169921875,0.00019090777407599314,matched_ber,hdc_linear,k16_radio,1024.0,linear,1.0,hdc_linear
sim_indoor_v1,test_ood,pure_hdc,128,128.0,0.01250081804073755,0,0.0,2,0.7885410513880685,0.6337619578531963,0.0,0.0,0.0,0.0,41000,217088,232e20a,,False,0,none,4.0,none,32,0.0118865966796875,0.01250081804073755,matched_ber,hdc_linear,k16_radio,1024.0,linear,1.0,hdc_linear
sim_indoor_v1,test_ood,pure_hdc,128,128.0,0.07864960352514258,0,0.0,2,0.7560543414057885,0.6024842079494576,0.0,0.0,0.0,0.0,41000,217088,232e20a,,False,0,none,0.0,none,32,0.0781402587890625,0.07864960352514258,matched_ber,hdc_linear,k16_radio,1024.0,linear,1.0,hdc_linear
sim_indoor_v1,test_ood,pure_hdc,128,128.0,0.13064448852282917,0,0.0,2,0.7141169521559362,0.5757295584441467,0.0,0.0,0.0,0.0,41000,217088,232e20a,,False,0,none,-2.0,none,32,0.131317138671875,0.13064448852282917,matched_ber,hdc_linear,k16_radio,1024.0,linear,1.0,hdc_linear
sim_indoor_v1,test_id,quantized,512,188.0,0.0,0,0.0,2,0.7423363711681856,0.635253229028144,0.0,0.0,0.0,0.0,3620,0,232e20a,180.0,False,0,bpsk,8.0,none,32,0.00012466755319148935,0.00019090777407599314,bpsk_awgn,quantized,k16_radio,,,,quantized
sim_indoor_v1,test_id,quantized,512,188.0,0.0,0,0.0,2,0.5385252692626347,0.4686271521569553,0.0,0.0,0.0,0.0,3620,0,232e20a,180.0,False,0,bpsk,4.0,none,32,0.01257064494680851,0.01250081804073755,bpsk_awgn,quantized,k16_radio,,,,quantized
sim_indoor_v1,test_id,quantized,512,188.0,0.0,0,0.0,2,0.3131731565865783,0.2825218590056283,0.0,0.0,0.0,0.0,3620,0,232e20a,180.0,False,0,bpsk,0.0,none,32,0.08052485039893617,0.07864960352514258,bpsk_awgn,quantized,k16_radio,,,,quantized
sim_indoor_v1,test_id,quantized,512,188.0,0.0,0,0.0,2,0.260149130074565,0.23275378634748836,0.0,0.0,0.0,0.0,3620,0,232e20a,180.0,False,0,bpsk,-2.0,none,32,0.13302027925531915,0.13064448852282917,bpsk_awgn,quantized,k16_radio,,,,quantized
sim_indoor_v1,test_id,quantized,512,188.0,0.0,0,0.0,2,0.44656172328086163,0.39697805895399735,0.0,0.0,0.0,0.0,3620,0,232e20a,180.0,False,0,bpsk,8.0,rayleigh_block,32,0.03264212101063829,0.03545906762783807,bpsk_rayleigh_block,quantized,k16_radio,,,,quantized
sim_indoor_v1,test_id,quantized,512,188.0,0.0,0,0.0,2,0.35376967688483846,0.3190202032325888,0.0,0.0,0.0,0.0,3620,0,232e20a,180.0,False,0,bpsk,4.0,rayleigh_block,32,0.0725565159574468,0.07713691605639106,bpsk_rayleigh_block,quantized,k16_radio,,,,quantized
sim_indoor_v1,test_id,quantized,512,188.0,0.0,0,0.0,2,0.28417564208782103,0.26192518559466504,0.0,0.0,0.0,0.0,3620,0,232e20a,180.0,False,0,bpsk,0.0,rayleigh_block,32,0.1416950631648936,0.1464466094067262,bpsk_rayleigh_block,quantized,k16_radio,,,,quantized
sim_indoor_v1,test_id,quantized,512,188.0,0.0,0,0.0,2,0.2593206296603148,0.2360151090540806,0.0,0.0,0.0,0.0,3620,0,232e20a,180.0,False,0,bpsk,-2.0,rayleigh_block,32,0.18455992353723405,0.18900836834134227,bpsk_rayleigh_block,quantized,k16_radio,,,,quantized
sim_indoor_v1,test_id,quantized,512,188.0,0.00019090777407599314,0,0.0,2,0.7398508699254349,0.6344995588797688,0.0,0.0,0.0,0.0,3620,0,232e20a,180.0,False,0,none,8.0,none,32,0.00023894614361702127,0.00019090777407599314,matched_ber,quantized,k16_radio,,,,quantized
sim_indoor_v1,test_id,quantized,512,188.0,0.01250081804073755,0,0.0,2,0.5468102734051367,0.4758003561473849,0.0,0.0,0.0,0.0,3620,0,232e20a,180.0,False,0,none,4.0,none,32,0.011822639627659575,0.01250081804073755,matched_ber,quantized,k16_radio,,,,quantized
sim_indoor_v1,test_id,quantized,512,188.0,0.07864960352514258,0,0.0,2,0.3256006628003314,0.2902367151580491,0.0,0.0,0.0,0.0,3620,0,232e20a,180.0,False,0,none,0.0,none,32,0.07815616688829786,0.07864960352514258,matched_ber,quantized,k16_radio,,,,quantized
sim_indoor_v1,test_id,quantized,512,188.0,0.13064448852282917,0,0.0,2,0.2535211267605634,0.224322179317804,0.0,0.0,0.0,0.0,3620,0,232e20a,180.0,False,0,none,-2.0,none,32,0.13084898603723402,0.13064448852282917,matched_ber,quantized,k16_radio,,,,quantized
sim_indoor_v1,test_ood,quantized,512,188.0,0.0,0,0.0,2,0.7454223272297696,0.6038640020339112,0.0,0.0,0.0,0.0,3620,0,232e20a,180.0,False,0,bpsk,8.0,none,32,0.00011427859042553192,0.00019090777407599314,bpsk_awgn,quantized,k16_radio,,,,quantized
sim_indoor_v1,test_ood,quantized,512,188.0,0.0,0,0.0,2,0.5776727702303603,0.4771165720935963,0.0,0.0,0.0,0.0,3620,0,232e20a,180.0,False,0,bpsk,4.0,none,32,0.012581033909574468,0.01250081804073755,bpsk_awgn,quantized,k16_radio,,,,quantized
sim_indoor_v1,test_ood,quantized,512,188.0,0.0,0,0.0,2,0.3756645008860012,0.2996851094664177,0.0,0.0,0.0,0.0,3620,0,232e20a,180.0,False,0,bpsk,0.0,none,32,0.08025473736702128,0.07864960352514258,bpsk_awgn,quantized,k16_radio,,,,quantized
sim_indoor_v1,test_ood,quantized,512,188.0,0.0,0,0.0,2,0.3455404607206143,0.261647070122651,0.0,0.0,0.0,0.0,3620,0,232e20a,180.0,False,0,bpsk,-2.0,none,32,0.13260472074468083,0.13064448852282917,bpsk_awgn,quantized,k16_radio,,,,quantized
sim_indoor_v1,test_ood,quantized,512,188.0,0.0,0,0.0,2,0.490253987005316,0.4039802222843741,0.0,0.0,0.0,0.0,3620,0,232e20a,180.0,False,0,bpsk,8.0,rayleigh_block,32,0.03207072805851064,0.03545906762783807,bpsk_rayleigh_block,quantized,k16_radio,,,,quantized
sim_indoor_v1,test_ood,quantized,512,188.0,0.0,0,0.0,2,0.4122858830478441,0.34051605557016684,0.0,0.0,0.0,0.0,3620,0,232e20a,180.0,False,0,bpsk,4.0,rayleigh_block,32,0.0733876329787234,0.07713691605639106,bpsk_rayleigh_block,quantized,k16_radio,,,,quantized
sim_indoor_v1,test_ood,quantized,512,188.0,0.0,0,0.0,2,0.3349084465445954,0.26104860827007487,0.0,0.0,0.0,0.0,3620,0,232e20a,180.0,False,0,bpsk,0.0,rayleigh_block,32,0.1431702958776596,0.1464466094067262,bpsk_rayleigh_block,quantized,k16_radio,,,,quantized
sim_indoor_v1,test_ood,quantized,512,188.0,0.0,0,0.0,2,0.3006497341996456,0.23123711262727853,0.0,0.0,0.0,0.0,3620,0,232e20a,180.0,False,0,bpsk,-2.0,rayleigh_block,32,0.18611826795212766,0.18900836834134227,bpsk_rayleigh_block,quantized,k16_radio,,,,quantized
sim_indoor_v1,test_ood,quantized,512,188.0,0.00019090777407599314,0,0.0,2,0.7430596574128765,0.6011353160667612,0.0,0.0,0.0,0.0,3620,0,232e20a,180.0,False,0,none,8.0,none,32,0.00023894614361702127,0.00019090777407599314,matched_ber,quantized,k16_radio,,,,quantized
sim_indoor_v1,test_ood,quantized,512,188.0,0.01250081804073755,0,0.0,2,0.5865327820437094,0.47888682066233085,0.0,0.0,0.0,0.0,3620,0,232e20a,180.0,False,0,none,4.0,none,32,0.011822639627659575,0.01250081804073755,matched_ber,quantized,k16_radio,,,,quantized
sim_indoor_v1,test_ood,quantized,512,188.0,0.07864960352514258,0,0.0,2,0.3756645008860012,0.30439255997456577,0.0,0.0,0.0,0.0,3620,0,232e20a,180.0,False,0,none,0.0,none,32,0.07815616688829786,0.07864960352514258,matched_ber,quantized,k16_radio,,,,quantized
sim_indoor_v1,test_ood,quantized,512,188.0,0.13064448852282917,0,0.0,2,0.3278204370939161,0.25026138697683953,0.0,0.0,0.0,0.0,3620,0,232e20a,180.0,False,0,none,-2.0,none,32,0.13084898603723402,0.13064448852282917,matched_ber,quantized,k16_radio,,,,quantized
sim_indoor_v1,test_id,binary_hash,512,512.0,0.0,0,0.0,2,0.9221209610604806,0.8766804510670834,0.0,0.0,0.0,0.0,81940,2949120,232e20a,,False,0,bpsk,8.0,none,32,0.00019073486328125,0.00019090777407599314,bpsk_awgn,binary_hash,k16_radio,4096.0,,,binary_hash
sim_indoor_v1,test_id,binary_hash,512,512.0,0.0,0,0.0,2,0.9154929577464789,0.866981647549028,0.0,0.0,0.0,0.0,81940,2949120,232e20a,,False,0,bpsk,4.0,none,32,0.012546539306640625,0.01250081804073755,bpsk_awgn,binary_hash,k16_radio,4096.0,,,binary_hash
sim_indoor_v1,test_id,binary_hash,512,512.0,0.0,0,0.0,2,0.8641259320629661,0.8095827804878155,0.0,0.0,0.0,0.0,81940,2949120,232e20a,,False,0,bpsk,0.0,none,32,0.078582763671875,0.07864960352514258,bpsk_awgn,binary_hash,k16_radio,4096.0,,,binary_hash
sim_indoor_v1,test_id,binary_hash,512,512.0,0.0,0,0.0,2,0.7986743993371996,0.731083408776273,0.0,0.0,0.0,0.0,81940,2949120,232e20a,,False,0,bpsk,-2.0,none,32,0.13072586059570312,0.13064448852282917,bpsk_awgn,binary_hash,k16_radio,4096.0,,,binary_hash
sim_indoor_v1,test_id,binary_hash,512,512.0,0.0,0,0.0,2,0.8964374482187241,0.8492810898047066,0.0,0.0,0.0,0.0,81940,2949120,232e20a,,False,0,bpsk,8.0,rayleigh_block,32,0.035144805908203125,0.03545906762783807,bpsk_rayleigh_block,binary_hash,k16_radio,4096.0,,,binary_hash
sim_indoor_v1,test_id,binary_hash,512,512.0,0.0,0,0.0,2,0.8467274233637117,0.789255997603458,0.0,0.0,0.0,0.0,81940,2949120,232e20a,,False,0,bpsk,4.0,rayleigh_block,32,0.07634735107421875,0.07713691605639106,bpsk_rayleigh_block,binary_hash,k16_radio,4096.0,,,binary_hash
sim_indoor_v1,test_id,binary_hash,512,512.0,0.0,0,0.0,2,0.7647058823529411,0.6845997973568381,0.0,0.0,0.0,0.0,81940,2949120,232e20a,,False,0,bpsk,0.0,rayleigh_block,32,0.14451217651367188,0.1464466094067262,bpsk_rayleigh_block,binary_hash,k16_radio,4096.0,,,binary_hash
sim_indoor_v1,test_id,binary_hash,512,512.0,0.0,0,0.0,2,0.7373653686826843,0.6630355958406968,0.0,0.0,0.0,0.0,81940,2949120,232e20a,,False,0,bpsk,-2.0,rayleigh_block,32,0.1863861083984375,0.18900836834134227,bpsk_rayleigh_block,binary_hash,k16_radio,4096.0,,,binary_hash
sim_indoor_v1,test_id,binary_hash,512,512.0,0.00019090777407599314,0,0.0,2,0.9229494614747308,0.8786222196568099,0.0,0.0,0.0,0.0,81940,2949120,232e20a,,False,0,none,8.0,none,32,0.000217437744140625,0.00019090777407599314,matched_ber,binary_hash,k16_radio,4096.0,,,binary_hash
sim_indoor_v1,test_id,binary_hash,512,512.0,0.01250081804073755,0,0.0,2,0.9105219552609777,0.8669728472976159,0.0,0.0,0.0,0.0,81940,2949120,232e20a,,False,0,none,4.0,none,32,0.012142181396484375,0.01250081804073755,matched_ber,binary_hash,k16_radio,4096.0,,,binary_hash
sim_indoor_v1,test_id,binary_hash,512,512.0,0.07864960352514258,0,0.0,2,0.8641259320629661,0.8000945666804796,0.0,0.0,0.0,0.0,81940,2949120,232e20a,,False,0,none,0.0,none,32,0.07795333862304688,0.07864960352514258,matched_ber,binary_hash,k16_radio,4096.0,,,binary_hash
sim_indoor_v1,test_id,binary_hash,512,512.0,0.13064448852282917,0,0.0,2,0.8028169014084507,0.7260374563026465,0.0,0.0,0.0,0.0,81940,2949120,232e20a,,False,0,none,-2.0,none,32,0.13031768798828125,0.13064448852282917,matched_ber,binary_hash,k16_radio,4096.0,,,binary_hash
sim_indoor_v1,test_ood,binary_hash,512,512.0,0.0,0,0.0,2,0.6196101594802126,0.5343581065209858,0.0,0.0,0.0,0.0,81940,2949120,232e20a,,False,0,bpsk,8.0,none,32,0.00018310546875,0.00019090777407599314,bpsk_awgn,binary_hash,k16_radio,4096.0,,,binary_hash
sim_indoor_v1,test_ood,binary_hash,512,512.0,0.0,0,0.0,2,0.6237448316597756,0.5374561546462903,0.0,0.0,0.0,0.0,81940,2949120,232e20a,,False,0,bpsk,4.0,none,32,0.0125579833984375,0.01250081804073755,bpsk_awgn,binary_hash,k16_radio,4096.0,,,binary_hash
sim_indoor_v1,test_ood,binary_hash,512,512.0,0.0,0,0.0,2,0.5912581216774956,0.5159317170065638,0.0,0.0,0.0,0.0,81940,2949120,232e20a,,False,0,bpsk,0.0,none,32,0.07855606079101562,0.07864960352514258,bpsk_awgn,binary_hash,k16_radio,4096.0,,,binary_hash
sim_indoor_v1,test_ood,binary_hash,512,512.0,0.0,0,0.0,2,0.5711754282339043,0.501085127493176,0.0,0.0,0.0,0.0,81940,2949120,232e20a,,False,0,bpsk,-2.0,none,32,0.130615234375,0.13064448852282917,bpsk_awgn,binary_hash,k16_radio,4096.0,,,binary_hash
sim_indoor_v1,test_ood,binary_hash,512,512.0,0.0,0,0.0,2,0.6018901358535145,0.5238672796738446,0.0,0.0,0.0,0.0,81940,2949120,232e20a,,False,0,bpsk,8.0,rayleigh_block,32,0.03516387939453125,0.03545906762783807,bpsk_rayleigh_block,binary_hash,k16_radio,4096.0,,,binary_hash
sim_indoor_v1,test_ood,binary_hash,512,512.0,0.0,0,0.0,2,0.5853514471352629,0.5158934222369146,0.0,0.0,0.0,0.0,81940,2949120,232e20a,,False,0,bpsk,4.0,rayleigh_block,32,0.07621383666992188,0.07713691605639106,bpsk_rayleigh_block,binary_hash,k16_radio,4096.0,,,binary_hash
sim_indoor_v1,test_ood,binary_hash,512,512.0,0.0,0,0.0,2,0.5487300649734199,0.49038511197612333,0.0,0.0,0.0,0.0,81940,2949120,232e20a,,False,0,bpsk,0.0,rayleigh_block,32,0.1454620361328125,0.1464466094067262,bpsk_rayleigh_block,binary_hash,k16_radio,4096.0,,,binary_hash
sim_indoor_v1,test_ood,binary_hash,512,512.0,0.0,0,0.0,2,0.5327820437093916,0.4741726717111381,0.0,0.0,0.0,0.0,81940,2949120,232e20a,,False,0,bpsk,-2.0,rayleigh_block,32,0.18829345703125,0.18900836834134227,bpsk_rayleigh_block,binary_hash,k16_radio,4096.0,,,binary_hash
sim_indoor_v1,test_ood,binary_hash,512,512.0,0.00019090777407599314,0,0.0,2,0.6219728292971057,0.5379844446011482,0.0,0.0,0.0,0.0,81940,2949120,232e20a,,False,0,none,8.0,none,32,0.000217437744140625,0.00019090777407599314,matched_ber,binary_hash,k16_radio,4096.0,,,binary_hash
sim_indoor_v1,test_ood,binary_hash,512,512.0,0.01250081804073755,0,0.0,2,0.6154754873006497,0.5389029401761898,0.0,0.0,0.0,0.0,81940,2949120,232e20a,,False,0,none,4.0,none,32,0.012142181396484375,0.01250081804073755,matched_ber,binary_hash,k16_radio,4096.0,,,binary_hash
sim_indoor_v1,test_ood,binary_hash,512,512.0,0.07864960352514258,0,0.0,2,0.5977554636739516,0.5311745304458622,0.0,0.0,0.0,0.0,81940,2949120,232e20a,,False,0,none,0.0,none,32,0.07795333862304688,0.07864960352514258,matched_ber,binary_hash,k16_radio,4096.0,,,binary_hash
sim_indoor_v1,test_ood,binary_hash,512,512.0,0.13064448852282917,0,0.0,2,0.5800354400472534,0.5104970210104428,0.0,0.0,0.0,0.0,81940,2949120,232e20a,,False,0,none,-2.0,none,32,0.13031768798828125,0.13064448852282917,matched_ber,binary_hash,k16_radio,4096.0,,,binary_hash
sim_indoor_v1,test_id,pure_hdc,512,512.0,0.0,0,0.0,2,0.7332228666114333,0.6651585878194195,0.0,0.0,0.0,0.0,81940,868352,232e20a,,False,0,bpsk,8.0,none,32,0.000179290771484375,0.00019090777407599314,bpsk_awgn,hdc_k1,k16_radio,4096.0,prototype,1.0,hdc_k1
sim_indoor_v1,test_id,pure_hdc,512,512.0,0.0,0,0.0,2,0.7315658657829329,0.6646782450585116,0.0,0.0,0.0,0.0,81940,868352,232e20a,,False,0,bpsk,4.0,none,32,0.0124969482421875,0.01250081804073755,bpsk_awgn,hdc_k1,k16_radio,4096.0,prototype,1.0,hdc_k1
sim_indoor_v1,test_id,pure_hdc,512,512.0,0.0,0,0.0,2,0.7332228666114333,0.6650159966820584,0.0,0.0,0.0,0.0,81940,868352,232e20a,,False,0,bpsk,0.0,none,32,0.078643798828125,0.07864960352514258,bpsk_awgn,hdc_k1,k16_radio,4096.0,prototype,1.0,hdc_k1
sim_indoor_v1,test_id,pure_hdc,512,512.0,0.0,0,0.0,2,0.728251864125932,0.6578709395284572,0.0,0.0,0.0,0.0,81940,868352,232e20a,,False,0,bpsk,-2.0,none,32,0.1304931640625,0.13064448852282917,bpsk_awgn,hdc_k1,k16_radio,4096.0,prototype,1.0,hdc_k1
sim_indoor_v1,test_id,pure_hdc,512,512.0,0.0,0,0.0,2,0.7373653686826843,0.6689959084371134,0.0,0.0,0.0,0.0,81940,868352,232e20a,,False,0,bpsk,8.0,rayleigh_block,32,0.03536224365234375,0.03545906762783807,bpsk_rayleigh_block,hdc_k1,k16_radio,4096.0,prototype,1.0,hdc_k1
sim_indoor_v1,test_id,pure_hdc,512,512.0,0.0,0,0.0,2,0.7381938690969345,0.6704178140074858,0.0,0.0,0.0,0.0,81940,868352,232e20a,,False,0,bpsk,4.0,rayleigh_block,32,0.07723236083984375,0.07713691605639106,bpsk_rayleigh_block,hdc_k1,k16_radio,4096.0,prototype,1.0,hdc_k1
sim_indoor_v1,test_id,pure_hdc,512,512.0,0.0,0,0.0,2,0.7332228666114333,0.6627556244928712,0.0,0.0,0.0,0.0,81940,868352,232e20a,,False,0,bpsk,0.0,rayleigh_block,32,0.14610671997070312,0.1464466094067262,bpsk_rayleigh_block,hdc_k1,k16_radio,4096.0,prototype,1.0,hdc_k1
sim_indoor_v1,test_id,pure_hdc,512,512.0,0.0,0,0.0,2,0.7348798674399337,0.6641365597415536,0.0,0.0,0.0,0.0,81940,868352,232e20a,,False,0,bpsk,-2.0,rayleigh_block,32,0.1881561279296875,0.18900836834134227,bpsk_rayleigh_block,hdc_k1,k16_radio,4096.0,prototype,1.0,hdc_k1
sim_indoor_v1,test_id,pure_hdc,512,512.0,0.00019090777407599314,0,0.0,2,0.7315658657829329,0.6631025222547733,0.0,0.0,0.0,0.0,81940,868352,232e20a,,False,0,none,8.0,none,32,0.000217437744140625,0.00019090777407599314,matched_ber,hdc_k1,k16_radio,4096.0,prototype,1.0,hdc_k1
sim_indoor_v1,test_id,pure_hdc,512,512.0,0.01250081804073755,0,0.0,2,0.7315658657829329,0.663191031788488,0.0,0.0,0.0,0.0,81940,868352,232e20a,,False,0,none,4.0,none,32,0.012142181396484375,0.01250081804073755,matched_ber,hdc_k1,k16_radio,4096.0,prototype,1.0,hdc_k1
sim_indoor_v1,test_id,pure_hdc,512,512.0,0.07864960352514258,0,0.0,2,0.7307373653686827,0.6627233009880833,0.0,0.0,0.0,0.0,81940,868352,232e20a,,False,0,none,0.0,none,32,0.07795333862304688,0.07864960352514258,matched_ber,hdc_k1,k16_radio,4096.0,prototype,1.0,hdc_k1
sim_indoor_v1,test_id,pure_hdc,512,512.0,0.13064448852282917,0,0.0,2,0.7307373653686827,0.6608881084834315,0.0,0.0,0.0,0.0,81940,868352,232e20a,,False,0,none,-2.0,none,32,0.13031768798828125,0.13064448852282917,matched_ber,hdc_k1,k16_radio,4096.0,prototype,1.0,hdc_k1
sim_indoor_v1,test_ood,pure_hdc,512,512.0,0.0,0,0.0,2,0.7129356172474897,0.6002547408174452,0.0,0.0,0.0,0.0,81940,868352,232e20a,,False,0,bpsk,8.0,none,32,0.000209808349609375,0.00019090777407599314,bpsk_awgn,hdc_k1,k16_radio,4096.0,prototype,1.0,hdc_k1
sim_indoor_v1,test_ood,pure_hdc,512,512.0,0.0,0,0.0,2,0.7152982870643827,0.6024445305641963,0.0,0.0,0.0,0.0,81940,868352,232e20a,,False,0,bpsk,4.0,none,32,0.0128021240234375,0.01250081804073755,bpsk_awgn,hdc_k1,k16_radio,4096.0,prototype,1.0,hdc_k1
sim_indoor_v1,test_ood,pure_hdc,512,512.0,0.0,0,0.0,2,0.7117542823390431,0.6020147913627474,0.0,0.0,0.0,0.0,81940,868352,232e20a,,False,0,bpsk,0.0,none,32,0.07900238037109375,0.07864960352514258,bpsk_awgn,hdc_k1,k16_radio,4096.0,prototype,1.0,hdc_k1
sim_indoor_v1,test_ood,pure_hdc,512,512.0,0.0,0,0.0,2,0.70939161252215,0.5995875078544286,0.0,0.0,0.0,0.0,81940,868352,232e20a,,False,0,bpsk,-2.0,none,32,0.1308441162109375,0.13064448852282917,bpsk_awgn,hdc_k1,k16_radio,4096.0,prototype,1.0,hdc_k1
sim_indoor_v1,test_ood,pure_hdc,512,512.0,0.0,0,0.0,2,0.7105729474305966,0.5996545246081165,0.0,0.0,0.0,0.0,81940,868352,232e20a,,False,0,bpsk,8.0,rayleigh_block,32,0.034481048583984375,0.03545906762783807,bpsk_rayleigh_block,hdc_k1,k16_radio,4096.0,prototype,1.0,hdc_k1
sim_indoor_v1,test_ood,pure_hdc,512,512.0,0.0,0,0.0,2,0.7082102776137035,0.6001027322643188,0.0,0.0,0.0,0.0,81940,868352,232e20a,,False,0,bpsk,4.0,rayleigh_block,32,0.075531005859375,0.07713691605639106,bpsk_rayleigh_block,hdc_k1,k16_radio,4096.0,prototype,1.0,hdc_k1
sim_indoor_v1,test_ood,pure_hdc,512,512.0,0.0,0,0.0,2,0.7058476077968104,0.5965713697848736,0.0,0.0,0.0,0.0,81940,868352,232e20a,,False,0,bpsk,0.0,rayleigh_block,32,0.14505386352539062,0.1464466094067262,bpsk_rayleigh_block,hdc_k1,k16_radio,4096.0,prototype,1.0,hdc_k1
sim_indoor_v1,test_ood,pure_hdc,512,512.0,0.0,0,0.0,2,0.6952155936207915,0.5858693391023839,0.0,0.0,0.0,0.0,81940,868352,232e20a,,False,0,bpsk,-2.0,rayleigh_block,32,0.18815994262695312,0.18900836834134227,bpsk_rayleigh_block,hdc_k1,k16_radio,4096.0,prototype,1.0,hdc_k1
sim_indoor_v1,test_ood,pure_hdc,512,512.0,0.00019090777407599314,0,0.0,2,0.7129356172474897,0.6002558036320691,0.0,0.0,0.0,0.0,81940,868352,232e20a,,False,0,none,8.0,none,32,0.000217437744140625,0.00019090777407599314,matched_ber,hdc_k1,k16_radio,4096.0,prototype,1.0,hdc_k1
sim_indoor_v1,test_ood,pure_hdc,512,512.0,0.01250081804073755,0,0.0,2,0.7141169521559362,0.60061772684147,0.0,0.0,0.0,0.0,81940,868352,232e20a,,False,0,none,4.0,none,32,0.012142181396484375,0.01250081804073755,matched_ber,hdc_k1,k16_radio,4096.0,prototype,1.0,hdc_k1
sim_indoor_v1,test_ood,pure_hdc,512,512.0,0.07864960352514258,0,0.0,2,0.7105729474305966,0.5967554651977077,0.0,0.0,0.0,0.0,81940,868352,232e20a,,False,0,none,0.0,none,32,0.07795333862304688,0.07864960352514258,matched_ber,hdc_k1,k16_radio,4096.0,prototype,1.0,hdc_k1
sim_indoor_v1,test_ood,pure_hdc,512,512.0,0.13064448852282917,0,0.0,2,0.7058476077968104,0.5915788917820579,0.0,0.0,0.0,0.0,81940,868352,232e20a,,False,0,none,-2.0,none,32,0.13031768798828125,0.13064448852282917,matched_ber,hdc_k1,k16_radio,4096.0,prototype,1.0,hdc_k1
sim_indoor_v1,test_id,pure_hdc,512,512.0,0.0,0,0.0,2,0.9577464788732394,0.9284807045977127,0.0,0.0,0.0,0.0,1311040,868352,232e20a,,False,0,bpsk,8.0,none,32,0.000179290771484375,0.00019090777407599314,bpsk_awgn,hdc_k16,k16_radio,4096.0,prototype,16.0,hdc_k16
sim_indoor_v1,test_id,pure_hdc,512,512.0,0.0,0,0.0,2,0.956089478044739,0.9260133479133662,0.0,0.0,0.0,0.0,1311040,868352,232e20a,,False,0,bpsk,4.0,none,32,0.0124969482421875,0.01250081804073755,bpsk_awgn,hdc_k16,k16_radio,4096.0,prototype,16.0,hdc_k16
sim_indoor_v1,test_id,pure_hdc,512,512.0,0.0,0,0.0,2,0.9569179784589892,0.9286099016285568,0.0,0.0,0.0,0.0,1311040,868352,232e20a,,False,0,bpsk,0.0,none,32,0.078643798828125,0.07864960352514258,bpsk_awgn,hdc_k16,k16_radio,4096.0,prototype,16.0,hdc_k16
sim_indoor_v1,test_id,pure_hdc,512,512.0,0.0,0,0.0,2,0.9552609776304888,0.9254242251512942,0.0,0.0,0.0,0.0,1311040,868352,232e20a,,False,0,bpsk,-2.0,none,32,0.1304931640625,0.13064448852282917,bpsk_awgn,hdc_k16,k16_radio,4096.0,prototype,16.0,hdc_k16
sim_indoor_v1,test_id,pure_hdc,512,512.0,0.0,0,0.0,2,0.9544324772162386,0.9238095020889213,0.0,0.0,0.0,0.0,1311040,868352,232e20a,,False,0,bpsk,8.0,rayleigh_block,32,0.03536224365234375,0.03545906762783807,bpsk_rayleigh_block,hdc_k16,k16_radio,4096.0,prototype,16.0,hdc_k16
sim_indoor_v1,test_id,pure_hdc,512,512.0,0.0,0,0.0,2,0.9536039768019884,0.9235681693335687,0.0,0.0,0.0,0.0,1311040,868352,232e20a,,False,0,bpsk,4.0,rayleigh_block,32,0.07723236083984375,0.07713691605639106,bpsk_rayleigh_block,hdc_k16,k16_radio,4096.0,prototype,16.0,hdc_k16
sim_indoor_v1,test_id,pure_hdc,512,512.0,0.0,0,0.0,2,0.9544324772162386,0.9237178536174232,0.0,0.0,0.0,0.0,1311040,868352,232e20a,,False,0,bpsk,0.0,rayleigh_block,32,0.14610671997070312,0.1464466094067262,bpsk_rayleigh_block,hdc_k16,k16_radio,4096.0,prototype,16.0,hdc_k16
sim_indoor_v1,test_id,pure_hdc,512,512.0,0.0,0,0.0,2,0.956089478044739,0.9262032913602521,0.0,0.0,0.0,0.0,1311040,868352,232e20a,,False,0,bpsk,-2.0,rayleigh_block,32,0.1881561279296875,0.18900836834134227,bpsk_rayleigh_block,hdc_k16,k16_radio,4096.0,prototype,16.0,hdc_k16
sim_indoor_v1,test_id,pure_hdc,512,512.0,0.00019090777407599314,0,0.0,2,0.9577464788732394,0.9284807045977127,0.0,0.0,0.0,0.0,1311040,868352,232e20a,,False,0,none,8.0,none,32,0.000217437744140625,0.00019090777407599314,matched_ber,hdc_k16,k16_radio,4096.0,prototype,16.0,hdc_k16
sim_indoor_v1,test_id,pure_hdc,512,512.0,0.01250081804073755,0,0.0,2,0.9594034797017399,0.9304950100189225,0.0,0.0,0.0,0.0,1311040,868352,232e20a,,False,0,none,4.0,none,32,0.012142181396484375,0.01250081804073755,matched_ber,hdc_k16,k16_radio,4096.0,prototype,16.0,hdc_k16
sim_indoor_v1,test_id,pure_hdc,512,512.0,0.07864960352514258,0,0.0,2,0.9569179784589892,0.9276672715803841,0.0,0.0,0.0,0.0,1311040,868352,232e20a,,False,0,none,0.0,none,32,0.07795333862304688,0.07864960352514258,matched_ber,hdc_k16,k16_radio,4096.0,prototype,16.0,hdc_k16
sim_indoor_v1,test_id,pure_hdc,512,512.0,0.13064448852282917,0,0.0,2,0.9552609776304888,0.9252070533334396,0.0,0.0,0.0,0.0,1311040,868352,232e20a,,False,0,none,-2.0,none,32,0.13031768798828125,0.13064448852282917,matched_ber,hdc_k16,k16_radio,4096.0,prototype,16.0,hdc_k16
sim_indoor_v1,test_ood,pure_hdc,512,512.0,0.0,0,0.0,2,0.8493797991730656,0.7048250888564545,0.0,0.0,0.0,0.0,1311040,868352,232e20a,,False,0,bpsk,8.0,none,32,0.000209808349609375,0.00019090777407599314,bpsk_awgn,hdc_k16,k16_radio,4096.0,prototype,16.0,hdc_k16
sim_indoor_v1,test_ood,pure_hdc,512,512.0,0.0,0,0.0,2,0.8464264619019493,0.7010437464382518,0.0,0.0,0.0,0.0,1311040,868352,232e20a,,False,0,bpsk,4.0,none,32,0.0128021240234375,0.01250081804073755,bpsk_awgn,hdc_k16,k16_radio,4096.0,prototype,16.0,hdc_k16
sim_indoor_v1,test_ood,pure_hdc,512,512.0,0.0,0,0.0,2,0.8428824571766096,0.6949339975452753,0.0,0.0,0.0,0.0,1311040,868352,232e20a,,False,0,bpsk,0.0,none,32,0.07900238037109375,0.07864960352514258,bpsk_awgn,hdc_k16,k16_radio,4096.0,prototype,16.0,hdc_k16
sim_indoor_v1,test_ood,pure_hdc,512,512.0,0.0,0,0.0,2,0.8405197873597164,0.6927068742868094,0.0,0.0,0.0,0.0,1311040,868352,232e20a,,False,0,bpsk,-2.0,none,32,0.1308441162109375,0.13064448852282917,bpsk_awgn,hdc_k16,k16_radio,4096.0,prototype,16.0,hdc_k16
sim_indoor_v1,test_ood,pure_hdc,512,512.0,0.0,0,0.0,2,0.8487891317188423,0.705857010940785,0.0,0.0,0.0,0.0,1311040,868352,232e20a,,False,0,bpsk,8.0,rayleigh_block,32,0.034481048583984375,0.03545906762783807,bpsk_rayleigh_block,hdc_k16,k16_radio,4096.0,prototype,16.0,hdc_k16
sim_indoor_v1,test_ood,pure_hdc,512,512.0,0.0,0,0.0,2,0.8458357944477259,0.7025132343698335,0.0,0.0,0.0,0.0,1311040,868352,232e20a,,False,0,bpsk,4.0,rayleigh_block,32,0.075531005859375,0.07713691605639106,bpsk_rayleigh_block,hdc_k16,k16_radio,4096.0,prototype,16.0,hdc_k16
sim_indoor_v1,test_ood,pure_hdc,512,512.0,0.0,0,0.0,2,0.8405197873597164,0.6959776241096627,0.0,0.0,0.0,0.0,1311040,868352,232e20a,,False,0,bpsk,0.0,rayleigh_block,32,0.14505386352539062,0.1464466094067262,bpsk_rayleigh_block,hdc_k16,k16_radio,4096.0,prototype,16.0,hdc_k16
sim_indoor_v1,test_ood,pure_hdc,512,512.0,0.0,0,0.0,2,0.8393384524512699,0.6938349979908962,0.0,0.0,0.0,0.0,1311040,868352,232e20a,,False,0,bpsk,-2.0,rayleigh_block,32,0.18815994262695312,0.18900836834134227,bpsk_rayleigh_block,hdc_k16,k16_radio,4096.0,prototype,16.0,hdc_k16
sim_indoor_v1,test_ood,pure_hdc,512,512.0,0.00019090777407599314,0,0.0,2,0.8493797991730656,0.7048250888564545,0.0,0.0,0.0,0.0,1311040,868352,232e20a,,False,0,none,8.0,none,32,0.000217437744140625,0.00019090777407599314,matched_ber,hdc_k16,k16_radio,4096.0,prototype,16.0,hdc_k16
sim_indoor_v1,test_ood,pure_hdc,512,512.0,0.01250081804073755,0,0.0,2,0.8529238038984052,0.7096579868419821,0.0,0.0,0.0,0.0,1311040,868352,232e20a,,False,0,none,4.0,none,32,0.012142181396484375,0.01250081804073755,matched_ber,hdc_k16,k16_radio,4096.0,prototype,16.0,hdc_k16
sim_indoor_v1,test_ood,pure_hdc,512,512.0,0.07864960352514258,0,0.0,2,0.854695806261075,0.7132790427409376,0.0,0.0,0.0,0.0,1311040,868352,232e20a,,False,0,none,0.0,none,32,0.07795333862304688,0.07864960352514258,matched_ber,hdc_k16,k16_radio,4096.0,prototype,16.0,hdc_k16
sim_indoor_v1,test_ood,pure_hdc,512,512.0,0.13064448852282917,0,0.0,2,0.8464264619019493,0.7016316966712658,0.0,0.0,0.0,0.0,1311040,868352,232e20a,,False,0,none,-2.0,none,32,0.13031768798828125,0.13064448852282917,matched_ber,hdc_k16,k16_radio,4096.0,prototype,16.0,hdc_k16
sim_indoor_v1,test_id,pure_hdc,512,512.0,0.0,0,0.0,2,0.9693454846727423,0.9472038933937983,0.0,0.0,0.0,0.0,163880,868352,232e20a,,False,0,bpsk,8.0,none,32,0.000179290771484375,0.00019090777407599314,bpsk_awgn,hdc_linear,k16_radio,4096.0,linear,1.0,hdc_linear
sim_indoor_v1,test_id,pure_hdc,512,512.0,0.0,0,0.0,2,0.9693454846727423,0.9472097885065033,0.0,0.0,0.0,0.0,163880,868352,232e20a,,False,0,bpsk,4.0,none,32,0.0124969482421875,0.01250081804073755,bpsk_awgn,hdc_linear,k16_radio,4096.0,linear,1.0,hdc_linear
sim_indoor_v1,test_id,pure_hdc,512,512.0,0.0,0,0.0,2,0.9652029826014913,0.9414056216199572,0.0,0.0,0.0,0.0,163880,868352,232e20a,,False,0,bpsk,0.0,none,32,0.078643798828125,0.07864960352514258,bpsk_awgn,hdc_linear,k16_radio,4096.0,linear,1.0,hdc_linear
sim_indoor_v1,test_id,pure_hdc,512,512.0,0.0,0,0.0,2,0.9569179784589892,0.9270904415954332,0.0,0.0,0.0,0.0,163880,868352,232e20a,,False,0,bpsk,-2.0,none,32,0.1304931640625,0.13064448852282917,bpsk_awgn,hdc_linear,k16_radio,4096.0,linear,1.0,hdc_linear
sim_indoor_v1,test_id,pure_hdc,512,512.0,0.0,0,0.0,2,0.9668599834299917,0.9431163528099653,0.0,0.0,0.0,0.0,163880,868352,232e20a,,False,0,bpsk,8.0,rayleigh_block,32,0.03536224365234375,0.03545906762783807,bpsk_rayleigh_block,hdc_linear,k16_radio,4096.0,linear,1.0,hdc_linear
sim_indoor_v1,test_id,pure_hdc,512,512.0,0.0,0,0.0,2,0.9643744821872411,0.9413561890848587,0.0,0.0,0.0,0.0,163880,868352,232e20a,,False,0,bpsk,4.0,rayleigh_block,32,0.07723236083984375,0.07713691605639106,bpsk_rayleigh_block,hdc_linear,k16_radio,4096.0,linear,1.0,hdc_linear
sim_indoor_v1,test_id,pure_hdc,512,512.0,0.0,0,0.0,2,0.9436619718309859,0.9113091593012583,0.0,0.0,0.0,0.0,163880,868352,232e20a,,False,0,bpsk,0.0,rayleigh_block,32,0.14610671997070312,0.1464466094067262,bpsk_rayleigh_block,hdc_linear,k16_radio,4096.0,linear,1.0,hdc_linear
sim_indoor_v1,test_id,pure_hdc,512,512.0,0.0,0,0.0,2,0.9254349627174814,0.8849740694802646,0.0,0.0,0.0,0.0,163880,868352,232e20a,,False,0,bpsk,-2.0,rayleigh_block,32,0.1881561279296875,0.18900836834134227,bpsk_rayleigh_block,hdc_linear,k16_radio,4096.0,linear,1.0,hdc_linear
sim_indoor_v1,test_id,pure_hdc,512,512.0,0.00019090777407599314,0,0.0,2,0.9701739850869926,0.9493793864347759,0.0,0.0,0.0,0.0,163880,868352,232e20a,,False,0,none,8.0,none,32,0.000217437744140625,0.00019090777407599314,matched_ber,hdc_linear,k16_radio,4096.0,linear,1.0,hdc_linear
sim_indoor_v1,test_id,pure_hdc,512,512.0,0.01250081804073755,0,0.0,2,0.9685169842584921,0.9471729327108822,0.0,0.0,0.0,0.0,163880,868352,232e20a,,False,0,none,4.0,none,32,0.012142181396484375,0.01250081804073755,matched_ber,hdc_linear,k16_radio,4096.0,linear,1.0,hdc_linear
sim_indoor_v1,test_id,pure_hdc,512,512.0,0.07864960352514258,0,0.0,2,0.9594034797017399,0.9335836920744661,0.0,0.0,0.0,0.0,163880,868352,232e20a,,False,0,none,0.0,none,32,0.07795333862304688,0.07864960352514258,matched_ber,hdc_linear,k16_radio,4096.0,linear,1.0,hdc_linear
sim_indoor_v1,test_id,pure_hdc,512,512.0,0.13064448852282917,0,0.0,2,0.9453189726594863,0.9146622083796239,0.0,0.0,0.0,0.0,163880,868352,232e20a,,False,0,none,-2.0,none,32,0.13031768798828125,0.13064448852282917,matched_ber,hdc_linear,k16_radio,4096.0,linear,1.0,hdc_linear
sim_indoor_v1,test_ood,pure_hdc,512,512.0,0.0,0,0.0,2,0.819846426461902,0.6664734871282516,0.0,0.0,0.0,0.0,163880,868352,232e20a,,False,0,bpsk,8.0,none,32,0.000209808349609375,0.00019090777407599314,bpsk_awgn,hdc_linear,k16_radio,4096.0,linear,1.0,hdc_linear
sim_indoor_v1,test_ood,pure_hdc,512,512.0,0.0,0,0.0,2,0.813349084465446,0.65592449452096,0.0,0.0,0.0,0.0,163880,868352,232e20a,,False,0,bpsk,4.0,none,32,0.0128021240234375,0.01250081804073755,bpsk_awgn,hdc_linear,k16_radio,4096.0,linear,1.0,hdc_linear
sim_indoor_v1,test_ood,pure_hdc,512,512.0,0.0,0,0.0,2,0.7926757235676314,0.6423841513870322,0.0,0.0,0.0,0.0,163880,868352,232e20a,,False,0,bpsk,0.0,none,32,0.07900238037109375,0.07864960352514258,bpsk_awgn,hdc_linear,k16_radio,4096.0,linear,1.0,hdc_linear
sim_indoor_v1,test_ood,pure_hdc,512,512.0,0.0,0,0.0,2,0.7855877141169522,0.6393291214863602,0.0,0.0,0.0,0.0,163880,868352,232e20a,,False,0,bpsk,-2.0,none,32,0.1308441162109375,0.13064448852282917,bpsk_awgn,hdc_linear,k16_radio,4096.0,linear,1.0,hdc_linear
sim_indoor_v1,test_ood,pure_hdc,512,512.0,0.0,0,0.0,2,0.8086237448316598,0.649981180882045,0.0,0.0,0.0,0.0,163880,868352,232e20a,,False,0,bpsk,8.0,rayleigh_block,32,0.034481048583984375,0.03545906762783807,bpsk_rayleigh_block,hdc_linear,k16_radio,4096.0,linear,1.0,hdc_linear
sim_indoor_v1,test_ood,pure_hdc,512,512.0,0.0,0,0.0,2,0.7950383933845245,0.6346596040653533,0.0,0.0,0.0,0.0,163880,868352,232e20a,,False,0,bpsk,4.0,rayleigh_block,32,0.075531005859375,0.07713691605639106,bpsk_rayleigh_block,hdc_linear,k16_radio,4096.0,linear,1.0,hdc_linear
sim_indoor_v1,test_ood,pure_hdc,512,512.0,0.0,0,0.0,2,0.7796810395747195,0.6254880219789012,0.0,0.0,0.0,0.0,163880,868352,232e20a,,False,0,bpsk,0.0,rayleigh_block,32,0.14505386352539062,0.1464466094067262,bpsk_rayleigh_block,hdc_linear,k16_radio,4096.0,linear,1.0,hdc_linear
sim_indoor_v1,test_ood,pure_hdc,512,512.0,0.0,0,0.0,2,0.7684583579444773,0.6233280365548314,0.0,0.0,0.0,0.0,163880,868352,232e20a,,False,0,bpsk,-2.0,rayleigh_block,32,0.18815994262695312,0.18900836834134227,bpsk_rayleigh_block,hdc_linear,k16_radio,4096.0,linear,1.0,hdc_linear
sim_indoor_v1,test_ood,pure_hdc,512,512.0,0.00019090777407599314,0,0.0,2,0.8180744240992321,0.6635364505820988,0.0,0.0,0.0,0.0,163880,868352,232e20a,,False,0,none,8.0,none,32,0.000217437744140625,0.00019090777407599314,matched_ber,hdc_linear,k16_radio,4096.0,linear,1.0,hdc_linear
sim_indoor_v1,test_ood,pure_hdc,512,512.0,0.01250081804073755,0,0.0,2,0.8163024217365623,0.6596402912647448,0.0,0.0,0.0,0.0,163880,868352,232e20a,,False,0,none,4.0,none,32,0.012142181396484375,0.01250081804073755,matched_ber,hdc_linear,k16_radio,4096.0,linear,1.0,hdc_linear
sim_indoor_v1,test_ood,pure_hdc,512,512.0,0.07864960352514258,0,0.0,2,0.7891317188422918,0.6293135337854313,0.0,0.0,0.0,0.0,163880,868352,232e20a,,False,0,none,0.0,none,32,0.07795333862304688,0.07864960352514258,matched_ber,hdc_linear,k16_radio,4096.0,linear,1.0,hdc_linear
sim_indoor_v1,test_ood,pure_hdc,512,512.0,0.13064448852282917,0,0.0,2,0.7903130537507383,0.6341244111425236,0.0,0.0,0.0,0.0,163880,868352,232e20a,,False,0,none,-2.0,none,32,0.13031768798828125,0.13064448852282917,matched_ber,hdc_linear,k16_radio,4096.0,linear,1.0,hdc_linear
