dataset,split,method,budget_bytes,actual_bytes,ber,burst_length,packet_loss_rate,seed,accuracy,macro_f1,encode_ms_median,encode_ms_p95,classify_ms_median,classify_ms_p95,model_bytes,shared_memory_bytes,git_commit,sensor,invalid_mode,invalid_storage,method_tag,sweep,dataset_name,label_source,dimension,hdc_head,n_centroids,method_label
lidardataframes_v1,test_id,quantized,128,128.0,0.0,0,0.0,0,0.9036144578313253,0.898989898989899,0.0,0.0,0.0,0.0,1936,0,bd48481,clean,fill,max_range,quantized,k16_lidardataframes_sensor,lidardataframes_v1,author_lidardataframes_place_tags,,,,quantized
lidardataframes_v1,test_id,quantized,128,128.0,0.0,0,0.0,0,0.6024096385542169,0.5962967406954929,0.0,0.0,0.0,0.0,1936,0,bd48481,beam_drop:drop_rate=0.1,fill,max_range,quantized,k16_lidardataframes_sensor,lidardataframes_v1,author_lidardataframes_place_tags,,,,quantized
lidardataframes_v1,test_id,quantized,128,128.0,0.0,0,0.0,0,0.3493975903614458,0.2596856725146199,0.0,0.0,0.0,0.0,1936,0,bd48481,beam_drop:drop_rate=0.3,fill,max_range,quantized,k16_lidardataframes_sensor,lidardataframes_v1,author_lidardataframes_place_tags,,,,quantized
lidardataframes_v1,test_id,quantized,128,128.0,0.0,0,0.0,0,0.5783132530120482,0.5232431411299697,0.0,0.0,0.0,0.0,1936,0,bd48481,sector_drop:fraction=0.15,fill,max_range,quantized,k16_lidardataframes_sensor,lidardataframes_v1,author_lidardataframes_place_tags,,,,quantized
lidardataframes_v1,test_id,quantized,128,128.0,0.0,0,0.0,0,0.3493975903614458,0.2550197963800905,0.0,0.0,0.0,0.0,1936,0,bd48481,sector_drop:fraction=0.3,fill,max_range,quantized,k16_lidardataframes_sensor,lidardataframes_v1,author_lidardataframes_place_tags,,,,quantized
lidardataframes_v1,test_id,quantized,128,128.0,0.0,0,0.0,0,0.9036144578313253,0.9011154011154011,0.0,0.0,0.0,0.0,1936,0,bd48481,range_bias:bias=0.25,fill,max_range,quantized,k16_lidardataframes_sensor,lidardataframes_v1,author_lidardataframes_place_tags,,,,quantized
lidardataframes_v1,test_id,quantized,128,128.0,0.0,0,0.0,0,0.9156626506024096,0.9139895192526771,0.0,0.0,0.0,0.0,1936,0,bd48481,range_scale:scale=1.15,fill,max_range,quantized,k16_lidardataframes_sensor,lidardataframes_v1,author_lidardataframes_place_tags,,,,quantized
lidardataframes_v1,test_id,quantized,128,128.0,0.0,0,0.0,0,0.9036144578313253,0.898989898989899,0.0,0.0,0.0,0.0,1936,0,bd48481,gauss:sigma=0.05,fill,max_range,quantized,k16_lidardataframes_sensor,lidardataframes_v1,author_lidardataframes_place_tags,,,,quantized
lidardataframes_v1,test_id,quantized,128,128.0,0.0,0,0.0,0,0.9036144578313253,0.8994949494949496,0.0,0.0,0.0,0.0,1936,0,bd48481,gauss:sigma=0.15,fill,max_range,quantized,k16_lidardataframes_sensor,lidardataframes_v1,author_lidardataframes_place_tags,,,,quantized
lidardataframes_v1,test_id,quantized,128,128.0,0.0,0,0.0,0,0.8554216867469879,0.8450651011392699,0.0,0.0,0.0,0.0,1936,0,bd48481,clip:clip_to=6.0,fill,max_range,quantized,k16_lidardataframes_sensor,lidardataframes_v1,author_lidardataframes_place_tags,,,,quantized
lidardataframes_v1,test_ood,quantized,128,128.0,0.0,0,0.0,0,0.8536585365853658,0.8418458781362007,0.0,0.0,0.0,0.0,1936,0,bd48481,clean,fill,max_range,quantized,k16_lidardataframes_sensor,lidardataframes_v1,author_lidardataframes_place_tags,,,,quantized
lidardataframes_v1,test_ood,quantized,128,128.0,0.0,0,0.0,0,0.5975609756097561,0.591807951987997,0.0,0.0,0.0,0.0,1936,0,bd48481,beam_drop:drop_rate=0.1,fill,max_range,quantized,k16_lidardataframes_sensor,lidardataframes_v1,author_lidardataframes_place_tags,,,,quantized
lidardataframes_v1,test_ood,quantized,128,128.0,0.0,0,0.0,0,0.36585365853658536,0.28372401592215835,0.0,0.0,0.0,0.0,1936,0,bd48481,beam_drop:drop_rate=0.3,fill,max_range,quantized,k16_lidardataframes_sensor,lidardataframes_v1,author_lidardataframes_place_tags,,,,quantized
lidardataframes_v1,test_ood,quantized,128,128.0,0.0,0,0.0,0,0.5,0.4828504828504828,0.0,0.0,0.0,0.0,1936,0,bd48481,sector_drop:fraction=0.15,fill,max_range,quantized,k16_lidardataframes_sensor,lidardataframes_v1,author_lidardataframes_place_tags,,,,quantized
lidardataframes_v1,test_ood,quantized,128,128.0,0.0,0,0.0,0,0.3902439024390244,0.3115585064610552,0.0,0.0,0.0,0.0,1936,0,bd48481,sector_drop:fraction=0.3,fill,max_range,quantized,k16_lidardataframes_sensor,lidardataframes_v1,author_lidardataframes_place_tags,,,,quantized
lidardataframes_v1,test_ood,quantized,128,128.0,0.0,0,0.0,0,0.8414634146341463,0.8301630434782609,0.0,0.0,0.0,0.0,1936,0,bd48481,range_bias:bias=0.25,fill,max_range,quantized,k16_lidardataframes_sensor,lidardataframes_v1,author_lidardataframes_place_tags,,,,quantized
lidardataframes_v1,test_ood,quantized,128,128.0,0.0,0,0.0,0,0.8414634146341463,0.8301270685579196,0.0,0.0,0.0,0.0,1936,0,bd48481,range_scale:scale=1.15,fill,max_range,quantized,k16_lidardataframes_sensor,lidardataframes_v1,author_lidardataframes_place_tags,,,,quantized
lidardataframes_v1,test_ood,quantized,128,128.0,0.0,0,0.0,0,0.8658536585365854,0.8528487641390867,0.0,0.0,0.0,0.0,1936,0,bd48481,gauss:sigma=0.05,fill,max_range,quantized,k16_lidardataframes_sensor,lidardataframes_v1,author_lidardataframes_place_tags,,,,quantized
lidardataframes_v1,test_ood,quantized,128,128.0,0.0,0,0.0,0,0.8658536585365854,0.8528487641390867,0.0,0.0,0.0,0.0,1936,0,bd48481,gauss:sigma=0.15,fill,max_range,quantized,k16_lidardataframes_sensor,lidardataframes_v1,author_lidardataframes_place_tags,,,,quantized
lidardataframes_v1,test_ood,quantized,128,128.0,0.0,0,0.0,0,0.8292682926829268,0.811282193128035,0.0,0.0,0.0,0.0,1936,0,bd48481,clip:clip_to=6.0,fill,max_range,quantized,k16_lidardataframes_sensor,lidardataframes_v1,author_lidardataframes_place_tags,,,,quantized
lidardataframes_v1,test_id,binary_hash,128,128.0,0.0,0,0.0,0,0.8192771084337349,0.8169853982783044,0.0,0.0,0.0,0.0,16400,737280,bd48481,clean,fill,max_range,binary_hash,k16_lidardataframes_sensor,lidardataframes_v1,author_lidardataframes_place_tags,1024.0,,,binary_hash
lidardataframes_v1,test_id,binary_hash,128,128.0,0.0,0,0.0,0,0.5542168674698795,0.5095453356745245,0.0,0.0,0.0,0.0,16400,737280,bd48481,beam_drop:drop_rate=0.1,fill,max_range,binary_hash,k16_lidardataframes_sensor,lidardataframes_v1,author_lidardataframes_place_tags,1024.0,,,binary_hash
lidardataframes_v1,test_id,binary_hash,128,128.0,0.0,0,0.0,0,0.4457831325301205,0.3799754983851208,0.0,0.0,0.0,0.0,16400,737280,bd48481,beam_drop:drop_rate=0.3,fill,max_range,binary_hash,k16_lidardataframes_sensor,lidardataframes_v1,author_lidardataframes_place_tags,1024.0,,,binary_hash
lidardataframes_v1,test_id,binary_hash,128,128.0,0.0,0,0.0,0,0.5060240963855421,0.49230004967709884,0.0,0.0,0.0,0.0,16400,737280,bd48481,sector_drop:fraction=0.15,fill,max_range,binary_hash,k16_lidardataframes_sensor,lidardataframes_v1,author_lidardataframes_place_tags,1024.0,,,binary_hash
lidardataframes_v1,test_id,binary_hash,128,128.0,0.0,0,0.0,0,0.42168674698795183,0.3821958183660311,0.0,0.0,0.0,0.0,16400,737280,bd48481,sector_drop:fraction=0.3,fill,max_range,binary_hash,k16_lidardataframes_sensor,lidardataframes_v1,author_lidardataframes_place_tags,1024.0,,,binary_hash
lidardataframes_v1,test_id,binary_hash,128,128.0,0.0,0,0.0,0,0.7951807228915663,0.7947244344892428,0.0,0.0,0.0,0.0,16400,737280,bd48481,range_bias:bias=0.25,fill,max_range,binary_hash,k16_lidardataframes_sensor,lidardataframes_v1,author_lidardataframes_place_tags,1024.0,,,binary_hash
lidardataframes_v1,test_id,binary_hash,128,128.0,0.0,0,0.0,0,0.8072289156626506,0.8061953664649428,0.0,0.0,0.0,0.0,16400,737280,bd48481,range_scale:scale=1.15,fill,max_range,binary_hash,k16_lidardataframes_sensor,lidardataframes_v1,author_lidardataframes_place_tags,1024.0,,,binary_hash
lidardataframes_v1,test_id,binary_hash,128,128.0,0.0,0,0.0,0,0.8072289156626506,0.8042579853890044,0.0,0.0,0.0,0.0,16400,737280,bd48481,gauss:sigma=0.05,fill,max_range,binary_hash,k16_lidardataframes_sensor,lidardataframes_v1,author_lidardataframes_place_tags,1024.0,,,binary_hash
lidardataframes_v1,test_id,binary_hash,128,128.0,0.0,0,0.0,0,0.8072289156626506,0.8022844272844273,0.0,0.0,0.0,0.0,16400,737280,bd48481,gauss:sigma=0.15,fill,max_range,binary_hash,k16_lidardataframes_sensor,lidardataframes_v1,author_lidardataframes_place_tags,1024.0,,,binary_hash
lidardataframes_v1,test_id,binary_hash,128,128.0,0.0,0,0.0,0,0.6746987951807228,0.6466003027972468,0.0,0.0,0.0,0.0,16400,737280,bd48481,clip:clip_to=6.0,fill,max_range,binary_hash,k16_lidardataframes_sensor,lidardataframes_v1,author_lidardataframes_place_tags,1024.0,,,binary_hash
lidardataframes_v1,test_ood,binary_hash,128,128.0,0.0,0,0.0,0,0.7804878048780488,0.7768522848310082,0.0,0.0,0.0,0.0,16400,737280,bd48481,clean,fill,max_range,binary_hash,k16_lidardataframes_sensor,lidardataframes_v1,author_lidardataframes_place_tags,1024.0,,,binary_hash
lidardataframes_v1,test_ood,binary_hash,128,128.0,0.0,0,0.0,0,0.5,0.46323796323796324,0.0,0.0,0.0,0.0,16400,737280,bd48481,beam_drop:drop_rate=0.1,fill,max_range,binary_hash,k16_lidardataframes_sensor,lidardataframes_v1,author_lidardataframes_place_tags,1024.0,,,binary_hash
lidardataframes_v1,test_ood,binary_hash,128,128.0,0.0,0,0.0,0,0.524390243902439,0.454949494949495,0.0,0.0,0.0,0.0,16400,737280,bd48481,beam_drop:drop_rate=0.3,fill,max_range,binary_hash,k16_lidardataframes_sensor,lidardataframes_v1,author_lidardataframes_place_tags,1024.0,,,binary_hash
lidardataframes_v1,test_ood,binary_hash,128,128.0,0.0,0,0.0,0,0.573170731707317,0.5768633397665656,0.0,0.0,0.0,0.0,16400,737280,bd48481,sector_drop:fraction=0.15,fill,max_range,binary_hash,k16_lidardataframes_sensor,lidardataframes_v1,author_lidardataframes_place_tags,1024.0,,,binary_hash
lidardataframes_v1,test_ood,binary_hash,128,128.0,0.0,0,0.0,0,0.5,0.49184807056660607,0.0,0.0,0.0,0.0,16400,737280,bd48481,sector_drop:fraction=0.3,fill,max_range,binary_hash,k16_lidardataframes_sensor,lidardataframes_v1,author_lidardataframes_place_tags,1024.0,,,binary_hash
lidardataframes_v1,test_ood,binary_hash,128,128.0,0.0,0,0.0,0,0.7682926829268293,0.7684253171656895,0.0,0.0,0.0,0.0,16400,737280,bd48481,range_bias:bias=0.25,fill,max_range,binary_hash,k16_lidardataframes_sensor,lidardataframes_v1,author_lidardataframes_place_tags,1024.0,,,binary_hash
lidardataframes_v1,test_ood,binary_hash,128,128.0,0.0,0,0.0,0,0.7804878048780488,0.7757451369855092,0.0,0.0,0.0,0.0,16400,737280,bd48481,range_scale:scale=1.15,fill,max_range,binary_hash,k16_lidardataframes_sensor,lidardataframes_v1,author_lidardataframes_place_tags,1024.0,,,binary_hash
lidardataframes_v1,test_ood,binary_hash,128,128.0,0.0,0,0.0,0,0.7804878048780488,0.7788959578433263,0.0,0.0,0.0,0.0,16400,737280,bd48481,gauss:sigma=0.05,fill,max_range,binary_hash,k16_lidardataframes_sensor,lidardataframes_v1,author_lidardataframes_place_tags,1024.0,,,binary_hash
lidardataframes_v1,test_ood,binary_hash,128,128.0,0.0,0,0.0,0,0.8414634146341463,0.8414634146341464,0.0,0.0,0.0,0.0,16400,737280,bd48481,gauss:sigma=0.15,fill,max_range,binary_hash,k16_lidardataframes_sensor,lidardataframes_v1,author_lidardataframes_place_tags,1024.0,,,binary_hash
lidardataframes_v1,test_ood,binary_hash,128,128.0,0.0,0,0.0,0,0.7195121951219512,0.7123966865053453,0.0,0.0,0.0,0.0,16400,737280,bd48481,clip:clip_to=6.0,fill,max_range,binary_hash,k16_lidardataframes_sensor,lidardataframes_v1,author_lidardataframes_place_tags,1024.0,,,binary_hash
lidardataframes_v1,test_id,pure_hdc,128,128.0,0.0,0,0.0,0,0.9518072289156626,0.9515098722415796,0.0,0.0,0.0,0.0,16400,217088,bd48481,clean,skip,nan,hdc_k1/skip,k16_lidardataframes_sensor,lidardataframes_v1,author_lidardataframes_place_tags,1024.0,prototype,1.0,hdc_k1/skip
lidardataframes_v1,test_id,pure_hdc,128,128.0,0.0,0,0.0,0,0.9036144578313253,0.8999309868875086,0.0,0.0,0.0,0.0,16400,217088,bd48481,beam_drop:drop_rate=0.1,skip,nan,hdc_k1/skip,k16_lidardataframes_sensor,lidardataframes_v1,author_lidardataframes_place_tags,1024.0,prototype,1.0,hdc_k1/skip
lidardataframes_v1,test_id,pure_hdc,128,128.0,0.0,0,0.0,0,0.8795180722891566,0.8711346198558475,0.0,0.0,0.0,0.0,16400,217088,bd48481,beam_drop:drop_rate=0.3,skip,nan,hdc_k1/skip,k16_lidardataframes_sensor,lidardataframes_v1,author_lidardataframes_place_tags,1024.0,prototype,1.0,hdc_k1/skip
lidardataframes_v1,test_id,pure_hdc,128,128.0,0.0,0,0.0,0,0.8313253012048193,0.8251739092470239,0.0,0.0,0.0,0.0,16400,217088,bd48481,sector_drop:fraction=0.15,skip,nan,hdc_k1/skip,k16_lidardataframes_sensor,lidardataframes_v1,author_lidardataframes_place_tags,1024.0,prototype,1.0,hdc_k1/skip
lidardataframes_v1,test_id,pure_hdc,128,128.0,0.0,0,0.0,0,0.7951807228915663,0.7912797974211951,0.0,0.0,0.0,0.0,16400,217088,bd48481,sector_drop:fraction=0.3,skip,nan,hdc_k1/skip,k16_lidardataframes_sensor,lidardataframes_v1,author_lidardataframes_place_tags,1024.0,prototype,1.0,hdc_k1/skip
lidardataframes_v1,test_id,pure_hdc,128,128.0,0.0,0,0.0,0,0.9518072289156626,0.9514605785592739,0.0,0.0,0.0,0.0,16400,217088,bd48481,range_bias:bias=0.25,skip,nan,hdc_k1/skip,k16_lidardataframes_sensor,lidardataframes_v1,author_lidardataframes_place_tags,1024.0,prototype,1.0,hdc_k1/skip
lidardataframes_v1,test_id,pure_hdc,128,128.0,0.0,0,0.0,0,0.9397590361445783,0.9397727272727273,0.0,0.0,0.0,0.0,16400,217088,bd48481,range_scale:scale=1.15,skip,nan,hdc_k1/skip,k16_lidardataframes_sensor,lidardataframes_v1,author_lidardataframes_place_tags,1024.0,prototype,1.0,hdc_k1/skip
lidardataframes_v1,test_id,pure_hdc,128,128.0,0.0,0,0.0,0,0.9518072289156626,0.9515098722415796,0.0,0.0,0.0,0.0,16400,217088,bd48481,gauss:sigma=0.05,skip,nan,hdc_k1/skip,k16_lidardataframes_sensor,lidardataframes_v1,author_lidardataframes_place_tags,1024.0,prototype,1.0,hdc_k1/skip
lidardataframes_v1,test_id,pure_hdc,128,128.0,0.0,0,0.0,0,0.9397590361445783,0.9392654566080545,0.0,0.0,0.0,0.0,16400,217088,bd48481,gauss:sigma=0.15,skip,nan,hdc_k1/skip,k16_lidardataframes_sensor,lidardataframes_v1,author_lidardataframes_place_tags,1024.0,prototype,1.0,hdc_k1/skip
lidardataframes_v1,test_id,pure_hdc,128,128.0,0.0,0,0.0,0,0.927710843373494,0.9283856387514924,0.0,0.0,0.0,0.0,16400,217088,bd48481,clip:clip_to=6.0,skip,nan,hdc_k1/skip,k16_lidardataframes_sensor,lidardataframes_v1,author_lidardataframes_place_tags,1024.0,prototype,1.0,hdc_k1/skip
lidardataframes_v1,test_ood,pure_hdc,128,128.0,0.0,0,0.0,0,0.8780487804878049,0.8784090909090909,0.0,0.0,0.0,0.0,16400,217088,bd48481,clean,skip,nan,hdc_k1/skip,k16_lidardataframes_sensor,lidardataframes_v1,author_lidardataframes_place_tags,1024.0,prototype,1.0,hdc_k1/skip
lidardataframes_v1,test_ood,pure_hdc,128,128.0,0.0,0,0.0,0,0.8292682926829268,0.8291619398752127,0.0,0.0,0.0,0.0,16400,217088,bd48481,beam_drop:drop_rate=0.1,skip,nan,hdc_k1/skip,k16_lidardataframes_sensor,lidardataframes_v1,author_lidardataframes_place_tags,1024.0,prototype,1.0,hdc_k1/skip
lidardataframes_v1,test_ood,pure_hdc,128,128.0,0.0,0,0.0,0,0.8170731707317073,0.8185805422647527,0.0,0.0,0.0,0.0,16400,217088,bd48481,beam_drop:drop_rate=0.3,skip,nan,hdc_k1/skip,k16_lidardataframes_sensor,lidardataframes_v1,author_lidardataframes_place_tags,1024.0,prototype,1.0,hdc_k1/skip
lidardataframes_v1,test_ood,pure_hdc,128,128.0,0.0,0,0.0,0,0.8292682926829268,0.8312741312741313,0.0,0.0,0.0,0.0,16400,217088,bd48481,sector_drop:fraction=0.15,skip,nan,hdc_k1/skip,k16_lidardataframes_sensor,lidardataframes_v1,author_lidardataframes_place_tags,1024.0,prototype,1.0,hdc_k1/skip
lidardataframes_v1,test_ood,pure_hdc,128,128.0,0.0,0,0.0,0,0.7317073170731707,0.7323232323232324,0.0,0.0,0.0,0.0,16400,217088,bd48481,sector_drop:fraction=0.3,skip,nan,hdc_k1/skip,k16_lidardataframes_sensor,lidardataframes_v1,author_lidardataframes_place_tags,1024.0,prototype,1.0,hdc_k1/skip
lidardataframes_v1,test_ood,pure_hdc,128,128.0,0.0,0,0.0,0,0.8658536585365854,0.8691920644048303,0.0,0.0,0.0,0.0,16400,217088,bd48481,range_bias:bias=0.25,skip,nan,hdc_k1/skip,k16_lidardataframes_sensor,lidardataframes_v1,author_lidardataframes_place_tags,1024.0,prototype,1.0,hdc_k1/skip
lidardataframes_v1,test_ood,pure_hdc,128,128.0,0.0,0,0.0,0,0.8414634146341463,0.8442356778218945,0.0,0.0,0.0,0.0,16400,217088,bd48481,range_scale:scale=1.15,skip,nan,hdc_k1/skip,k16_lidardataframes_sensor,lidardataframes_v1,author_lidardataframes_place_tags,1024.0,prototype,1.0,hdc_k1/skip
lidardataframes_v1,test_ood,pure_hdc,128,128.0,0.0,0,0.0,0,0.8658536585365854,0.8655982905982906,0.0,0.0,0.0,0.0,16400,217088,bd48481,gauss:sigma=0.05,skip,nan,hdc_k1/skip,k16_lidardataframes_sensor,lidardataframes_v1,author_lidardataframes_place_tags,1024.0,prototype,1.0,hdc_k1/skip
lidardataframes_v1,test_ood,pure_hdc,128,128.0,0.0,0,0.0,0,0.8658536585365854,0.868241514582978,0.0,0.0,0.0,0.0,16400,217088,bd48481,gauss:sigma=0.15,skip,nan,hdc_k1/skip,k16_lidardataframes_sensor,lidardataframes_v1,author_lidardataframes_place_tags,1024.0,prototype,1.0,hdc_k1/skip
lidardataframes_v1,test_ood,pure_hdc,128,128.0,0.0,0,0.0,0,0.8170731707317073,0.8146040467469039,0.0,0.0,0.0,0.0,16400,217088,bd48481,clip:clip_to=6.0,skip,nan,hdc_k1/skip,k16_lidardataframes_sensor,lidardataframes_v1,author_lidardataframes_place_tags,1024.0,prototype,1.0,hdc_k1/skip
lidardataframes_v1,test_id,pure_hdc,128,128.0,0.0,0,0.0,0,0.9759036144578314,0.9751889887319926,0.0,0.0,0.0,0.0,262400,217088,bd48481,clean,skip,nan,hdc_k16/skip,k16_lidardataframes_sensor,lidardataframes_v1,author_lidardataframes_place_tags,1024.0,prototype,16.0,hdc_k16/skip
lidardataframes_v1,test_id,pure_hdc,128,128.0,0.0,0,0.0,0,0.9156626506024096,0.9125335695103137,0.0,0.0,0.0,0.0,262400,217088,bd48481,beam_drop:drop_rate=0.1,skip,nan,hdc_k16/skip,k16_lidardataframes_sensor,lidardataframes_v1,author_lidardataframes_place_tags,1024.0,prototype,16.0,hdc_k16/skip
lidardataframes_v1,test_id,pure_hdc,128,128.0,0.0,0,0.0,0,0.9036144578313253,0.9035760986980499,0.0,0.0,0.0,0.0,262400,217088,bd48481,beam_drop:drop_rate=0.3,skip,nan,hdc_k16/skip,k16_lidardataframes_sensor,lidardataframes_v1,author_lidardataframes_place_tags,1024.0,prototype,16.0,hdc_k16/skip
lidardataframes_v1,test_id,pure_hdc,128,128.0,0.0,0,0.0,0,0.8795180722891566,0.8784426604194047,0.0,0.0,0.0,0.0,262400,217088,bd48481,sector_drop:fraction=0.15,skip,nan,hdc_k16/skip,k16_lidardataframes_sensor,lidardataframes_v1,author_lidardataframes_place_tags,1024.0,prototype,16.0,hdc_k16/skip
lidardataframes_v1,test_id,pure_hdc,128,128.0,0.0,0,0.0,0,0.8674698795180723,0.8648989898989898,0.0,0.0,0.0,0.0,262400,217088,bd48481,sector_drop:fraction=0.3,skip,nan,hdc_k16/skip,k16_lidardataframes_sensor,lidardataframes_v1,author_lidardataframes_place_tags,1024.0,prototype,16.0,hdc_k16/skip
lidardataframes_v1,test_id,pure_hdc,128,128.0,0.0,0,0.0,0,0.9518072289156626,0.9509199828840393,0.0,0.0,0.0,0.0,262400,217088,bd48481,range_bias:bias=0.25,skip,nan,hdc_k16/skip,k16_lidardataframes_sensor,lidardataframes_v1,author_lidardataframes_place_tags,1024.0,prototype,16.0,hdc_k16/skip
lidardataframes_v1,test_id,pure_hdc,128,128.0,0.0,0,0.0,0,0.9759036144578314,0.974937343358396,0.0,0.0,0.0,0.0,262400,217088,bd48481,range_scale:scale=1.15,skip,nan,hdc_k16/skip,k16_lidardataframes_sensor,lidardataframes_v1,author_lidardataframes_place_tags,1024.0,prototype,16.0,hdc_k16/skip
lidardataframes_v1,test_id,pure_hdc,128,128.0,0.0,0,0.0,0,0.963855421686747,0.9627626035367287,0.0,0.0,0.0,0.0,262400,217088,bd48481,gauss:sigma=0.05,skip,nan,hdc_k16/skip,k16_lidardataframes_sensor,lidardataframes_v1,author_lidardataframes_place_tags,1024.0,prototype,16.0,hdc_k16/skip
lidardataframes_v1,test_id,pure_hdc,128,128.0,0.0,0,0.0,0,0.963855421686747,0.9627626035367287,0.0,0.0,0.0,0.0,262400,217088,bd48481,gauss:sigma=0.15,skip,nan,hdc_k16/skip,k16_lidardataframes_sensor,lidardataframes_v1,author_lidardataframes_place_tags,1024.0,prototype,16.0,hdc_k16/skip
lidardataframes_v1,test_id,pure_hdc,128,128.0,0.0,0,0.0,0,0.7831325301204819,0.7471699741156169,0.0,0.0,0.0,0.0,262400,217088,bd48481,clip:clip_to=6.0,skip,nan,hdc_k16/skip,k16_lidardataframes_sensor,lidardataframes_v1,author_lidardataframes_place_tags,1024.0,prototype,16.0,hdc_k16/skip
lidardataframes_v1,test_ood,pure_hdc,128,128.0,0.0,0,0.0,0,0.9146341463414634,0.9119897959183674,0.0,0.0,0.0,0.0,262400,217088,bd48481,clean,skip,nan,hdc_k16/skip,k16_lidardataframes_sensor,lidardataframes_v1,author_lidardataframes_place_tags,1024.0,prototype,16.0,hdc_k16/skip
lidardataframes_v1,test_ood,pure_hdc,128,128.0,0.0,0,0.0,0,0.8902439024390244,0.890534262485482,0.0,0.0,0.0,0.0,262400,217088,bd48481,beam_drop:drop_rate=0.1,skip,nan,hdc_k16/skip,k16_lidardataframes_sensor,lidardataframes_v1,author_lidardataframes_place_tags,1024.0,prototype,16.0,hdc_k16/skip
lidardataframes_v1,test_ood,pure_hdc,128,128.0,0.0,0,0.0,0,0.8536585365853658,0.8525072488487122,0.0,0.0,0.0,0.0,262400,217088,bd48481,beam_drop:drop_rate=0.3,skip,nan,hdc_k16/skip,k16_lidardataframes_sensor,lidardataframes_v1,author_lidardataframes_place_tags,1024.0,prototype,16.0,hdc_k16/skip
lidardataframes_v1,test_ood,pure_hdc,128,128.0,0.0,0,0.0,0,0.8658536585365854,0.8654011154011154,0.0,0.0,0.0,0.0,262400,217088,bd48481,sector_drop:fraction=0.15,skip,nan,hdc_k16/skip,k16_lidardataframes_sensor,lidardataframes_v1,author_lidardataframes_place_tags,1024.0,prototype,16.0,hdc_k16/skip
lidardataframes_v1,test_ood,pure_hdc,128,128.0,0.0,0,0.0,0,0.8658536585365854,0.8651173388015493,0.0,0.0,0.0,0.0,262400,217088,bd48481,sector_drop:fraction=0.3,skip,nan,hdc_k16/skip,k16_lidardataframes_sensor,lidardataframes_v1,author_lidardataframes_place_tags,1024.0,prototype,16.0,hdc_k16/skip
lidardataframes_v1,test_ood,pure_hdc,128,128.0,0.0,0,0.0,0,0.9512195121951219,0.9513165073075488,0.0,0.0,0.0,0.0,262400,217088,bd48481,range_bias:bias=0.25,skip,nan,hdc_k16/skip,k16_lidardataframes_sensor,lidardataframes_v1,author_lidardataframes_place_tags,1024.0,prototype,16.0,hdc_k16/skip
lidardataframes_v1,test_ood,pure_hdc,128,128.0,0.0,0,0.0,0,0.9390243902439024,0.9364235055724417,0.0,0.0,0.0,0.0,262400,217088,bd48481,range_scale:scale=1.15,skip,nan,hdc_k16/skip,k16_lidardataframes_sensor,lidardataframes_v1,author_lidardataframes_place_tags,1024.0,prototype,16.0,hdc_k16/skip
lidardataframes_v1,test_ood,pure_hdc,128,128.0,0.0,0,0.0,0,0.926829268292683,0.9240832035979935,0.0,0.0,0.0,0.0,262400,217088,bd48481,gauss:sigma=0.05,skip,nan,hdc_k16/skip,k16_lidardataframes_sensor,lidardataframes_v1,author_lidardataframes_place_tags,1024.0,prototype,16.0,hdc_k16/skip
lidardataframes_v1,test_ood,pure_hdc,128,128.0,0.0,0,0.0,0,0.9390243902439024,0.9387755102040817,0.0,0.0,0.0,0.0,262400,217088,bd48481,gauss:sigma=0.15,skip,nan,hdc_k16/skip,k16_lidardataframes_sensor,lidardataframes_v1,author_lidardataframes_place_tags,1024.0,prototype,16.0,hdc_k16/skip
lidardataframes_v1,test_ood,pure_hdc,128,128.0,0.0,0,0.0,0,0.8048780487804879,0.7761842677096914,0.0,0.0,0.0,0.0,262400,217088,bd48481,clip:clip_to=6.0,skip,nan,hdc_k16/skip,k16_lidardataframes_sensor,lidardataframes_v1,author_lidardataframes_place_tags,1024.0,prototype,16.0,hdc_k16/skip
lidardataframes_v1,test_id,pure_hdc,128,128.0,0.0,0,0.0,0,0.9759036144578314,0.9751889887319926,0.0,0.0,0.0,0.0,262400,218112,bd48481,clean,drop,nan,hdc_k16/drop,k16_lidardataframes_sensor,lidardataframes_v1,author_lidardataframes_place_tags,1024.0,prototype,16.0,hdc_k16/drop
lidardataframes_v1,test_id,pure_hdc,128,128.0,0.0,0,0.0,0,0.9518072289156626,0.9511904761904761,0.0,0.0,0.0,0.0,262400,218112,bd48481,beam_drop:drop_rate=0.1,drop,nan,hdc_k16/drop,k16_lidardataframes_sensor,lidardataframes_v1,author_lidardataframes_place_tags,1024.0,prototype,16.0,hdc_k16/drop
lidardataframes_v1,test_id,pure_hdc,128,128.0,0.0,0,0.0,0,0.9397590361445783,0.9395703346568349,0.0,0.0,0.0,0.0,262400,218112,bd48481,beam_drop:drop_rate=0.3,drop,nan,hdc_k16/drop,k16_lidardataframes_sensor,lidardataframes_v1,author_lidardataframes_place_tags,1024.0,prototype,16.0,hdc_k16/drop
lidardataframes_v1,test_id,pure_hdc,128,128.0,0.0,0,0.0,0,0.8795180722891566,0.8760709914320686,0.0,0.0,0.0,0.0,262400,218112,bd48481,sector_drop:fraction=0.15,drop,nan,hdc_k16/drop,k16_lidardataframes_sensor,lidardataframes_v1,author_lidardataframes_place_tags,1024.0,prototype,16.0,hdc_k16/drop
lidardataframes_v1,test_id,pure_hdc,128,128.0,0.0,0,0.0,0,0.891566265060241,0.889924100289954,0.0,0.0,0.0,0.0,262400,218112,bd48481,sector_drop:fraction=0.3,drop,nan,hdc_k16/drop,k16_lidardataframes_sensor,lidardataframes_v1,author_lidardataframes_place_tags,1024.0,prototype,16.0,hdc_k16/drop
lidardataframes_v1,test_id,pure_hdc,128,128.0,0.0,0,0.0,0,0.9518072289156626,0.9509199828840393,0.0,0.0,0.0,0.0,262400,218112,bd48481,range_bias:bias=0.25,drop,nan,hdc_k16/drop,k16_lidardataframes_sensor,lidardataframes_v1,author_lidardataframes_place_tags,1024.0,prototype,16.0,hdc_k16/drop
lidardataframes_v1,test_id,pure_hdc,128,128.0,0.0,0,0.0,0,0.9759036144578314,0.974937343358396,0.0,0.0,0.0,0.0,262400,218112,bd48481,range_scale:scale=1.15,drop,nan,hdc_k16/drop,k16_lidardataframes_sensor,lidardataframes_v1,author_lidardataframes_place_tags,1024.0,prototype,16.0,hdc_k16/drop
lidardataframes_v1,test_id,pure_hdc,128,128.0,0.0,0,0.0,0,0.963855421686747,0.9627626035367287,0.0,0.0,0.0,0.0,262400,218112,bd48481,gauss:sigma=0.05,drop,nan,hdc_k16/drop,k16_lidardataframes_sensor,lidardataframes_v1,author_lidardataframes_place_tags,1024.0,prototype,16.0,hdc_k16/drop
lidardataframes_v1,test_id,pure_hdc,128,128.0,0.0,0,0.0,0,0.963855421686747,0.9627626035367287,0.0,0.0,0.0,0.0,262400,218112,bd48481,gauss:sigma=0.15,drop,nan,hdc_k16/drop,k16_lidardataframes_sensor,lidardataframes_v1,author_lidardataframes_place_tags,1024.0,prototype,16.0,hdc_k16/drop
lidardataframes_v1,test_id,pure_hdc,128,128.0,0.0,0,0.0,0,0.7831325301204819,0.7471699741156169,0.0,0.0,0.0,0.0,262400,218112,bd48481,clip:clip_to=6.0,drop,nan,hdc_k16/drop,k16_lidardataframes_sensor,lidardataframes_v1,author_lidardataframes_place_tags,1024.0,prototype,16.0,hdc_k16/drop
lidardataframes_v1,test_ood,pure_hdc,128,128.0,0.0,0,0.0,0,0.9146341463414634,0.9119897959183674,0.0,0.0,0.0,0.0,262400,218112,bd48481,clean,drop,nan,hdc_k16/drop,k16_lidardataframes_sensor,lidardataframes_v1,author_lidardataframes_place_tags,1024.0,prototype,16.0,hdc_k16/drop
lidardataframes_v1,test_ood,pure_hdc,128,128.0,0.0,0,0.0,0,0.9146341463414634,0.914924506387921,0.0,0.0,0.0,0.0,262400,218112,bd48481,beam_drop:drop_rate=0.1,drop,nan,hdc_k16/drop,k16_lidardataframes_sensor,lidardataframes_v1,author_lidardataframes_place_tags,1024.0,prototype,16.0,hdc_k16/drop
lidardataframes_v1,test_ood,pure_hdc,128,128.0,0.0,0,0.0,0,0.8780487804878049,0.8786295005807201,0.0,0.0,0.0,0.0,262400,218112,bd48481,beam_drop:drop_rate=0.3,drop,nan,hdc_k16/drop,k16_lidardataframes_sensor,lidardataframes_v1,author_lidardataframes_place_tags,1024.0,prototype,16.0,hdc_k16/drop
lidardataframes_v1,test_ood,pure_hdc,128,128.0,0.0,0,0.0,0,0.9146341463414634,0.9128787878787878,0.0,0.0,0.0,0.0,262400,218112,bd48481,sector_drop:fraction=0.15,drop,nan,hdc_k16/drop,k16_lidardataframes_sensor,lidardataframes_v1,author_lidardataframes_place_tags,1024.0,prototype,16.0,hdc_k16/drop
lidardataframes_v1,test_ood,pure_hdc,128,128.0,0.0,0,0.0,0,0.9024390243902439,0.9023809523809524,0.0,0.0,0.0,0.0,262400,218112,bd48481,sector_drop:fraction=0.3,drop,nan,hdc_k16/drop,k16_lidardataframes_sensor,lidardataframes_v1,author_lidardataframes_place_tags,1024.0,prototype,16.0,hdc_k16/drop
lidardataframes_v1,test_ood,pure_hdc,128,128.0,0.0,0,0.0,0,0.9512195121951219,0.9513165073075488,0.0,0.0,0.0,0.0,262400,218112,bd48481,range_bias:bias=0.25,drop,nan,hdc_k16/drop,k16_lidardataframes_sensor,lidardataframes_v1,author_lidardataframes_place_tags,1024.0,prototype,16.0,hdc_k16/drop
lidardataframes_v1,test_ood,pure_hdc,128,128.0,0.0,0,0.0,0,0.9390243902439024,0.9364235055724417,0.0,0.0,0.0,0.0,262400,218112,bd48481,range_scale:scale=1.15,drop,nan,hdc_k16/drop,k16_lidardataframes_sensor,lidardataframes_v1,author_lidardataframes_place_tags,1024.0,prototype,16.0,hdc_k16/drop
lidardataframes_v1,test_ood,pure_hdc,128,128.0,0.0,0,0.0,0,0.926829268292683,0.9240832035979935,0.0,0.0,0.0,0.0,262400,218112,bd48481,gauss:sigma=0.05,drop,nan,hdc_k16/drop,k16_lidardataframes_sensor,lidardataframes_v1,author_lidardataframes_place_tags,1024.0,prototype,16.0,hdc_k16/drop
lidardataframes_v1,test_ood,pure_hdc,128,128.0,0.0,0,0.0,0,0.9390243902439024,0.9387755102040817,0.0,0.0,0.0,0.0,262400,218112,bd48481,gauss:sigma=0.15,drop,nan,hdc_k16/drop,k16_lidardataframes_sensor,lidardataframes_v1,author_lidardataframes_place_tags,1024.0,prototype,16.0,hdc_k16/drop
lidardataframes_v1,test_ood,pure_hdc,128,128.0,0.0,0,0.0,0,0.8048780487804879,0.7761842677096914,0.0,0.0,0.0,0.0,262400,218112,bd48481,clip:clip_to=6.0,drop,nan,hdc_k16/drop,k16_lidardataframes_sensor,lidardataframes_v1,author_lidardataframes_place_tags,1024.0,prototype,16.0,hdc_k16/drop
lidardataframes_v1,test_id,pure_hdc,128,128.0,0.0,0,0.0,0,0.9759036144578314,0.9751889887319926,0.0,0.0,0.0,0.0,262400,217088,bd48481,clean,fill,max_range,hdc_k16/fill,k16_lidardataframes_sensor,lidardataframes_v1,author_lidardataframes_place_tags,1024.0,prototype,16.0,hdc_k16/fill
lidardataframes_v1,test_id,pure_hdc,128,128.0,0.0,0,0.0,0,0.8674698795180723,0.8624824929971988,0.0,0.0,0.0,0.0,262400,217088,bd48481,beam_drop:drop_rate=0.1,fill,max_range,hdc_k16/fill,k16_lidardataframes_sensor,lidardataframes_v1,author_lidardataframes_place_tags,1024.0,prototype,16.0,hdc_k16/fill
lidardataframes_v1,test_id,pure_hdc,128,128.0,0.0,0,0.0,0,0.7831325301204819,0.775,0.0,0.0,0.0,0.0,262400,217088,bd48481,beam_drop:drop_rate=0.3,fill,max_range,hdc_k16/fill,k16_lidardataframes_sensor,lidardataframes_v1,author_lidardataframes_place_tags,1024.0,prototype,16.0,hdc_k16/fill
lidardataframes_v1,test_id,pure_hdc,128,128.0,0.0,0,0.0,0,0.8433734939759037,0.8407647907647908,0.0,0.0,0.0,0.0,262400,217088,bd48481,sector_drop:fraction=0.15,fill,max_range,hdc_k16/fill,k16_lidardataframes_sensor,lidardataframes_v1,author_lidardataframes_place_tags,1024.0,prototype,16.0,hdc_k16/fill
lidardataframes_v1,test_id,pure_hdc,128,128.0,0.0,0,0.0,0,0.7108433734939759,0.6978638739309471,0.0,0.0,0.0,0.0,262400,217088,bd48481,sector_drop:fraction=0.3,fill,max_range,hdc_k16/fill,k16_lidardataframes_sensor,lidardataframes_v1,author_lidardataframes_place_tags,1024.0,prototype,16.0,hdc_k16/fill
lidardataframes_v1,test_id,pure_hdc,128,128.0,0.0,0,0.0,0,0.9518072289156626,0.9509199828840393,0.0,0.0,0.0,0.0,262400,217088,bd48481,range_bias:bias=0.25,fill,max_range,hdc_k16/fill,k16_lidardataframes_sensor,lidardataframes_v1,author_lidardataframes_place_tags,1024.0,prototype,16.0,hdc_k16/fill
lidardataframes_v1,test_id,pure_hdc,128,128.0,0.0,0,0.0,0,0.9759036144578314,0.974937343358396,0.0,0.0,0.0,0.0,262400,217088,bd48481,range_scale:scale=1.15,fill,max_range,hdc_k16/fill,k16_lidardataframes_sensor,lidardataframes_v1,author_lidardataframes_place_tags,1024.0,prototype,16.0,hdc_k16/fill
lidardataframes_v1,test_id,pure_hdc,128,128.0,0.0,0,0.0,0,0.963855421686747,0.9627626035367287,0.0,0.0,0.0,0.0,262400,217088,bd48481,gauss:sigma=0.05,fill,max_range,hdc_k16/fill,k16_lidardataframes_sensor,lidardataframes_v1,author_lidardataframes_place_tags,1024.0,prototype,16.0,hdc_k16/fill
lidardataframes_v1,test_id,pure_hdc,128,128.0,0.0,0,0.0,0,0.963855421686747,0.9627626035367287,0.0,0.0,0.0,0.0,262400,217088,bd48481,gauss:sigma=0.15,fill,max_range,hdc_k16/fill,k16_lidardataframes_sensor,lidardataframes_v1,author_lidardataframes_place_tags,1024.0,prototype,16.0,hdc_k16/fill
lidardataframes_v1,test_id,pure_hdc,128,128.0,0.0,0,0.0,0,0.7831325301204819,0.7471699741156169,0.0,0.0,0.0,0.0,262400,217088,bd48481,clip:clip_to=6.0,fill,max_range,hdc_k16/fill,k16_lidardataframes_sensor,lidardataframes_v1,author_lidardataframes_place_tags,1024.0,prototype,16.0,hdc_k16/fill
lidardataframes_v1,test_ood,pure_hdc,128,128.0,0.0,0,0.0,0,0.9146341463414634,0.9119897959183674,0.0,0.0,0.0,0.0,262400,217088,bd48481,clean,fill,max_range,hdc_k16/fill,k16_lidardataframes_sensor,lidardataframes_v1,author_lidardataframes_place_tags,1024.0,prototype,16.0,hdc_k16/fill
lidardataframes_v1,test_ood,pure_hdc,128,128.0,0.0,0,0.0,0,0.8658536585365854,0.8681785508913169,0.0,0.0,0.0,0.0,262400,217088,bd48481,beam_drop:drop_rate=0.1,fill,max_range,hdc_k16/fill,k16_lidardataframes_sensor,lidardataframes_v1,author_lidardataframes_place_tags,1024.0,prototype,16.0,hdc_k16/fill
lidardataframes_v1,test_ood,pure_hdc,128,128.0,0.0,0,0.0,0,0.8414634146341463,0.8421880172128434,0.0,0.0,0.0,0.0,262400,217088,bd48481,beam_drop:drop_rate=0.3,fill,max_range,hdc_k16/fill,k16_lidardataframes_sensor,lidardataframes_v1,author_lidardataframes_place_tags,1024.0,prototype,16.0,hdc_k16/fill
lidardataframes_v1,test_ood,pure_hdc,128,128.0,0.0,0,0.0,0,0.8414634146341463,0.84185137469622,0.0,0.0,0.0,0.0,262400,217088,bd48481,sector_drop:fraction=0.15,fill,max_range,hdc_k16/fill,k16_lidardataframes_sensor,lidardataframes_v1,author_lidardataframes_place_tags,1024.0,prototype,16.0,hdc_k16/fill
lidardataframes_v1,test_ood,pure_hdc,128,128.0,0.0,0,0.0,0,0.7560975609756098,0.7509018759018758,0.0,0.0,0.0,0.0,262400,217088,bd48481,sector_drop:fraction=0.3,fill,max_range,hdc_k16/fill,k16_lidardataframes_sensor,lidardataframes_v1,author_lidardataframes_place_tags,1024.0,prototype,16.0,hdc_k16/fill
lidardataframes_v1,test_ood,pure_hdc,128,128.0,0.0,0,0.0,0,0.9512195121951219,0.9513165073075488,0.0,0.0,0.0,0.0,262400,217088,bd48481,range_bias:bias=0.25,fill,max_range,hdc_k16/fill,k16_lidardataframes_sensor,lidardataframes_v1,author_lidardataframes_place_tags,1024.0,prototype,16.0,hdc_k16/fill
lidardataframes_v1,test_ood,pure_hdc,128,128.0,0.0,0,0.0,0,0.9390243902439024,0.9364235055724417,0.0,0.0,0.0,0.0,262400,217088,bd48481,range_scale:scale=1.15,fill,max_range,hdc_k16/fill,k16_lidardataframes_sensor,lidardataframes_v1,author_lidardataframes_place_tags,1024.0,prototype,16.0,hdc_k16/fill
lidardataframes_v1,test_ood,pure_hdc,128,128.0,0.0,0,0.0,0,0.926829268292683,0.9240832035979935,0.0,0.0,0.0,0.0,262400,217088,bd48481,gauss:sigma=0.05,fill,max_range,hdc_k16/fill,k16_lidardataframes_sensor,lidardataframes_v1,author_lidardataframes_place_tags,1024.0,prototype,16.0,hdc_k16/fill
lidardataframes_v1,test_ood,pure_hdc,128,128.0,0.0,0,0.0,0,0.9390243902439024,0.9387755102040817,0.0,0.0,0.0,0.0,262400,217088,bd48481,gauss:sigma=0.15,fill,max_range,hdc_k16/fill,k16_lidardataframes_sensor,lidardataframes_v1,author_lidardataframes_place_tags,1024.0,prototype,16.0,hdc_k16/fill
lidardataframes_v1,test_ood,pure_hdc,128,128.0,0.0,0,0.0,0,0.8048780487804879,0.7761842677096914,0.0,0.0,0.0,0.0,262400,217088,bd48481,clip:clip_to=6.0,fill,max_range,hdc_k16/fill,k16_lidardataframes_sensor,lidardataframes_v1,author_lidardataframes_place_tags,1024.0,prototype,16.0,hdc_k16/fill
lidardataframes_v1,test_id,pure_hdc,128,128.0,0.0,0,0.0,0,0.9759036144578314,0.9761904761904762,0.0,0.0,0.0,0.0,32800,217088,bd48481,clean,skip,nan,hdc_linear/skip,k16_lidardataframes_sensor,lidardataframes_v1,author_lidardataframes_place_tags,1024.0,linear,1.0,hdc_linear/skip
lidardataframes_v1,test_id,pure_hdc,128,128.0,0.0,0,0.0,0,0.8072289156626506,0.7987468671679198,0.0,0.0,0.0,0.0,32800,217088,bd48481,beam_drop:drop_rate=0.1,skip,nan,hdc_linear/skip,k16_lidardataframes_sensor,lidardataframes_v1,author_lidardataframes_place_tags,1024.0,linear,1.0,hdc_linear/skip
lidardataframes_v1,test_id,pure_hdc,128,128.0,0.0,0,0.0,0,0.7590361445783133,0.7243368700265252,0.0,0.0,0.0,0.0,32800,217088,bd48481,beam_drop:drop_rate=0.3,skip,nan,hdc_linear/skip,k16_lidardataframes_sensor,lidardataframes_v1,author_lidardataframes_place_tags,1024.0,linear,1.0,hdc_linear/skip
lidardataframes_v1,test_id,pure_hdc,128,128.0,0.0,0,0.0,0,0.7228915662650602,0.6781818181818182,0.0,0.0,0.0,0.0,32800,217088,bd48481,sector_drop:fraction=0.15,skip,nan,hdc_linear/skip,k16_lidardataframes_sensor,lidardataframes_v1,author_lidardataframes_place_tags,1024.0,linear,1.0,hdc_linear/skip
lidardataframes_v1,test_id,pure_hdc,128,128.0,0.0,0,0.0,0,0.6385542168674698,0.6152404548630963,0.0,0.0,0.0,0.0,32800,217088,bd48481,sector_drop:fraction=0.3,skip,nan,hdc_linear/skip,k16_lidardataframes_sensor,lidardataframes_v1,author_lidardataframes_place_tags,1024.0,linear,1.0,hdc_linear/skip
lidardataframes_v1,test_id,pure_hdc,128,128.0,0.0,0,0.0,0,0.963855421686747,0.9637049941927991,0.0,0.0,0.0,0.0,32800,217088,bd48481,range_bias:bias=0.25,skip,nan,hdc_linear/skip,k16_lidardataframes_sensor,lidardataframes_v1,author_lidardataframes_place_tags,1024.0,linear,1.0,hdc_linear/skip
lidardataframes_v1,test_id,pure_hdc,128,128.0,0.0,0,0.0,0,0.963855421686747,0.9636904761904761,0.0,0.0,0.0,0.0,32800,217088,bd48481,range_scale:scale=1.15,skip,nan,hdc_linear/skip,k16_lidardataframes_sensor,lidardataframes_v1,author_lidardataframes_place_tags,1024.0,linear,1.0,hdc_linear/skip
lidardataframes_v1,test_id,pure_hdc,128,128.0,0.0,0,0.0,0,0.9759036144578314,0.9761904761904762,0.0,0.0,0.0,0.0,32800,217088,bd48481,gauss:sigma=0.05,skip,nan,hdc_linear/skip,k16_lidardataframes_sensor,lidardataframes_v1,author_lidardataframes_place_tags,1024.0,linear,1.0,hdc_linear/skip
lidardataframes_v1,test_id,pure_hdc,128,128.0,0.0,0,0.0,0,0.9397590361445783,0.9395605965373407,0.0,0.0,0.0,0.0,32800,217088,bd48481,gauss:sigma=0.15,skip,nan,hdc_linear/skip,k16_lidardataframes_sensor,lidardataframes_v1,author_lidardataframes_place_tags,1024.0,linear,1.0,hdc_linear/skip
lidardataframes_v1,test_id,pure_hdc,128,128.0,0.0,0,0.0,0,0.7831325301204819,0.7444304329550231,0.0,0.0,0.0,0.0,32800,217088,bd48481,clip:clip_to=6.0,skip,nan,hdc_linear/skip,k16_lidardataframes_sensor,lidardataframes_v1,author_lidardataframes_place_tags,1024.0,linear,1.0,hdc_linear/skip
lidardataframes_v1,test_ood,pure_hdc,128,128.0,0.0,0,0.0,0,0.9634146341463414,0.9627626035367287,0.0,0.0,0.0,0.0,32800,217088,bd48481,clean,skip,nan,hdc_linear/skip,k16_lidardataframes_sensor,lidardataframes_v1,author_lidardataframes_place_tags,1024.0,linear,1.0,hdc_linear/skip
lidardataframes_v1,test_ood,pure_hdc,128,128.0,0.0,0,0.0,0,0.7439024390243902,0.7303571428571428,0.0,0.0,0.0,0.0,32800,217088,bd48481,beam_drop:drop_rate=0.1,skip,nan,hdc_linear/skip,k16_lidardataframes_sensor,lidardataframes_v1,author_lidardataframes_place_tags,1024.0,linear,1.0,hdc_linear/skip
lidardataframes_v1,test_ood,pure_hdc,128,128.0,0.0,0,0.0,0,0.6951219512195121,0.6767872523686477,0.0,0.0,0.0,0.0,32800,217088,bd48481,beam_drop:drop_rate=0.3,skip,nan,hdc_linear/skip,k16_lidardataframes_sensor,lidardataframes_v1,author_lidardataframes_place_tags,1024.0,linear,1.0,hdc_linear/skip
lidardataframes_v1,test_ood,pure_hdc,128,128.0,0.0,0,0.0,0,0.7317073170731707,0.7035619803476946,0.0,0.0,0.0,0.0,32800,217088,bd48481,sector_drop:fraction=0.15,skip,nan,hdc_linear/skip,k16_lidardataframes_sensor,lidardataframes_v1,author_lidardataframes_place_tags,1024.0,linear,1.0,hdc_linear/skip
lidardataframes_v1,test_ood,pure_hdc,128,128.0,0.0,0,0.0,0,0.6707317073170732,0.6334693877551021,0.0,0.0,0.0,0.0,32800,217088,bd48481,sector_drop:fraction=0.3,skip,nan,hdc_linear/skip,k16_lidardataframes_sensor,lidardataframes_v1,author_lidardataframes_place_tags,1024.0,linear,1.0,hdc_linear/skip
lidardataframes_v1,test_ood,pure_hdc,128,128.0,0.0,0,0.0,0,0.975609756097561,0.9751889887319926,0.0,0.0,0.0,0.0,32800,217088,bd48481,range_bias:bias=0.25,skip,nan,hdc_linear/skip,k16_lidardataframes_sensor,lidardataframes_v1,author_lidardataframes_place_tags,1024.0,linear,1.0,hdc_linear/skip
lidardataframes_v1,test_ood,pure_hdc,128,128.0,0.0,0,0.0,0,0.9512195121951219,0.9502136752136752,0.0,0.0,0.0,0.0,32800,217088,bd48481,range_scale:scale=1.15,skip,nan,hdc_linear/skip,k16_lidardataframes_sensor,lidardataframes_v1,author_lidardataframes_place_tags,1024.0,linear,1.0,hdc_linear/skip
lidardataframes_v1,test_ood,pure_hdc,128,128.0,0.0,0,0.0,0,0.9390243902439024,0.9373931623931624,0.0,0.0,0.0,0.0,32800,217088,bd48481,gauss:sigma=0.05,skip,nan,hdc_linear/skip,k16_lidardataframes_sensor,lidardataframes_v1,author_lidardataframes_place_tags,1024.0,linear,1.0,hdc_linear/skip
lidardataframes_v1,test_ood,pure_hdc,128,128.0,0.0,0,0.0,0,0.9634146341463414,0.9634894091415831,0.0,0.0,0.0,0.0,32800,217088,bd48481,gauss:sigma=0.15,skip,nan,hdc_linear/skip,k16_lidardataframes_sensor,lidardataframes_v1,author_lidardataframes_place_tags,1024.0,linear,1.0,hdc_linear/skip
lidardataframes_v1,test_ood,pure_hdc,128,128.0,0.0,0,0.0,0,0.7804878048780488,0.7444304329550231,0.0,0.0,0.0,0.0,32800,217088,bd48481,clip:clip_to=6.0,skip,nan,hdc_linear/skip,k16_lidardataframes_sensor,lidardataframes_v1,author_lidardataframes_place_tags,1024.0,linear,1.0,hdc_linear/skip
lidardataframes_v1,test_id,quantized,128,128.0,0.0,0,0.0,1,0.9036144578313253,0.898989898989899,0.0,0.0,0.0,0.0,1936,0,bd48481,clean,fill,max_range,quantized,k16_lidardataframes_sensor,lidardataframes_v1,author_lidardataframes_place_tags,,,,quantized
lidardataframes_v1,test_id,quantized,128,128.0,0.0,0,0.0,1,0.6626506024096386,0.636636757647396,0.0,0.0,0.0,0.0,1936,0,bd48481,beam_drop:drop_rate=0.1,fill,max_range,quantized,k16_lidardataframes_sensor,lidardataframes_v1,author_lidardataframes_place_tags,,,,quantized
lidardataframes_v1,test_id,quantized,128,128.0,0.0,0,0.0,1,0.39759036144578314,0.31443843984962405,0.0,0.0,0.0,0.0,1936,0,bd48481,beam_drop:drop_rate=0.3,fill,max_range,quantized,k16_lidardataframes_sensor,lidardataframes_v1,author_lidardataframes_place_tags,,,,quantized
lidardataframes_v1,test_id,quantized,128,128.0,0.0,0,0.0,1,0.5542168674698795,0.5377284142497124,0.0,0.0,0.0,0.0,1936,0,bd48481,sector_drop:fraction=0.15,fill,max_range,quantized,k16_lidardataframes_sensor,lidardataframes_v1,author_lidardataframes_place_tags,,,,quantized
lidardataframes_v1,test_id,quantized,128,128.0,0.0,0,0.0,1,0.40963855421686746,0.316171649619722,0.0,0.0,0.0,0.0,1936,0,bd48481,sector_drop:fraction=0.3,fill,max_range,quantized,k16_lidardataframes_sensor,lidardataframes_v1,author_lidardataframes_place_tags,,,,quantized
lidardataframes_v1,test_id,quantized,128,128.0,0.0,0,0.0,1,0.9036144578313253,0.9011154011154011,0.0,0.0,0.0,0.0,1936,0,bd48481,range_bias:bias=0.25,fill,max_range,quantized,k16_lidardataframes_sensor,lidardataframes_v1,author_lidardataframes_place_tags,,,,quantized
lidardataframes_v1,test_id,quantized,128,128.0,0.0,0,0.0,1,0.9156626506024096,0.9139895192526771,0.0,0.0,0.0,0.0,1936,0,bd48481,range_scale:scale=1.15,fill,max_range,quantized,k16_lidardataframes_sensor,lidardataframes_v1,author_lidardataframes_place_tags,,,,quantized
lidardataframes_v1,test_id,quantized,128,128.0,0.0,0,0.0,1,0.9036144578313253,0.898989898989899,0.0,0.0,0.0,0.0,1936,0,bd48481,gauss:sigma=0.05,fill,max_range,quantized,k16_lidardataframes_sensor,lidardataframes_v1,author_lidardataframes_place_tags,,,,quantized
lidardataframes_v1,test_id,quantized,128,128.0,0.0,0,0.0,1,0.9036144578313253,0.898989898989899,0.0,0.0,0.0,0.0,1936,0,bd48481,gauss:sigma=0.15,fill,max_range,quantized,k16_lidardataframes_sensor,lidardataframes_v1,author_lidardataframes_place_tags,,,,quantized
lidardataframes_v1,test_id,quantized,128,128.0,0.0,0,0.0,1,0.8554216867469879,0.8450651011392699,0.0,0.0,0.0,0.0,1936,0,bd48481,clip:clip_to=6.0,fill,max_range,quantized,k16_lidardataframes_sensor,lidardataframes_v1,author_lidardataframes_place_tags,,,,quantized
lidardataframes_v1,test_ood,quantized,128,128.0,0.0,0,0.0,1,0.8536585365853658,0.8418458781362007,0.0,0.0,0.0,0.0,1936,0,bd48481,clean,fill,max_range,quantized,k16_lidardataframes_sensor,lidardataframes_v1,author_lidardataframes_place_tags,,,,quantized
lidardataframes_v1,test_ood,quantized,128,128.0,0.0,0,0.0,1,0.7073170731707317,0.7014189370654412,0.0,0.0,0.0,0.0,1936,0,bd48481,beam_drop:drop_rate=0.1,fill,max_range,quantized,k16_lidardataframes_sensor,lidardataframes_v1,author_lidardataframes_place_tags,,,,quantized
lidardataframes_v1,test_ood,quantized,128,128.0,0.0,0,0.0,1,0.36585365853658536,0.28629032258064513,0.0,0.0,0.0,0.0,1936,0,bd48481,beam_drop:drop_rate=0.3,fill,max_range,quantized,k16_lidardataframes_sensor,lidardataframes_v1,author_lidardataframes_place_tags,,,,quantized
lidardataframes_v1,test_ood,quantized,128,128.0,0.0,0,0.0,1,0.5975609756097561,0.5814829619497408,0.0,0.0,0.0,0.0,1936,0,bd48481,sector_drop:fraction=0.15,fill,max_range,quantized,k16_lidardataframes_sensor,lidardataframes_v1,author_lidardataframes_place_tags,,,,quantized
lidardataframes_v1,test_ood,quantized,128,128.0,0.0,0,0.0,1,0.4634146341463415,0.3627386438446346,0.0,0.0,0.0,0.0,1936,0,bd48481,sector_drop:fraction=0.3,fill,max_range,quantized,k16_lidardataframes_sensor,lidardataframes_v1,author_lidardataframes_place_tags,,,,quantized
lidardataframes_v1,test_ood,quantized,128,128.0,0.0,0,0.0,1,0.8414634146341463,0.8301630434782609,0.0,0.0,0.0,0.0,1936,0,bd48481,range_bias:bias=0.25,fill,max_range,quantized,k16_lidardataframes_sensor,lidardataframes_v1,author_lidardataframes_place_tags,,,,quantized
lidardataframes_v1,test_ood,quantized,128,128.0,0.0,0,0.0,1,0.8414634146341463,0.8301270685579196,0.0,0.0,0.0,0.0,1936,0,bd48481,range_scale:scale=1.15,fill,max_range,quantized,k16_lidardataframes_sensor,lidardataframes_v1,author_lidardataframes_place_tags,,,,quantized
lidardataframes_v1,test_ood,quantized,128,128.0,0.0,0,0.0,1,0.8536585365853658,0.8418458781362007,0.0,0.0,0.0,0.0,1936,0,bd48481,gauss:sigma=0.05,fill,max_range,quantized,k16_lidardataframes_sensor,lidardataframes_v1,author_lidardataframes_place_tags,,,,quantized
lidardataframes_v1,test_ood,quantized,128,128.0,0.0,0,0.0,1,0.8536585365853658,0.8426446825064337,0.0,0.0,0.0,0.0,1936,0,bd48481,gauss:sigma=0.15,fill,max_range,quantized,k16_lidardataframes_sensor,lidardataframes_v1,author_lidardataframes_place_tags,,,,quantized
lidardataframes_v1,test_ood,quantized,128,128.0,0.0,0,0.0,1,0.8292682926829268,0.811282193128035,0.0,0.0,0.0,0.0,1936,0,bd48481,clip:clip_to=6.0,fill,max_range,quantized,k16_lidardataframes_sensor,lidardataframes_v1,author_lidardataframes_place_tags,,,,quantized
lidardataframes_v1,test_id,binary_hash,128,128.0,0.0,0,0.0,1,0.8795180722891566,0.8763758835338898,0.0,0.0,0.0,0.0,16400,737280,bd48481,clean,fill,max_range,binary_hash,k16_lidardataframes_sensor,lidardataframes_v1,author_lidardataframes_place_tags,1024.0,,,binary_hash
lidardataframes_v1,test_id,binary_hash,128,128.0,0.0,0,0.0,1,0.5301204819277109,0.47592214345788775,0.0,0.0,0.0,0.0,16400,737280,bd48481,beam_drop:drop_rate=0.1,fill,max_range,binary_hash,k16_lidardataframes_sensor,lidardataframes_v1,author_lidardataframes_place_tags,1024.0,,,binary_hash
lidardataframes_v1,test_id,binary_hash,128,128.0,0.0,0,0.0,1,0.43373493975903615,0.3733827257627415,0.0,0.0,0.0,0.0,16400,737280,bd48481,beam_drop:drop_rate=0.3,fill,max_range,binary_hash,k16_lidardataframes_sensor,lidardataframes_v1,author_lidardataframes_place_tags,1024.0,,,binary_hash
lidardataframes_v1,test_id,binary_hash,128,128.0,0.0,0,0.0,1,0.5301204819277109,0.5337766273360786,0.0,0.0,0.0,0.0,16400,737280,bd48481,sector_drop:fraction=0.15,fill,max_range,binary_hash,k16_lidardataframes_sensor,lidardataframes_v1,author_lidardataframes_place_tags,1024.0,,,binary_hash
lidardataframes_v1,test_id,binary_hash,128,128.0,0.0,0,0.0,1,0.5180722891566265,0.4858558222443311,0.0,0.0,0.0,0.0,16400,737280,bd48481,sector_drop:fraction=0.3,fill,max_range,binary_hash,k16_lidardataframes_sensor,lidardataframes_v1,author_lidardataframes_place_tags,1024.0,,,binary_hash
lidardataframes_v1,test_id,binary_hash,128,128.0,0.0,0,0.0,1,0.8795180722891566,0.8803526069975145,0.0,0.0,0.0,0.0,16400,737280,bd48481,range_bias:bias=0.25,fill,max_range,binary_hash,k16_lidardataframes_sensor,lidardataframes_v1,author_lidardataframes_place_tags,1024.0,,,binary_hash
lidardataframes_v1,test_id,binary_hash,128,128.0,0.0,0,0.0,1,0.8433734939759037,0.8401019270584488,0.0,0.0,0.0,0.0,16400,737280,bd48481,range_scale:scale=1.15,fill,max_range,binary_hash,k16_lidardataframes_sensor,lidardataframes_v1,author_lidardataframes_place_tags,1024.0,,,binary_hash
lidardataframes_v1,test_id,binary_hash,128,128.0,0.0,0,0.0,1,0.9036144578313253,0.9032898468519568,0.0,0.0,0.0,0.0,16400,737280,bd48481,gauss:sigma=0.05,fill,max_range,binary_hash,k16_lidardataframes_sensor,lidardataframes_v1,author_lidardataframes_place_tags,1024.0,,,binary_hash
lidardataframes_v1,test_id,binary_hash,128,128.0,0.0,0,0.0,1,0.9036144578313253,0.9031873614190687,0.0,0.0,0.0,0.0,16400,737280,bd48481,gauss:sigma=0.15,fill,max_range,binary_hash,k16_lidardataframes_sensor,lidardataframes_v1,author_lidardataframes_place_tags,1024.0,,,binary_hash
lidardataframes_v1,test_id,binary_hash,128,128.0,0.0,0,0.0,1,0.7108433734939759,0.6860964384019717,0.0,0.0,0.0,0.0,16400,737280,bd48481,clip:clip_to=6.0,fill,max_range,binary_hash,k16_lidardataframes_sensor,lidardataframes_v1,author_lidardataframes_place_tags,1024.0,,,binary_hash
lidardataframes_v1,test_ood,binary_hash,128,128.0,0.0,0,0.0,1,0.7926829268292683,0.792634533488192,0.0,0.0,0.0,0.0,16400,737280,bd48481,clean,fill,max_range,binary_hash,k16_lidardataframes_sensor,lidardataframes_v1,author_lidardataframes_place_tags,1024.0,,,binary_hash
lidardataframes_v1,test_ood,binary_hash,128,128.0,0.0,0,0.0,1,0.5121951219512195,0.47735920852359204,0.0,0.0,0.0,0.0,16400,737280,bd48481,beam_drop:drop_rate=0.1,fill,max_range,binary_hash,k16_lidardataframes_sensor,lidardataframes_v1,author_lidardataframes_place_tags,1024.0,,,binary_hash
lidardataframes_v1,test_ood,binary_hash,128,128.0,0.0,0,0.0,1,0.47560975609756095,0.43340252038547067,0.0,0.0,0.0,0.0,16400,737280,bd48481,beam_drop:drop_rate=0.3,fill,max_range,binary_hash,k16_lidardataframes_sensor,lidardataframes_v1,author_lidardataframes_place_tags,1024.0,,,binary_hash
lidardataframes_v1,test_ood,binary_hash,128,128.0,0.0,0,0.0,1,0.573170731707317,0.5784836270225755,0.0,0.0,0.0,0.0,16400,737280,bd48481,sector_drop:fraction=0.15,fill,max_range,binary_hash,k16_lidardataframes_sensor,lidardataframes_v1,author_lidardataframes_place_tags,1024.0,,,binary_hash
lidardataframes_v1,test_ood,binary_hash,128,128.0,0.0,0,0.0,1,0.5121951219512195,0.4941385235502883,0.0,0.0,0.0,0.0,16400,737280,bd48481,sector_drop:fraction=0.3,fill,max_range,binary_hash,k16_lidardataframes_sensor,lidardataframes_v1,author_lidardataframes_place_tags,1024.0,,,binary_hash
lidardataframes_v1,test_ood,binary_hash,128,128.0,0.0,0,0.0,1,0.7439024390243902,0.7395025839793282,0.0,0.0,0.0,0.0,16400,737280,bd48481,range_bias:bias=0.25,fill,max_range,binary_hash,k16_lidardataframes_sensor,lidardataframes_v1,author_lidardataframes_place_tags,1024.0,,,binary_hash
lidardataframes_v1,test_ood,binary_hash,128,128.0,0.0,0,0.0,1,0.8170731707317073,0.8146044715812158,0.0,0.0,0.0,0.0,16400,737280,bd48481,range_scale:scale=1.15,fill,max_range,binary_hash,k16_lidardataframes_sensor,lidardataframes_v1,author_lidardataframes_place_tags,1024.0,,,binary_hash
lidardataframes_v1,test_ood,binary_hash,128,128.0,0.0,0,0.0,1,0.8170731707317073,0.819042478702299,0.0,0.0,0.0,0.0,16400,737280,bd48481,gauss:sigma=0.05,fill,max_range,binary_hash,k16_lidardataframes_sensor,lidardataframes_v1,author_lidardataframes_place_tags,1024.0,,,binary_hash
lidardataframes_v1,test_ood,binary_hash,128,128.0,0.0,0,0.0,1,0.8292682926829268,0.829064677051064,0.0,0.0,0.0,0.0,16400,737280,bd48481,gauss:sigma=0.15,fill,max_range,binary_hash,k16_lidardataframes_sensor,lidardataframes_v1,author_lidardataframes_place_tags,1024.0,,,binary_hash
lidardataframes_v1,test_ood,binary_hash,128,128.0,0.0,0,0.0,1,0.7195121951219512,0.693839591863141,0.0,0.0,0.0,0.0,16400,737280,bd48481,clip:clip_to=6.0,fill,max_range,binary_hash,k16_lidardataframes_sensor,lidardataframes_v1,author_lidardataframes_place_tags,1024.0,,,binary_hash
lidardataframes_v1,test_id,pure_hdc,128,128.0,0.0,0,0.0,1,0.9879518072289156,0.9874921826141339,0.0,0.0,0.0,0.0,16400,217088,bd48481,clean,skip,nan,hdc_k1/skip,k16_lidardataframes_sensor,lidardataframes_v1,author_lidardataframes_place_tags,1024.0,prototype,1.0,hdc_k1/skip
lidardataframes_v1,test_id,pure_hdc,128,128.0,0.0,0,0.0,1,0.9156626506024096,0.9145306447938026,0.0,0.0,0.0,0.0,16400,217088,bd48481,beam_drop:drop_rate=0.1,skip,nan,hdc_k1/skip,k16_lidardataframes_sensor,lidardataframes_v1,author_lidardataframes_place_tags,1024.0,prototype,1.0,hdc_k1/skip
lidardataframes_v1,test_id,pure_hdc,128,128.0,0.0,0,0.0,1,0.8192771084337349,0.8080060512577124,0.0,0.0,0.0,0.0,16400,217088,bd48481,beam_drop:drop_rate=0.3,skip,nan,hdc_k1/skip,k16_lidardataframes_sensor,lidardataframes_v1,author_lidardataframes_place_tags,1024.0,prototype,1.0,hdc_k1/skip
lidardataframes_v1,test_id,pure_hdc,128,128.0,0.0,0,0.0,1,0.8554216867469879,0.8548611111111111,0.0,0.0,0.0,0.0,16400,217088,bd48481,sector_drop:fraction=0.15,skip,nan,hdc_k1/skip,k16_lidardataframes_sensor,lidardataframes_v1,author_lidardataframes_place_tags,1024.0,prototype,1.0,hdc_k1/skip
lidardataframes_v1,test_id,pure_hdc,128,128.0,0.0,0,0.0,1,0.7831325301204819,0.7854710981792002,0.0,0.0,0.0,0.0,16400,217088,bd48481,sector_drop:fraction=0.3,skip,nan,hdc_k1/skip,k16_lidardataframes_sensor,lidardataframes_v1,author_lidardataframes_place_tags,1024.0,prototype,1.0,hdc_k1/skip
lidardataframes_v1,test_id,pure_hdc,128,128.0,0.0,0,0.0,1,0.9518072289156626,0.9511885035140849,0.0,0.0,0.0,0.0,16400,217088,bd48481,range_bias:bias=0.25,skip,nan,hdc_k1/skip,k16_lidardataframes_sensor,lidardataframes_v1,author_lidardataframes_place_tags,1024.0,prototype,1.0,hdc_k1/skip
lidardataframes_v1,test_id,pure_hdc,128,128.0,0.0,0,0.0,1,0.9156626506024096,0.9138198757763975,0.0,0.0,0.0,0.0,16400,217088,bd48481,range_scale:scale=1.15,skip,nan,hdc_k1/skip,k16_lidardataframes_sensor,lidardataframes_v1,author_lidardataframes_place_tags,1024.0,prototype,1.0,hdc_k1/skip
lidardataframes_v1,test_id,pure_hdc,128,128.0,0.0,0,0.0,1,0.9879518072289156,0.9874921826141339,0.0,0.0,0.0,0.0,16400,217088,bd48481,gauss:sigma=0.05,skip,nan,hdc_k1/skip,k16_lidardataframes_sensor,lidardataframes_v1,author_lidardataframes_place_tags,1024.0,prototype,1.0,hdc_k1/skip
lidardataframes_v1,test_id,pure_hdc,128,128.0,0.0,0,0.0,1,0.963855421686747,0.9624765478424016,0.0,0.0,0.0,0.0,16400,217088,bd48481,gauss:sigma=0.15,skip,nan,hdc_k1/skip,k16_lidardataframes_sensor,lidardataframes_v1,author_lidardataframes_place_tags,1024.0,prototype,1.0,hdc_k1/skip
lidardataframes_v1,test_id,pure_hdc,128,128.0,0.0,0,0.0,1,0.9156626506024096,0.9111000724297833,0.0,0.0,0.0,0.0,16400,217088,bd48481,clip:clip_to=6.0,skip,nan,hdc_k1/skip,k16_lidardataframes_sensor,lidardataframes_v1,author_lidardataframes_place_tags,1024.0,prototype,1.0,hdc_k1/skip
lidardataframes_v1,test_ood,pure_hdc,128,128.0,0.0,0,0.0,1,0.8780487804878049,0.8784090909090909,0.0,0.0,0.0,0.0,16400,217088,bd48481,clean,skip,nan,hdc_k1/skip,k16_lidardataframes_sensor,lidardataframes_v1,author_lidardataframes_place_tags,1024.0,prototype,1.0,hdc_k1/skip
lidardataframes_v1,test_ood,pure_hdc,128,128.0,0.0,0,0.0,1,0.8048780487804879,0.8080902837000398,0.0,0.0,0.0,0.0,16400,217088,bd48481,beam_drop:drop_rate=0.1,skip,nan,hdc_k1/skip,k16_lidardataframes_sensor,lidardataframes_v1,author_lidardataframes_place_tags,1024.0,prototype,1.0,hdc_k1/skip
lidardataframes_v1,test_ood,pure_hdc,128,128.0,0.0,0,0.0,1,0.8048780487804879,0.8058558558558558,0.0,0.0,0.0,0.0,16400,217088,bd48481,beam_drop:drop_rate=0.3,skip,nan,hdc_k1/skip,k16_lidardataframes_sensor,lidardataframes_v1,author_lidardataframes_place_tags,1024.0,prototype,1.0,hdc_k1/skip
lidardataframes_v1,test_ood,pure_hdc,128,128.0,0.0,0,0.0,1,0.8048780487804879,0.8065476190476191,0.0,0.0,0.0,0.0,16400,217088,bd48481,sector_drop:fraction=0.15,skip,nan,hdc_k1/skip,k16_lidardataframes_sensor,lidardataframes_v1,author_lidardataframes_place_tags,1024.0,prototype,1.0,hdc_k1/skip
lidardataframes_v1,test_ood,pure_hdc,128,128.0,0.0,0,0.0,1,0.7439024390243902,0.7473431895500179,0.0,0.0,0.0,0.0,16400,217088,bd48481,sector_drop:fraction=0.3,skip,nan,hdc_k1/skip,k16_lidardataframes_sensor,lidardataframes_v1,author_lidardataframes_place_tags,1024.0,prototype,1.0,hdc_k1/skip
lidardataframes_v1,test_ood,pure_hdc,128,128.0,0.0,0,0.0,1,0.9024390243902439,0.9042014895673433,0.0,0.0,0.0,0.0,16400,217088,bd48481,range_bias:bias=0.25,skip,nan,hdc_k1/skip,k16_lidardataframes_sensor,lidardataframes_v1,author_lidardataframes_place_tags,1024.0,prototype,1.0,hdc_k1/skip
lidardataframes_v1,test_ood,pure_hdc,128,128.0,0.0,0,0.0,1,0.8902439024390244,0.8922336328626443,0.0,0.0,0.0,0.0,16400,217088,bd48481,range_scale:scale=1.15,skip,nan,hdc_k1/skip,k16_lidardataframes_sensor,lidardataframes_v1,author_lidardataframes_place_tags,1024.0,prototype,1.0,hdc_k1/skip
lidardataframes_v1,test_ood,pure_hdc,128,128.0,0.0,0,0.0,1,0.8780487804878049,0.8784090909090909,0.0,0.0,0.0,0.0,16400,217088,bd48481,gauss:sigma=0.05,skip,nan,hdc_k1/skip,k16_lidardataframes_sensor,lidardataframes_v1,author_lidardataframes_place_tags,1024.0,prototype,1.0,hdc_k1/skip
lidardataframes_v1,test_ood,pure_hdc,128,128.0,0.0,0,0.0,1,0.8780487804878049,0.8784090909090909,0.0,0.0,0.0,0.0,16400,217088,bd48481,gauss:sigma=0.15,skip,nan,hdc_k1/skip,k16_lidardataframes_sensor,lidardataframes_v1,author_lidardataframes_place_tags,1024.0,prototype,1.0,hdc_k1/skip
lidardataframes_v1,test_ood,pure_hdc,128,128.0,0.0,0,0.0,1,0.8048780487804879,0.7992874893364489,0.0,0.0,0.0,0.0,16400,217088,bd48481,clip:clip_to=6.0,skip,nan,hdc_k1/skip,k16_lidardataframes_sensor,lidardataframes_v1,author_lidardataframes_place_tags,1024.0,prototype,1.0,hdc_k1/skip
lidardataframes_v1,test_id,pure_hdc,128,128.0,0.0,0,0.0,1,0.9759036144578314,0.974937343358396,0.0,0.0,0.0,0.0,262400,217088,bd48481,clean,skip,nan,hdc_k16/skip,k16_lidardataframes_sensor,lidardataframes_v1,author_lidardataframes_place_tags,1024.0,prototype,16.0,hdc_k16/skip
lidardataframes_v1,test_id,pure_hdc,128,128.0,0.0,0,0.0,1,0.9036144578313253,0.9023867809057528,0.0,0.0,0.0,0.0,262400,217088,bd48481,beam_drop:drop_rate=0.1,skip,nan,hdc_k16/skip,k16_lidardataframes_sensor,lidardataframes_v1,author_lidardataframes_place_tags,1024.0,prototype,16.0,hdc_k16/skip
lidardataframes_v1,test_id,pure_hdc,128,128.0,0.0,0,0.0,1,0.891566265060241,0.889806296783041,0.0,0.0,0.0,0.0,262400,217088,bd48481,beam_drop:drop_rate=0.3,skip,nan,hdc_k16/skip,k16_lidardataframes_sensor,lidardataframes_v1,author_lidardataframes_place_tags,1024.0,prototype,16.0,hdc_k16/skip
lidardataframes_v1,test_id,pure_hdc,128,128.0,0.0,0,0.0,1,0.8554216867469879,0.8525084280898234,0.0,0.0,0.0,0.0,262400,217088,bd48481,sector_drop:fraction=0.15,skip,nan,hdc_k16/skip,k16_lidardataframes_sensor,lidardataframes_v1,author_lidardataframes_place_tags,1024.0,prototype,16.0,hdc_k16/skip
lidardataframes_v1,test_id,pure_hdc,128,128.0,0.0,0,0.0,1,0.8192771084337349,0.8117647058823529,0.0,0.0,0.0,0.0,262400,217088,bd48481,sector_drop:fraction=0.3,skip,nan,hdc_k16/skip,k16_lidardataframes_sensor,lidardataframes_v1,author_lidardataframes_place_tags,1024.0,prototype,16.0,hdc_k16/skip
lidardataframes_v1,test_id,pure_hdc,128,128.0,0.0,0,0.0,1,0.9759036144578314,0.9755884855360182,0.0,0.0,0.0,0.0,262400,217088,bd48481,range_bias:bias=0.25,skip,nan,hdc_k16/skip,k16_lidardataframes_sensor,lidardataframes_v1,author_lidardataframes_place_tags,1024.0,prototype,16.0,hdc_k16/skip
lidardataframes_v1,test_id,pure_hdc,128,128.0,0.0,0,0.0,1,0.9759036144578314,0.974937343358396,0.0,0.0,0.0,0.0,262400,217088,bd48481,range_scale:scale=1.15,skip,nan,hdc_k16/skip,k16_lidardataframes_sensor,lidardataframes_v1,author_lidardataframes_place_tags,1024.0,prototype,16.0,hdc_k16/skip
lidardataframes_v1,test_id,pure_hdc,128,128.0,0.0,0,0.0,1,0.9759036144578314,0.974937343358396,0.0,0.0,0.0,0.0,262400,217088,bd48481,gauss:sigma=0.05,skip,nan,hdc_k16/skip,k16_lidardataframes_sensor,lidardataframes_v1,author_lidardataframes_place_tags,1024.0,prototype,16.0,hdc_k16/skip
lidardataframes_v1,test_id,pure_hdc,128,128.0,0.0,0,0.0,1,0.9879518072289156,0.9874921826141339,0.0,0.0,0.0,0.0,262400,217088,bd48481,gauss:sigma=0.15,skip,nan,hdc_k16/skip,k16_lidardataframes_sensor,lidardataframes_v1,author_lidardataframes_place_tags,1024.0,prototype,16.0,hdc_k16/skip
lidardataframes_v1,test_id,pure_hdc,128,128.0,0.0,0,0.0,1,0.9156626506024096,0.9095547309833023,0.0,0.0,0.0,0.0,262400,217088,bd48481,clip:clip_to=6.0,skip,nan,hdc_k16/skip,k16_lidardataframes_sensor,lidardataframes_v1,author_lidardataframes_place_tags,1024.0,prototype,16.0,hdc_k16/skip
lidardataframes_v1,test_ood,pure_hdc,128,128.0,0.0,0,0.0,1,0.975609756097561,0.9751889887319926,0.0,0.0,0.0,0.0,262400,217088,bd48481,clean,skip,nan,hdc_k16/skip,k16_lidardataframes_sensor,lidardataframes_v1,author_lidardataframes_place_tags,1024.0,prototype,16.0,hdc_k16/skip
lidardataframes_v1,test_ood,pure_hdc,128,128.0,0.0,0,0.0,1,0.8902439024390244,0.890180090754396,0.0,0.0,0.0,0.0,262400,217088,bd48481,beam_drop:drop_rate=0.1,skip,nan,hdc_k16/skip,k16_lidardataframes_sensor,lidardataframes_v1,author_lidardataframes_place_tags,1024.0,prototype,16.0,hdc_k16/skip
lidardataframes_v1,test_ood,pure_hdc,128,128.0,0.0,0,0.0,1,0.9024390243902439,0.9038901601830663,0.0,0.0,0.0,0.0,262400,217088,bd48481,beam_drop:drop_rate=0.3,skip,nan,hdc_k16/skip,k16_lidardataframes_sensor,lidardataframes_v1,author_lidardataframes_place_tags,1024.0,prototype,16.0,hdc_k16/skip
lidardataframes_v1,test_ood,pure_hdc,128,128.0,0.0,0,0.0,1,0.8414634146341463,0.8434839930067926,0.0,0.0,0.0,0.0,262400,217088,bd48481,sector_drop:fraction=0.15,skip,nan,hdc_k16/skip,k16_lidardataframes_sensor,lidardataframes_v1,author_lidardataframes_place_tags,1024.0,prototype,16.0,hdc_k16/skip
lidardataframes_v1,test_ood,pure_hdc,128,128.0,0.0,0,0.0,1,0.8536585365853658,0.8505691056910569,0.0,0.0,0.0,0.0,262400,217088,bd48481,sector_drop:fraction=0.3,skip,nan,hdc_k16/skip,k16_lidardataframes_sensor,lidardataframes_v1,author_lidardataframes_place_tags,1024.0,prototype,16.0,hdc_k16/skip
lidardataframes_v1,test_ood,pure_hdc,128,128.0,0.0,0,0.0,1,0.975609756097561,0.975,0.0,0.0,0.0,0.0,262400,217088,bd48481,range_bias:bias=0.25,skip,nan,hdc_k16/skip,k16_lidardataframes_sensor,lidardataframes_v1,author_lidardataframes_place_tags,1024.0,prototype,16.0,hdc_k16/skip
lidardataframes_v1,test_ood,pure_hdc,128,128.0,0.0,0,0.0,1,0.9634146341463414,0.9627136752136751,0.0,0.0,0.0,0.0,262400,217088,bd48481,range_scale:scale=1.15,skip,nan,hdc_k16/skip,k16_lidardataframes_sensor,lidardataframes_v1,author_lidardataframes_place_tags,1024.0,prototype,16.0,hdc_k16/skip
lidardataframes_v1,test_ood,pure_hdc,128,128.0,0.0,0,0.0,1,0.975609756097561,0.9751889887319926,0.0,0.0,0.0,0.0,262400,217088,bd48481,gauss:sigma=0.05,skip,nan,hdc_k16/skip,k16_lidardataframes_sensor,lidardataframes_v1,author_lidardataframes_place_tags,1024.0,prototype,16.0,hdc_k16/skip
lidardataframes_v1,test_ood,pure_hdc,128,128.0,0.0,0,0.0,1,0.9634146341463414,0.9627626035367287,0.0,0.0,0.0,0.0,262400,217088,bd48481,gauss:sigma=0.15,skip,nan,hdc_k16/skip,k16_lidardataframes_sensor,lidardataframes_v1,author_lidardataframes_place_tags,1024.0,prototype,16.0,hdc_k16/skip
lidardataframes_v1,test_ood,pure_hdc,128,128.0,0.0,0,0.0,1,0.8414634146341463,0.8158914728682171,0.0,0.0,0.0,0.0,262400,217088,bd48481,clip:clip_to=6.0,skip,nan,hdc_k16/skip,k16_lidardataframes_sensor,lidardataframes_v1,author_lidardataframes_place_tags,1024.0,prototype,16.0,hdc_k16/skip
lidardataframes_v1,test_id,pure_hdc,128,128.0,0.0,0,0.0,1,0.9759036144578314,0.974937343358396,0.0,0.0,0.0,0.0,262400,218112,bd48481,clean,drop,nan,hdc_k16/drop,k16_lidardataframes_sensor,lidardataframes_v1,author_lidardataframes_place_tags,1024.0,prototype,16.0,hdc_k16/drop
lidardataframes_v1,test_id,pure_hdc,128,128.0,0.0,0,0.0,1,0.9759036144578314,0.974937343358396,0.0,0.0,0.0,0.0,262400,218112,bd48481,beam_drop:drop_rate=0.1,drop,nan,hdc_k16/drop,k16_lidardataframes_sensor,lidardataframes_v1,author_lidardataframes_place_tags,1024.0,prototype,16.0,hdc_k16/drop
lidardataframes_v1,test_id,pure_hdc,128,128.0,0.0,0,0.0,1,0.9879518072289156,0.9880341880341881,0.0,0.0,0.0,0.0,262400,218112,bd48481,beam_drop:drop_rate=0.3,drop,nan,hdc_k16/drop,k16_lidardataframes_sensor,lidardataframes_v1,author_lidardataframes_place_tags,1024.0,prototype,16.0,hdc_k16/drop
lidardataframes_v1,test_id,pure_hdc,128,128.0,0.0,0,0.0,1,0.9156626506024096,0.9100606673407483,0.0,0.0,0.0,0.0,262400,218112,bd48481,sector_drop:fraction=0.15,drop,nan,hdc_k16/drop,k16_lidardataframes_sensor,lidardataframes_v1,author_lidardataframes_place_tags,1024.0,prototype,16.0,hdc_k16/drop
lidardataframes_v1,test_id,pure_hdc,128,128.0,0.0,0,0.0,1,0.8674698795180723,0.8612768840454362,0.0,0.0,0.0,0.0,262400,218112,bd48481,sector_drop:fraction=0.3,drop,nan,hdc_k16/drop,k16_lidardataframes_sensor,lidardataframes_v1,author_lidardataframes_place_tags,1024.0,prototype,16.0,hdc_k16/drop
lidardataframes_v1,test_id,pure_hdc,128,128.0,0.0,0,0.0,1,0.9759036144578314,0.9755884855360182,0.0,0.0,0.0,0.0,262400,218112,bd48481,range_bias:bias=0.25,drop,nan,hdc_k16/drop,k16_lidardataframes_sensor,lidardataframes_v1,author_lidardataframes_place_tags,1024.0,prototype,16.0,hdc_k16/drop
lidardataframes_v1,test_id,pure_hdc,128,128.0,0.0,0,0.0,1,0.9759036144578314,0.974937343358396,0.0,0.0,0.0,0.0,262400,218112,bd48481,range_scale:scale=1.15,drop,nan,hdc_k16/drop,k16_lidardataframes_sensor,lidardataframes_v1,author_lidardataframes_place_tags,1024.0,prototype,16.0,hdc_k16/drop
lidardataframes_v1,test_id,pure_hdc,128,128.0,0.0,0,0.0,1,0.9759036144578314,0.974937343358396,0.0,0.0,0.0,0.0,262400,218112,bd48481,gauss:sigma=0.05,drop,nan,hdc_k16/drop,k16_lidardataframes_sensor,lidardataframes_v1,author_lidardataframes_place_tags,1024.0,prototype,16.0,hdc_k16/drop
lidardataframes_v1,test_id,pure_hdc,128,128.0,0.0,0,0.0,1,0.9879518072289156,0.9874921826141339,0.0,0.0,0.0,0.0,262400,218112,bd48481,gauss:sigma=0.15,drop,nan,hdc_k16/drop,k16_lidardataframes_sensor,lidardataframes_v1,author_lidardataframes_place_tags,1024.0,prototype,16.0,hdc_k16/drop
lidardataframes_v1,test_id,pure_hdc,128,128.0,0.0,0,0.0,1,0.9156626506024096,0.9095547309833023,0.0,0.0,0.0,0.0,262400,218112,bd48481,clip:clip_to=6.0,drop,nan,hdc_k16/drop,k16_lidardataframes_sensor,lidardataframes_v1,author_lidardataframes_place_tags,1024.0,prototype,16.0,hdc_k16/drop
lidardataframes_v1,test_ood,pure_hdc,128,128.0,0.0,0,0.0,1,0.975609756097561,0.9751889887319926,0.0,0.0,0.0,0.0,262400,218112,bd48481,clean,drop,nan,hdc_k16/drop,k16_lidardataframes_sensor,lidardataframes_v1,author_lidardataframes_place_tags,1024.0,prototype,16.0,hdc_k16/drop
lidardataframes_v1,test_ood,pure_hdc,128,128.0,0.0,0,0.0,1,0.9512195121951219,0.949447895100069,0.0,0.0,0.0,0.0,262400,218112,bd48481,beam_drop:drop_rate=0.1,drop,nan,hdc_k16/drop,k16_lidardataframes_sensor,lidardataframes_v1,author_lidardataframes_place_tags,1024.0,prototype,16.0,hdc_k16/drop
lidardataframes_v1,test_ood,pure_hdc,128,128.0,0.0,0,0.0,1,0.9512195121951219,0.9504158122579175,0.0,0.0,0.0,0.0,262400,218112,bd48481,beam_drop:drop_rate=0.3,drop,nan,hdc_k16/drop,k16_lidardataframes_sensor,lidardataframes_v1,author_lidardataframes_place_tags,1024.0,prototype,16.0,hdc_k16/drop
lidardataframes_v1,test_ood,pure_hdc,128,128.0,0.0,0,0.0,1,0.9146341463414634,0.9102330293819656,0.0,0.0,0.0,0.0,262400,218112,bd48481,sector_drop:fraction=0.15,drop,nan,hdc_k16/drop,k16_lidardataframes_sensor,lidardataframes_v1,author_lidardataframes_place_tags,1024.0,prototype,16.0,hdc_k16/drop
lidardataframes_v1,test_ood,pure_hdc,128,128.0,0.0,0,0.0,1,0.9024390243902439,0.8986111111111111,0.0,0.0,0.0,0.0,262400,218112,bd48481,sector_drop:fraction=0.3,drop,nan,hdc_k16/drop,k16_lidardataframes_sensor,lidardataframes_v1,author_lidardataframes_place_tags,1024.0,prototype,16.0,hdc_k16/drop
lidardataframes_v1,test_ood,pure_hdc,128,128.0,0.0,0,0.0,1,0.975609756097561,0.975,0.0,0.0,0.0,0.0,262400,218112,bd48481,range_bias:bias=0.25,drop,nan,hdc_k16/drop,k16_lidardataframes_sensor,lidardataframes_v1,author_lidardataframes_place_tags,1024.0,prototype,16.0,hdc_k16/drop
lidardataframes_v1,test_ood,pure_hdc,128,128.0,0.0,0,0.0,1,0.9634146341463414,0.9627136752136751,0.0,0.0,0.0,0.0,262400,218112,bd48481,range_scale:scale=1.15,drop,nan,hdc_k16/drop,k16_lidardataframes_sensor,lidardataframes_v1,author_lidardataframes_place_tags,1024.0,prototype,16.0,hdc_k16/drop
lidardataframes_v1,test_ood,pure_hdc,128,128.0,0.0,0,0.0,1,0.975609756097561,0.9751889887319926,0.0,0.0,0.0,0.0,262400,218112,bd48481,gauss:sigma=0.05,drop,nan,hdc_k16/drop,k16_lidardataframes_sensor,lidardataframes_v1,author_lidardataframes_place_tags,1024.0,prototype,16.0,hdc_k16/drop
lidardataframes_v1,test_ood,pure_hdc,128,128.0,0.0,0,0.0,1,0.9634146341463414,0.9627626035367287,0.0,0.0,0.0,0.0,262400,218112,bd48481,gauss:sigma=0.15,drop,nan,hdc_k16/drop,k16_lidardataframes_sensor,lidardataframes_v1,author_lidardataframes_place_tags,1024.0,prototype,16.0,hdc_k16/drop
lidardataframes_v1,test_ood,pure_hdc,128,128.0,0.0,0,0.0,1,0.8414634146341463,0.8158914728682171,0.0,0.0,0.0,0.0,262400,218112,bd48481,clip:clip_to=6.0,drop,nan,hdc_k16/drop,k16_lidardataframes_sensor,lidardataframes_v1,author_lidardataframes_place_tags,1024.0,prototype,16.0,hdc_k16/drop
lidardataframes_v1,test_id,pure_hdc,128,128.0,0.0,0,0.0,1,0.9759036144578314,0.974937343358396,0.0,0.0,0.0,0.0,262400,217088,bd48481,clean,fill,max_range,hdc_k16/fill,k16_lidardataframes_sensor,lidardataframes_v1,author_lidardataframes_place_tags,1024.0,prototype,16.0,hdc_k16/fill
lidardataframes_v1,test_id,pure_hdc,128,128.0,0.0,0,0.0,1,0.891566265060241,0.8904745430433028,0.0,0.0,0.0,0.0,262400,217088,bd48481,beam_drop:drop_rate=0.1,fill,max_range,hdc_k16/fill,k16_lidardataframes_sensor,lidardataframes_v1,author_lidardataframes_place_tags,1024.0,prototype,16.0,hdc_k16/fill
lidardataframes_v1,test_id,pure_hdc,128,128.0,0.0,0,0.0,1,0.8192771084337349,0.8067646628638291,0.0,0.0,0.0,0.0,262400,217088,bd48481,beam_drop:drop_rate=0.3,fill,max_range,hdc_k16/fill,k16_lidardataframes_sensor,lidardataframes_v1,author_lidardataframes_place_tags,1024.0,prototype,16.0,hdc_k16/fill
lidardataframes_v1,test_id,pure_hdc,128,128.0,0.0,0,0.0,1,0.8192771084337349,0.8128019323671497,0.0,0.0,0.0,0.0,262400,217088,bd48481,sector_drop:fraction=0.15,fill,max_range,hdc_k16/fill,k16_lidardataframes_sensor,lidardataframes_v1,author_lidardataframes_place_tags,1024.0,prototype,16.0,hdc_k16/fill
lidardataframes_v1,test_id,pure_hdc,128,128.0,0.0,0,0.0,1,0.6385542168674698,0.6277011965913005,0.0,0.0,0.0,0.0,262400,217088,bd48481,sector_drop:fraction=0.3,fill,max_range,hdc_k16/fill,k16_lidardataframes_sensor,lidardataframes_v1,author_lidardataframes_place_tags,1024.0,prototype,16.0,hdc_k16/fill
lidardataframes_v1,test_id,pure_hdc,128,128.0,0.0,0,0.0,1,0.9759036144578314,0.9755884855360182,0.0,0.0,0.0,0.0,262400,217088,bd48481,range_bias:bias=0.25,fill,max_range,hdc_k16/fill,k16_lidardataframes_sensor,lidardataframes_v1,author_lidardataframes_place_tags,1024.0,prototype,16.0,hdc_k16/fill
lidardataframes_v1,test_id,pure_hdc,128,128.0,0.0,0,0.0,1,0.9759036144578314,0.974937343358396,0.0,0.0,0.0,0.0,262400,217088,bd48481,range_scale:scale=1.15,fill,max_range,hdc_k16/fill,k16_lidardataframes_sensor,lidardataframes_v1,author_lidardataframes_place_tags,1024.0,prototype,16.0,hdc_k16/fill
lidardataframes_v1,test_id,pure_hdc,128,128.0,0.0,0,0.0,1,0.9759036144578314,0.974937343358396,0.0,0.0,0.0,0.0,262400,217088,bd48481,gauss:sigma=0.05,fill,max_range,hdc_k16/fill,k16_lidardataframes_sensor,lidardataframes_v1,author_lidardataframes_place_tags,1024.0,prototype,16.0,hdc_k16/fill
lidardataframes_v1,test_id,pure_hdc,128,128.0,0.0,0,0.0,1,0.9879518072289156,0.9874921826141339,0.0,0.0,0.0,0.0,262400,217088,bd48481,gauss:sigma=0.15,fill,max_range,hdc_k16/fill,k16_lidardataframes_sensor,lidardataframes_v1,author_lidardataframes_place_tags,1024.0,prototype,16.0,hdc_k16/fill
lidardataframes_v1,test_id,pure_hdc,128,128.0,0.0,0,0.0,1,0.9156626506024096,0.9095547309833023,0.0,0.0,0.0,0.0,262400,217088,bd48481,clip:clip_to=6.0,fill,max_range,hdc_k16/fill,k16_lidardataframes_sensor,lidardataframes_v1,author_lidardataframes_place_tags,1024.0,prototype,16.0,hdc_k16/fill
lidardataframes_v1,test_ood,pure_hdc,128,128.0,0.0,0,0.0,1,0.975609756097561,0.9751889887319926,0.0,0.0,0.0,0.0,262400,217088,bd48481,clean,fill,max_range,hdc_k16/fill,k16_lidardataframes_sensor,lidardataframes_v1,author_lidardataframes_place_tags,1024.0,prototype,16.0,hdc_k16/fill
lidardataframes_v1,test_ood,pure_hdc,128,128.0,0.0,0,0.0,1,0.8536585365853658,0.8539705882352941,0.0,0.0,0.0,0.0,262400,217088,bd48481,beam_drop:drop_rate=0.1,fill,max_range,hdc_k16/fill,k16_lidardataframes_sensor,lidardataframes_v1,author_lidardataframes_place_tags,1024.0,prototype,16.0,hdc_k16/fill
lidardataframes_v1,test_ood,pure_hdc,128,128.0,0.0,0,0.0,1,0.8292682926829268,0.8219211465073835,0.0,0.0,0.0,0.0,262400,217088,bd48481,beam_drop:drop_rate=0.3,fill,max_range,hdc_k16/fill,k16_lidardataframes_sensor,lidardataframes_v1,author_lidardataframes_place_tags,1024.0,prototype,16.0,hdc_k16/fill
lidardataframes_v1,test_ood,pure_hdc,128,128.0,0.0,0,0.0,1,0.8414634146341463,0.8338405356055996,0.0,0.0,0.0,0.0,262400,217088,bd48481,sector_drop:fraction=0.15,fill,max_range,hdc_k16/fill,k16_lidardataframes_sensor,lidardataframes_v1,author_lidardataframes_place_tags,1024.0,prototype,16.0,hdc_k16/fill
lidardataframes_v1,test_ood,pure_hdc,128,128.0,0.0,0,0.0,1,0.5853658536585366,0.5630973986690865,0.0,0.0,0.0,0.0,262400,217088,bd48481,sector_drop:fraction=0.3,fill,max_range,hdc_k16/fill,k16_lidardataframes_sensor,lidardataframes_v1,author_lidardataframes_place_tags,1024.0,prototype,16.0,hdc_k16/fill
lidardataframes_v1,test_ood,pure_hdc,128,128.0,0.0,0,0.0,1,0.975609756097561,0.975,0.0,0.0,0.0,0.0,262400,217088,bd48481,range_bias:bias=0.25,fill,max_range,hdc_k16/fill,k16_lidardataframes_sensor,lidardataframes_v1,author_lidardataframes_place_tags,1024.0,prototype,16.0,hdc_k16/fill
lidardataframes_v1,test_ood,pure_hdc,128,128.0,0.0,0,0.0,1,0.9634146341463414,0.9627136752136751,0.0,0.0,0.0,0.0,262400,217088,bd48481,range_scale:scale=1.15,fill,max_range,hdc_k16/fill,k16_lidardataframes_sensor,lidardataframes_v1,author_lidardataframes_place_tags,1024.0,prototype,16.0,hdc_k16/fill
lidardataframes_v1,test_ood,pure_hdc,128,128.0,0.0,0,0.0,1,0.975609756097561,0.9751889887319926,0.0,0.0,0.0,0.0,262400,217088,bd48481,gauss:sigma=0.05,fill,max_range,hdc_k16/fill,k16_lidardataframes_sensor,lidardataframes_v1,author_lidardataframes_place_tags,1024.0,prototype,16.0,hdc_k16/fill
lidardataframes_v1,test_ood,pure_hdc,128,128.0,0.0,0,0.0,1,0.9634146341463414,0.9627626035367287,0.0,0.0,0.0,0.0,262400,217088,bd48481,gauss:sigma=0.15,fill,max_range,hdc_k16/fill,k16_lidardataframes_sensor,lidardataframes_v1,author_lidardataframes_place_tags,1024.0,prototype,16.0,hdc_k16/fill
lidardataframes_v1,test_ood,pure_hdc,128,128.0,0.0,0,0.0,1,0.8414634146341463,0.8158914728682171,0.0,0.0,0.0,0.0,262400,217088,bd48481,clip:clip_to=6.0,fill,max_range,hdc_k16/fill,k16_lidardataframes_sensor,lidardataframes_v1,author_lidardataframes_place_tags,1024.0,prototype,16.0,hdc_k16/fill
lidardataframes_v1,test_id,pure_hdc,128,128.0,0.0,0,0.0,1,0.9759036144578314,0.974937343358396,0.0,0.0,0.0,0.0,32800,217088,bd48481,clean,skip,nan,hdc_linear/skip,k16_lidardataframes_sensor,lidardataframes_v1,author_lidardataframes_place_tags,1024.0,linear,1.0,hdc_linear/skip
lidardataframes_v1,test_id,pure_hdc,128,128.0,0.0,0,0.0,1,0.7951807228915663,0.7781179138321995,0.0,0.0,0.0,0.0,32800,217088,bd48481,beam_drop:drop_rate=0.1,skip,nan,hdc_linear/skip,k16_lidardataframes_sensor,lidardataframes_v1,author_lidardataframes_place_tags,1024.0,linear,1.0,hdc_linear/skip
lidardataframes_v1,test_id,pure_hdc,128,128.0,0.0,0,0.0,1,0.7590361445783133,0.7404111286674722,0.0,0.0,0.0,0.0,32800,217088,bd48481,beam_drop:drop_rate=0.3,skip,nan,hdc_linear/skip,k16_lidardataframes_sensor,lidardataframes_v1,author_lidardataframes_place_tags,1024.0,linear,1.0,hdc_linear/skip
lidardataframes_v1,test_id,pure_hdc,128,128.0,0.0,0,0.0,1,0.6867469879518072,0.6373152709359606,0.0,0.0,0.0,0.0,32800,217088,bd48481,sector_drop:fraction=0.15,skip,nan,hdc_linear/skip,k16_lidardataframes_sensor,lidardataframes_v1,author_lidardataframes_place_tags,1024.0,linear,1.0,hdc_linear/skip
lidardataframes_v1,test_id,pure_hdc,128,128.0,0.0,0,0.0,1,0.6626506024096386,0.6148989898989898,0.0,0.0,0.0,0.0,32800,217088,bd48481,sector_drop:fraction=0.3,skip,nan,hdc_linear/skip,k16_lidardataframes_sensor,lidardataframes_v1,author_lidardataframes_place_tags,1024.0,linear,1.0,hdc_linear/skip
lidardataframes_v1,test_id,pure_hdc,128,128.0,0.0,0,0.0,1,0.963855421686747,0.9630505153760968,0.0,0.0,0.0,0.0,32800,217088,bd48481,range_bias:bias=0.25,skip,nan,hdc_linear/skip,k16_lidardataframes_sensor,lidardataframes_v1,author_lidardataframes_place_tags,1024.0,linear,1.0,hdc_linear/skip
lidardataframes_v1,test_id,pure_hdc,128,128.0,0.0,0,0.0,1,0.9518072289156626,0.9522100706311232,0.0,0.0,0.0,0.0,32800,217088,bd48481,range_scale:scale=1.15,skip,nan,hdc_linear/skip,k16_lidardataframes_sensor,lidardataframes_v1,author_lidardataframes_place_tags,1024.0,linear,1.0,hdc_linear/skip
lidardataframes_v1,test_id,pure_hdc,128,128.0,0.0,0,0.0,1,0.9759036144578314,0.974937343358396,0.0,0.0,0.0,0.0,32800,217088,bd48481,gauss:sigma=0.05,skip,nan,hdc_linear/skip,k16_lidardataframes_sensor,lidardataframes_v1,author_lidardataframes_place_tags,1024.0,linear,1.0,hdc_linear/skip
lidardataframes_v1,test_id,pure_hdc,128,128.0,0.0,0,0.0,1,0.9759036144578314,0.974937343358396,0.0,0.0,0.0,0.0,32800,217088,bd48481,gauss:sigma=0.15,skip,nan,hdc_linear/skip,k16_lidardataframes_sensor,lidardataframes_v1,author_lidardataframes_place_tags,1024.0,linear,1.0,hdc_linear/skip
lidardataframes_v1,test_id,pure_hdc,128,128.0,0.0,0,0.0,1,0.7951807228915663,0.7424531636620715,0.0,0.0,0.0,0.0,32800,217088,bd48481,clip:clip_to=6.0,skip,nan,hdc_linear/skip,k16_lidardataframes_sensor,lidardataframes_v1,author_lidardataframes_place_tags,1024.0,linear,1.0,hdc_linear/skip
lidardataframes_v1,test_ood,pure_hdc,128,128.0,0.0,0,0.0,1,0.9878048780487805,0.9874921826141339,0.0,0.0,0.0,0.0,32800,217088,bd48481,clean,skip,nan,hdc_linear/skip,k16_lidardataframes_sensor,lidardataframes_v1,author_lidardataframes_place_tags,1024.0,linear,1.0,hdc_linear/skip
lidardataframes_v1,test_ood,pure_hdc,128,128.0,0.0,0,0.0,1,0.8048780487804879,0.7923620611035112,0.0,0.0,0.0,0.0,32800,217088,bd48481,beam_drop:drop_rate=0.1,skip,nan,hdc_linear/skip,k16_lidardataframes_sensor,lidardataframes_v1,author_lidardataframes_place_tags,1024.0,linear,1.0,hdc_linear/skip
lidardataframes_v1,test_ood,pure_hdc,128,128.0,0.0,0,0.0,1,0.6951219512195121,0.6649780452106033,0.0,0.0,0.0,0.0,32800,217088,bd48481,beam_drop:drop_rate=0.3,skip,nan,hdc_linear/skip,k16_lidardataframes_sensor,lidardataframes_v1,author_lidardataframes_place_tags,1024.0,linear,1.0,hdc_linear/skip
lidardataframes_v1,test_ood,pure_hdc,128,128.0,0.0,0,0.0,1,0.7317073170731707,0.702398764026671,0.0,0.0,0.0,0.0,32800,217088,bd48481,sector_drop:fraction=0.15,skip,nan,hdc_linear/skip,k16_lidardataframes_sensor,lidardataframes_v1,author_lidardataframes_place_tags,1024.0,linear,1.0,hdc_linear/skip
lidardataframes_v1,test_ood,pure_hdc,128,128.0,0.0,0,0.0,1,0.6341463414634146,0.5955330900983075,0.0,0.0,0.0,0.0,32800,217088,bd48481,sector_drop:fraction=0.3,skip,nan,hdc_linear/skip,k16_lidardataframes_sensor,lidardataframes_v1,author_lidardataframes_place_tags,1024.0,linear,1.0,hdc_linear/skip
lidardataframes_v1,test_ood,pure_hdc,128,128.0,0.0,0,0.0,1,0.9878048780487805,0.9874921826141339,0.0,0.0,0.0,0.0,32800,217088,bd48481,range_bias:bias=0.25,skip,nan,hdc_linear/skip,k16_lidardataframes_sensor,lidardataframes_v1,author_lidardataframes_place_tags,1024.0,linear,1.0,hdc_linear/skip
lidardataframes_v1,test_ood,pure_hdc,128,128.0,0.0,0,0.0,1,0.9878048780487805,0.9880884855360181,0.0,0.0,0.0,0.0,32800,217088,bd48481,range_scale:scale=1.15,skip,nan,hdc_linear/skip,k16_lidardataframes_sensor,lidardataframes_v1,author_lidardataframes_place_tags,1024.0,linear,1.0,hdc_linear/skip
lidardataframes_v1,test_ood,pure_hdc,128,128.0,0.0,0,0.0,1,0.975609756097561,0.975,0.0,0.0,0.0,0.0,32800,217088,bd48481,gauss:sigma=0.05,skip,nan,hdc_linear/skip,k16_lidardataframes_sensor,lidardataframes_v1,author_lidardataframes_place_tags,1024.0,linear,1.0,hdc_linear/skip
lidardataframes_v1,test_ood,pure_hdc,128,128.0,0.0,0,0.0,1,0.9634146341463414,0.9624765478424016,0.0,0.0,0.0,0.0,32800,217088,bd48481,gauss:sigma=0.15,skip,nan,hdc_linear/skip,k16_lidardataframes_sensor,lidardataframes_v1,author_lidardataframes_place_tags,1024.0,linear,1.0,hdc_linear/skip
lidardataframes_v1,test_ood,pure_hdc,128,128.0,0.0,0,0.0,1,0.7926829268292683,0.735472574717426,0.0,0.0,0.0,0.0,32800,217088,bd48481,clip:clip_to=6.0,skip,nan,hdc_linear/skip,k16_lidardataframes_sensor,lidardataframes_v1,author_lidardataframes_place_tags,1024.0,linear,1.0,hdc_linear/skip
lidardataframes_v1,test_id,quantized,128,128.0,0.0,0,0.0,2,0.9036144578313253,0.898989898989899,0.0,0.0,0.0,0.0,1936,0,bd48481,clean,fill,max_range,quantized,k16_lidardataframes_sensor,lidardataframes_v1,author_lidardataframes_place_tags,,,,quantized
lidardataframes_v1,test_id,quantized,128,128.0,0.0,0,0.0,2,0.6746987951807228,0.6679060047143447,0.0,0.0,0.0,0.0,1936,0,bd48481,beam_drop:drop_rate=0.1,fill,max_range,quantized,k16_lidardataframes_sensor,lidardataframes_v1,author_lidardataframes_place_tags,,,,quantized
lidardataframes_v1,test_id,quantized,128,128.0,0.0,0,0.0,2,0.42168674698795183,0.3424574596902683,0.0,0.0,0.0,0.0,1936,0,bd48481,beam_drop:drop_rate=0.3,fill,max_range,quantized,k16_lidardataframes_sensor,lidardataframes_v1,author_lidardataframes_place_tags,,,,quantized
lidardataframes_v1,test_id,quantized,128,128.0,0.0,0,0.0,2,0.6144578313253012,0.5604830917874396,0.0,0.0,0.0,0.0,1936,0,bd48481,sector_drop:fraction=0.15,fill,max_range,quantized,k16_lidardataframes_sensor,lidardataframes_v1,author_lidardataframes_place_tags,,,,quantized
lidardataframes_v1,test_id,quantized,128,128.0,0.0,0,0.0,2,0.3855421686746988,0.3028139140271493,0.0,0.0,0.0,0.0,1936,0,bd48481,sector_drop:fraction=0.3,fill,max_range,quantized,k16_lidardataframes_sensor,lidardataframes_v1,author_lidardataframes_place_tags,,,,quantized
lidardataframes_v1,test_id,quantized,128,128.0,0.0,0,0.0,2,0.9036144578313253,0.9011154011154011,0.0,0.0,0.0,0.0,1936,0,bd48481,range_bias:bias=0.25,fill,max_range,quantized,k16_lidardataframes_sensor,lidardataframes_v1,author_lidardataframes_place_tags,,,,quantized
lidardataframes_v1,test_id,quantized,128,128.0,0.0,0,0.0,2,0.9156626506024096,0.9139895192526771,0.0,0.0,0.0,0.0,1936,0,bd48481,range_scale:scale=1.15,fill,max_range,quantized,k16_lidardataframes_sensor,lidardataframes_v1,author_lidardataframes_place_tags,,,,quantized
lidardataframes_v1,test_id,quantized,128,128.0,0.0,0,0.0,2,0.9036144578313253,0.898989898989899,0.0,0.0,0.0,0.0,1936,0,bd48481,gauss:sigma=0.05,fill,max_range,quantized,k16_lidardataframes_sensor,lidardataframes_v1,author_lidardataframes_place_tags,,,,quantized
lidardataframes_v1,test_id,quantized,128,128.0,0.0,0,0.0,2,0.9036144578313253,0.898989898989899,0.0,0.0,0.0,0.0,1936,0,bd48481,gauss:sigma=0.15,fill,max_range,quantized,k16_lidardataframes_sensor,lidardataframes_v1,author_lidardataframes_place_tags,,,,quantized
lidardataframes_v1,test_id,quantized,128,128.0,0.0,0,0.0,2,0.8554216867469879,0.8450651011392699,0.0,0.0,0.0,0.0,1936,0,bd48481,clip:clip_to=6.0,fill,max_range,quantized,k16_lidardataframes_sensor,lidardataframes_v1,author_lidardataframes_place_tags,,,,quantized
lidardataframes_v1,test_ood,quantized,128,128.0,0.0,0,0.0,2,0.8536585365853658,0.8418458781362007,0.0,0.0,0.0,0.0,1936,0,bd48481,clean,fill,max_range,quantized,k16_lidardataframes_sensor,lidardataframes_v1,author_lidardataframes_place_tags,,,,quantized
lidardataframes_v1,test_ood,quantized,128,128.0,0.0,0,0.0,2,0.6829268292682927,0.6646301032490292,0.0,0.0,0.0,0.0,1936,0,bd48481,beam_drop:drop_rate=0.1,fill,max_range,quantized,k16_lidardataframes_sensor,lidardataframes_v1,author_lidardataframes_place_tags,,,,quantized
lidardataframes_v1,test_ood,quantized,128,128.0,0.0,0,0.0,2,0.4146341463414634,0.3355979703191015,0.0,0.0,0.0,0.0,1936,0,bd48481,beam_drop:drop_rate=0.3,fill,max_range,quantized,k16_lidardataframes_sensor,lidardataframes_v1,author_lidardataframes_place_tags,,,,quantized
lidardataframes_v1,test_ood,quantized,128,128.0,0.0,0,0.0,2,0.6097560975609756,0.579292489353465,0.0,0.0,0.0,0.0,1936,0,bd48481,sector_drop:fraction=0.15,fill,max_range,quantized,k16_lidardataframes_sensor,lidardataframes_v1,author_lidardataframes_place_tags,,,,quantized
lidardataframes_v1,test_ood,quantized,128,128.0,0.0,0,0.0,2,0.3780487804878049,0.29643493761140816,0.0,0.0,0.0,0.0,1936,0,bd48481,sector_drop:fraction=0.3,fill,max_range,quantized,k16_lidardataframes_sensor,lidardataframes_v1,author_lidardataframes_place_tags,,,,quantized
lidardataframes_v1,test_ood,quantized,128,128.0,0.0,0,0.0,2,0.8414634146341463,0.8301630434782609,0.0,0.0,0.0,0.0,1936,0,bd48481,range_bias:bias=0.25,fill,max_range,quantized,k16_lidardataframes_sensor,lidardataframes_v1,author_lidardataframes_place_tags,,,,quantized
lidardataframes_v1,test_ood,quantized,128,128.0,0.0,0,0.0,2,0.8414634146341463,0.8301270685579196,0.0,0.0,0.0,0.0,1936,0,bd48481,range_scale:scale=1.15,fill,max_range,quantized,k16_lidardataframes_sensor,lidardataframes_v1,author_lidardataframes_place_tags,,,,quantized
lidardataframes_v1,test_ood,quantized,128,128.0,0.0,0,0.0,2,0.8536585365853658,0.8418458781362007,0.0,0.0,0.0,0.0,1936,0,bd48481,gauss:sigma=0.05,fill,max_range,quantized,k16_lidardataframes_sensor,lidardataframes_v1,author_lidardataframes_place_tags,,,,quantized
lidardataframes_v1,test_ood,quantized,128,128.0,0.0,0,0.0,2,0.8536585365853658,0.8418458781362007,0.0,0.0,0.0,0.0,1936,0,bd48481,gauss:sigma=0.15,fill,max_range,quantized,k16_lidardataframes_sensor,lidardataframes_v1,author_lidardataframes_place_tags,,,,quantized
lidardataframes_v1,test_ood,quantized,128,128.0,0.0,0,0.0,2,0.8292682926829268,0.811282193128035,0.0,0.0,0.0,0.0,1936,0,bd48481,clip:clip_to=6.0,fill,max_range,quantized,k16_lidardataframes_sensor,lidardataframes_v1,author_lidardataframes_place_tags,,,,quantized
lidardataframes_v1,test_id,binary_hash,128,128.0,0.0,0,0.0,2,0.8795180722891566,0.8790319294170384,0.0,0.0,0.0,0.0,16400,737280,bd48481,clean,fill,max_range,binary_hash,k16_lidardataframes_sensor,lidardataframes_v1,author_lidardataframes_place_tags,1024.0,,,binary_hash
lidardataframes_v1,test_id,binary_hash,128,128.0,0.0,0,0.0,2,0.4819277108433735,0.4482875732875733,0.0,0.0,0.0,0.0,16400,737280,bd48481,beam_drop:drop_rate=0.1,fill,max_range,binary_hash,k16_lidardataframes_sensor,lidardataframes_v1,author_lidardataframes_place_tags,1024.0,,,binary_hash
lidardataframes_v1,test_id,binary_hash,128,128.0,0.0,0,0.0,2,0.46987951807228917,0.4158804610024122,0.0,0.0,0.0,0.0,16400,737280,bd48481,beam_drop:drop_rate=0.3,fill,max_range,binary_hash,k16_lidardataframes_sensor,lidardataframes_v1,author_lidardataframes_place_tags,1024.0,,,binary_hash
lidardataframes_v1,test_id,binary_hash,128,128.0,0.0,0,0.0,2,0.5542168674698795,0.5561147186147186,0.0,0.0,0.0,0.0,16400,737280,bd48481,sector_drop:fraction=0.15,fill,max_range,binary_hash,k16_lidardataframes_sensor,lidardataframes_v1,author_lidardataframes_place_tags,1024.0,,,binary_hash
lidardataframes_v1,test_id,binary_hash,128,128.0,0.0,0,0.0,2,0.5060240963855421,0.4869102990033223,0.0,0.0,0.0,0.0,16400,737280,bd48481,sector_drop:fraction=0.3,fill,max_range,binary_hash,k16_lidardataframes_sensor,lidardataframes_v1,author_lidardataframes_place_tags,1024.0,,,binary_hash
lidardataframes_v1,test_id,binary_hash,128,128.0,0.0,0,0.0,2,0.8313253012048193,0.8330162085976038,0.0,0.0,0.0,0.0,16400,737280,bd48481,range_bias:bias=0.25,fill,max_range,binary_hash,k16_lidardataframes_sensor,lidardataframes_v1,author_lidardataframes_place_tags,1024.0,,,binary_hash
lidardataframes_v1,test_id,binary_hash,128,128.0,0.0,0,0.0,2,0.8313253012048193,0.826320802888311,0.0,0.0,0.0,0.0,16400,737280,bd48481,range_scale:scale=1.15,fill,max_range,binary_hash,k16_lidardataframes_sensor,lidardataframes_v1,author_lidardataframes_place_tags,1024.0,,,binary_hash
lidardataframes_v1,test_id,binary_hash,128,128.0,0.0,0,0.0,2,0.8795180722891566,0.8812819391686935,0.0,0.0,0.0,0.0,16400,737280,bd48481,gauss:sigma=0.05,fill,max_range,binary_hash,k16_lidardataframes_sensor,lidardataframes_v1,author_lidardataframes_place_tags,1024.0,,,binary_hash
lidardataframes_v1,test_id,binary_hash,128,128.0,0.0,0,0.0,2,0.8795180722891566,0.8812819391686935,0.0,0.0,0.0,0.0,16400,737280,bd48481,gauss:sigma=0.15,fill,max_range,binary_hash,k16_lidardataframes_sensor,lidardataframes_v1,author_lidardataframes_place_tags,1024.0,,,binary_hash
lidardataframes_v1,test_id,binary_hash,128,128.0,0.0,0,0.0,2,0.6987951807228916,0.6786140979689366,0.0,0.0,0.0,0.0,16400,737280,bd48481,clip:clip_to=6.0,fill,max_range,binary_hash,k16_lidardataframes_sensor,lidardataframes_v1,author_lidardataframes_place_tags,1024.0,,,binary_hash
lidardataframes_v1,test_ood,binary_hash,128,128.0,0.0,0,0.0,2,0.8292682926829268,0.8283978618280944,0.0,0.0,0.0,0.0,16400,737280,bd48481,clean,fill,max_range,binary_hash,k16_lidardataframes_sensor,lidardataframes_v1,author_lidardataframes_place_tags,1024.0,,,binary_hash
lidardataframes_v1,test_ood,binary_hash,128,128.0,0.0,0,0.0,2,0.524390243902439,0.49569846680094376,0.0,0.0,0.0,0.0,16400,737280,bd48481,beam_drop:drop_rate=0.1,fill,max_range,binary_hash,k16_lidardataframes_sensor,lidardataframes_v1,author_lidardataframes_place_tags,1024.0,,,binary_hash
lidardataframes_v1,test_ood,binary_hash,128,128.0,0.0,0,0.0,2,0.4268292682926829,0.36700141922744667,0.0,0.0,0.0,0.0,16400,737280,bd48481,beam_drop:drop_rate=0.3,fill,max_range,binary_hash,k16_lidardataframes_sensor,lidardataframes_v1,author_lidardataframes_place_tags,1024.0,,,binary_hash
lidardataframes_v1,test_ood,binary_hash,128,128.0,0.0,0,0.0,2,0.5487804878048781,0.5637254901960784,0.0,0.0,0.0,0.0,16400,737280,bd48481,sector_drop:fraction=0.15,fill,max_range,binary_hash,k16_lidardataframes_sensor,lidardataframes_v1,author_lidardataframes_place_tags,1024.0,,,binary_hash
lidardataframes_v1,test_ood,binary_hash,128,128.0,0.0,0,0.0,2,0.5121951219512195,0.47904540401740847,0.0,0.0,0.0,0.0,16400,737280,bd48481,sector_drop:fraction=0.3,fill,max_range,binary_hash,k16_lidardataframes_sensor,lidardataframes_v1,author_lidardataframes_place_tags,1024.0,,,binary_hash
lidardataframes_v1,test_ood,binary_hash,128,128.0,0.0,0,0.0,2,0.7804878048780488,0.7768522848310082,0.0,0.0,0.0,0.0,16400,737280,bd48481,range_bias:bias=0.25,fill,max_range,binary_hash,k16_lidardataframes_sensor,lidardataframes_v1,author_lidardataframes_place_tags,1024.0,,,binary_hash
lidardataframes_v1,test_ood,binary_hash,128,128.0,0.0,0,0.0,2,0.8536585365853658,0.8529208043356618,0.0,0.0,0.0,0.0,16400,737280,bd48481,range_scale:scale=1.15,fill,max_range,binary_hash,k16_lidardataframes_sensor,lidardataframes_v1,author_lidardataframes_place_tags,1024.0,,,binary_hash
lidardataframes_v1,test_ood,binary_hash,128,128.0,0.0,0,0.0,2,0.8414634146341463,0.8404761904761904,0.0,0.0,0.0,0.0,16400,737280,bd48481,gauss:sigma=0.05,fill,max_range,binary_hash,k16_lidardataframes_sensor,lidardataframes_v1,author_lidardataframes_place_tags,1024.0,,,binary_hash
lidardataframes_v1,test_ood,binary_hash,128,128.0,0.0,0,0.0,2,0.8292682926829268,0.8277568361870687,0.0,0.0,0.0,0.0,16400,737280,bd48481,gauss:sigma=0.15,fill,max_range,binary_hash,k16_lidardataframes_sensor,lidardataframes_v1,author_lidardataframes_place_tags,1024.0,,,binary_hash
lidardataframes_v1,test_ood,binary_hash,128,128.0,0.0,0,0.0,2,0.7195121951219512,0.6877193283177402,0.0,0.0,0.0,0.0,16400,737280,bd48481,clip:clip_to=6.0,fill,max_range,binary_hash,k16_lidardataframes_sensor,lidardataframes_v1,author_lidardataframes_place_tags,1024.0,,,binary_hash
lidardataframes_v1,test_id,pure_hdc,128,128.0,0.0,0,0.0,2,0.963855421686747,0.9622694122694122,0.0,0.0,0.0,0.0,16400,217088,bd48481,clean,skip,nan,hdc_k1/skip,k16_lidardataframes_sensor,lidardataframes_v1,author_lidardataframes_place_tags,1024.0,prototype,1.0,hdc_k1/skip
lidardataframes_v1,test_id,pure_hdc,128,128.0,0.0,0,0.0,2,0.8674698795180723,0.8678222184319746,0.0,0.0,0.0,0.0,16400,217088,bd48481,beam_drop:drop_rate=0.1,skip,nan,hdc_k1/skip,k16_lidardataframes_sensor,lidardataframes_v1,author_lidardataframes_place_tags,1024.0,prototype,1.0,hdc_k1/skip
lidardataframes_v1,test_id,pure_hdc,128,128.0,0.0,0,0.0,2,0.8313253012048193,0.8271414126823631,0.0,0.0,0.0,0.0,16400,217088,bd48481,beam_drop:drop_rate=0.3,skip,nan,hdc_k1/skip,k16_lidardataframes_sensor,lidardataframes_v1,author_lidardataframes_place_tags,1024.0,prototype,1.0,hdc_k1/skip
lidardataframes_v1,test_id,pure_hdc,128,128.0,0.0,0,0.0,2,0.8554216867469879,0.8495284803679017,0.0,0.0,0.0,0.0,16400,217088,bd48481,sector_drop:fraction=0.15,skip,nan,hdc_k1/skip,k16_lidardataframes_sensor,lidardataframes_v1,author_lidardataframes_place_tags,1024.0,prototype,1.0,hdc_k1/skip
lidardataframes_v1,test_id,pure_hdc,128,128.0,0.0,0,0.0,2,0.7831325301204819,0.7702797202797202,0.0,0.0,0.0,0.0,16400,217088,bd48481,sector_drop:fraction=0.3,skip,nan,hdc_k1/skip,k16_lidardataframes_sensor,lidardataframes_v1,author_lidardataframes_place_tags,1024.0,prototype,1.0,hdc_k1/skip
lidardataframes_v1,test_id,pure_hdc,128,128.0,0.0,0,0.0,2,0.9518072289156626,0.9515098722415796,0.0,0.0,0.0,0.0,16400,217088,bd48481,range_bias:bias=0.25,skip,nan,hdc_k1/skip,k16_lidardataframes_sensor,lidardataframes_v1,author_lidardataframes_place_tags,1024.0,prototype,1.0,hdc_k1/skip
lidardataframes_v1,test_id,pure_hdc,128,128.0,0.0,0,0.0,2,0.9397590361445783,0.938325240650822,0.0,0.0,0.0,0.0,16400,217088,bd48481,range_scale:scale=1.15,skip,nan,hdc_k1/skip,k16_lidardataframes_sensor,lidardataframes_v1,author_lidardataframes_place_tags,1024.0,prototype,1.0,hdc_k1/skip
lidardataframes_v1,test_id,pure_hdc,128,128.0,0.0,0,0.0,2,0.963855421686747,0.9622694122694122,0.0,0.0,0.0,0.0,16400,217088,bd48481,gauss:sigma=0.05,skip,nan,hdc_k1/skip,k16_lidardataframes_sensor,lidardataframes_v1,author_lidardataframes_place_tags,1024.0,prototype,1.0,hdc_k1/skip
lidardataframes_v1,test_id,pure_hdc,128,128.0,0.0,0,0.0,2,0.963855421686747,0.9622694122694122,0.0,0.0,0.0,0.0,16400,217088,bd48481,gauss:sigma=0.15,skip,nan,hdc_k1/skip,k16_lidardataframes_sensor,lidardataframes_v1,author_lidardataframes_place_tags,1024.0,prototype,1.0,hdc_k1/skip
lidardataframes_v1,test_id,pure_hdc,128,128.0,0.0,0,0.0,2,0.963855421686747,0.9622694122694122,0.0,0.0,0.0,0.0,16400,217088,bd48481,clip:clip_to=6.0,skip,nan,hdc_k1/skip,k16_lidardataframes_sensor,lidardataframes_v1,author_lidardataframes_place_tags,1024.0,prototype,1.0,hdc_k1/skip
lidardataframes_v1,test_ood,pure_hdc,128,128.0,0.0,0,0.0,2,0.9390243902439024,0.93931475029036,0.0,0.0,0.0,0.0,16400,217088,bd48481,clean,skip,nan,hdc_k1/skip,k16_lidardataframes_sensor,lidardataframes_v1,author_lidardataframes_place_tags,1024.0,prototype,1.0,hdc_k1/skip
lidardataframes_v1,test_ood,pure_hdc,128,128.0,0.0,0,0.0,2,0.8780487804878049,0.8789930999233325,0.0,0.0,0.0,0.0,16400,217088,bd48481,beam_drop:drop_rate=0.1,skip,nan,hdc_k1/skip,k16_lidardataframes_sensor,lidardataframes_v1,author_lidardataframes_place_tags,1024.0,prototype,1.0,hdc_k1/skip
lidardataframes_v1,test_ood,pure_hdc,128,128.0,0.0,0,0.0,2,0.8170731707317073,0.8185328185328186,0.0,0.0,0.0,0.0,16400,217088,bd48481,beam_drop:drop_rate=0.3,skip,nan,hdc_k1/skip,k16_lidardataframes_sensor,lidardataframes_v1,author_lidardataframes_place_tags,1024.0,prototype,1.0,hdc_k1/skip
lidardataframes_v1,test_ood,pure_hdc,128,128.0,0.0,0,0.0,2,0.8170731707317073,0.8167961830752528,0.0,0.0,0.0,0.0,16400,217088,bd48481,sector_drop:fraction=0.15,skip,nan,hdc_k1/skip,k16_lidardataframes_sensor,lidardataframes_v1,author_lidardataframes_place_tags,1024.0,prototype,1.0,hdc_k1/skip
lidardataframes_v1,test_ood,pure_hdc,128,128.0,0.0,0,0.0,2,0.8170731707317073,0.815710014623058,0.0,0.0,0.0,0.0,16400,217088,bd48481,sector_drop:fraction=0.3,skip,nan,hdc_k1/skip,k16_lidardataframes_sensor,lidardataframes_v1,author_lidardataframes_place_tags,1024.0,prototype,1.0,hdc_k1/skip
lidardataframes_v1,test_ood,pure_hdc,128,128.0,0.0,0,0.0,2,0.9146341463414634,0.9160096426545661,0.0,0.0,0.0,0.0,16400,217088,bd48481,range_bias:bias=0.25,skip,nan,hdc_k1/skip,k16_lidardataframes_sensor,lidardataframes_v1,author_lidardataframes_place_tags,1024.0,prototype,1.0,hdc_k1/skip
lidardataframes_v1,test_ood,pure_hdc,128,128.0,0.0,0,0.0,2,0.9146341463414634,0.9155052264808362,0.0,0.0,0.0,0.0,16400,217088,bd48481,range_scale:scale=1.15,skip,nan,hdc_k1/skip,k16_lidardataframes_sensor,lidardataframes_v1,author_lidardataframes_place_tags,1024.0,prototype,1.0,hdc_k1/skip
lidardataframes_v1,test_ood,pure_hdc,128,128.0,0.0,0,0.0,2,0.926829268292683,0.9274099883855982,0.0,0.0,0.0,0.0,16400,217088,bd48481,gauss:sigma=0.05,skip,nan,hdc_k1/skip,k16_lidardataframes_sensor,lidardataframes_v1,author_lidardataframes_place_tags,1024.0,prototype,1.0,hdc_k1/skip
lidardataframes_v1,test_ood,pure_hdc,128,128.0,0.0,0,0.0,2,0.9390243902439024,0.9395703346568349,0.0,0.0,0.0,0.0,16400,217088,bd48481,gauss:sigma=0.15,skip,nan,hdc_k1/skip,k16_lidardataframes_sensor,lidardataframes_v1,author_lidardataframes_place_tags,1024.0,prototype,1.0,hdc_k1/skip
lidardataframes_v1,test_ood,pure_hdc,128,128.0,0.0,0,0.0,2,0.8658536585365854,0.8630023866957666,0.0,0.0,0.0,0.0,16400,217088,bd48481,clip:clip_to=6.0,skip,nan,hdc_k1/skip,k16_lidardataframes_sensor,lidardataframes_v1,author_lidardataframes_place_tags,1024.0,prototype,1.0,hdc_k1/skip
lidardataframes_v1,test_id,pure_hdc,128,128.0,0.0,0,0.0,2,0.9518072289156626,0.9501672144381018,0.0,0.0,0.0,0.0,262400,217088,bd48481,clean,skip,nan,hdc_k16/skip,k16_lidardataframes_sensor,lidardataframes_v1,author_lidardataframes_place_tags,1024.0,prototype,16.0,hdc_k16/skip
lidardataframes_v1,test_id,pure_hdc,128,128.0,0.0,0,0.0,2,0.927710843373494,0.9267857142857143,0.0,0.0,0.0,0.0,262400,217088,bd48481,beam_drop:drop_rate=0.1,skip,nan,hdc_k16/skip,k16_lidardataframes_sensor,lidardataframes_v1,author_lidardataframes_place_tags,1024.0,prototype,16.0,hdc_k16/skip
lidardataframes_v1,test_id,pure_hdc,128,128.0,0.0,0,0.0,2,0.891566265060241,0.890180090754396,0.0,0.0,0.0,0.0,262400,217088,bd48481,beam_drop:drop_rate=0.3,skip,nan,hdc_k16/skip,k16_lidardataframes_sensor,lidardataframes_v1,author_lidardataframes_place_tags,1024.0,prototype,16.0,hdc_k16/skip
lidardataframes_v1,test_id,pure_hdc,128,128.0,0.0,0,0.0,2,0.8554216867469879,0.8514156333923776,0.0,0.0,0.0,0.0,262400,217088,bd48481,sector_drop:fraction=0.15,skip,nan,hdc_k16/skip,k16_lidardataframes_sensor,lidardataframes_v1,author_lidardataframes_place_tags,1024.0,prototype,16.0,hdc_k16/skip
lidardataframes_v1,test_id,pure_hdc,128,128.0,0.0,0,0.0,2,0.8433734939759037,0.8373599439775911,0.0,0.0,0.0,0.0,262400,217088,bd48481,sector_drop:fraction=0.3,skip,nan,hdc_k16/skip,k16_lidardataframes_sensor,lidardataframes_v1,author_lidardataframes_place_tags,1024.0,prototype,16.0,hdc_k16/skip
lidardataframes_v1,test_id,pure_hdc,128,128.0,0.0,0,0.0,2,0.9518072289156626,0.9514226083993527,0.0,0.0,0.0,0.0,262400,217088,bd48481,range_bias:bias=0.25,skip,nan,hdc_k16/skip,k16_lidardataframes_sensor,lidardataframes_v1,author_lidardataframes_place_tags,1024.0,prototype,16.0,hdc_k16/skip
lidardataframes_v1,test_id,pure_hdc,128,128.0,0.0,0,0.0,2,0.963855421686747,0.9622694122694122,0.0,0.0,0.0,0.0,262400,217088,bd48481,range_scale:scale=1.15,skip,nan,hdc_k16/skip,k16_lidardataframes_sensor,lidardataframes_v1,author_lidardataframes_place_tags,1024.0,prototype,16.0,hdc_k16/skip
lidardataframes_v1,test_id,pure_hdc,128,128.0,0.0,0,0.0,2,0.9397590361445783,0.9364235055724417,0.0,0.0,0.0,0.0,262400,217088,bd48481,gauss:sigma=0.05,skip,nan,hdc_k16/skip,k16_lidardataframes_sensor,lidardataframes_v1,author_lidardataframes_place_tags,1024.0,prototype,16.0,hdc_k16/skip
lidardataframes_v1,test_id,pure_hdc,128,128.0,0.0,0,0.0,2,0.963855421686747,0.9627626035367287,0.0,0.0,0.0,0.0,262400,217088,bd48481,gauss:sigma=0.15,skip,nan,hdc_k16/skip,k16_lidardataframes_sensor,lidardataframes_v1,author_lidardataframes_place_tags,1024.0,prototype,16.0,hdc_k16/skip
lidardataframes_v1,test_id,pure_hdc,128,128.0,0.0,0,0.0,2,0.7710843373493976,0.6984126984126984,0.0,0.0,0.0,0.0,262400,217088,bd48481,clip:clip_to=6.0,skip,nan,hdc_k16/skip,k16_lidardataframes_sensor,lidardataframes_v1,author_lidardataframes_place_tags,1024.0,prototype,16.0,hdc_k16/skip
lidardataframes_v1,test_ood,pure_hdc,128,128.0,0.0,0,0.0,2,0.9512195121951219,0.949447895100069,0.0,0.0,0.0,0.0,262400,217088,bd48481,clean,skip,nan,hdc_k16/skip,k16_lidardataframes_sensor,lidardataframes_v1,author_lidardataframes_place_tags,1024.0,prototype,16.0,hdc_k16/skip
lidardataframes_v1,test_ood,pure_hdc,128,128.0,0.0,0,0.0,2,0.8780487804878049,0.8765856541544139,0.0,0.0,0.0,0.0,262400,217088,bd48481,beam_drop:drop_rate=0.1,skip,nan,hdc_k16/skip,k16_lidardataframes_sensor,lidardataframes_v1,author_lidardataframes_place_tags,1024.0,prototype,16.0,hdc_k16/skip
lidardataframes_v1,test_ood,pure_hdc,128,128.0,0.0,0,0.0,2,0.8780487804878049,0.8793919495139007,0.0,0.0,0.0,0.0,262400,217088,bd48481,beam_drop:drop_rate=0.3,skip,nan,hdc_k16/skip,k16_lidardataframes_sensor,lidardataframes_v1,author_lidardataframes_place_tags,1024.0,prototype,16.0,hdc_k16/skip
lidardataframes_v1,test_ood,pure_hdc,128,128.0,0.0,0,0.0,2,0.8292682926829268,0.8271644558550849,0.0,0.0,0.0,0.0,262400,217088,bd48481,sector_drop:fraction=0.15,skip,nan,hdc_k16/skip,k16_lidardataframes_sensor,lidardataframes_v1,author_lidardataframes_place_tags,1024.0,prototype,16.0,hdc_k16/skip
lidardataframes_v1,test_ood,pure_hdc,128,128.0,0.0,0,0.0,2,0.8536585365853658,0.8493954894210649,0.0,0.0,0.0,0.0,262400,217088,bd48481,sector_drop:fraction=0.3,skip,nan,hdc_k16/skip,k16_lidardataframes_sensor,lidardataframes_v1,author_lidardataframes_place_tags,1024.0,prototype,16.0,hdc_k16/skip
lidardataframes_v1,test_ood,pure_hdc,128,128.0,0.0,0,0.0,2,0.9634146341463414,0.9627626035367287,0.0,0.0,0.0,0.0,262400,217088,bd48481,range_bias:bias=0.25,skip,nan,hdc_k16/skip,k16_lidardataframes_sensor,lidardataframes_v1,author_lidardataframes_place_tags,1024.0,prototype,16.0,hdc_k16/skip
lidardataframes_v1,test_ood,pure_hdc,128,128.0,0.0,0,0.0,2,0.9390243902439024,0.9373548199767712,0.0,0.0,0.0,0.0,262400,217088,bd48481,range_scale:scale=1.15,skip,nan,hdc_k16/skip,k16_lidardataframes_sensor,lidardataframes_v1,author_lidardataframes_place_tags,1024.0,prototype,16.0,hdc_k16/skip
lidardataframes_v1,test_ood,pure_hdc,128,128.0,0.0,0,0.0,2,0.9390243902439024,0.9364235055724417,0.0,0.0,0.0,0.0,262400,217088,bd48481,gauss:sigma=0.05,skip,nan,hdc_k16/skip,k16_lidardataframes_sensor,lidardataframes_v1,author_lidardataframes_place_tags,1024.0,prototype,16.0,hdc_k16/skip
lidardataframes_v1,test_ood,pure_hdc,128,128.0,0.0,0,0.0,2,0.9390243902439024,0.9364235055724417,0.0,0.0,0.0,0.0,262400,217088,bd48481,gauss:sigma=0.15,skip,nan,hdc_k16/skip,k16_lidardataframes_sensor,lidardataframes_v1,author_lidardataframes_place_tags,1024.0,prototype,16.0,hdc_k16/skip
lidardataframes_v1,test_ood,pure_hdc,128,128.0,0.0,0,0.0,2,0.7682926829268293,0.7074897313801752,0.0,0.0,0.0,0.0,262400,217088,bd48481,clip:clip_to=6.0,skip,nan,hdc_k16/skip,k16_lidardataframes_sensor,lidardataframes_v1,author_lidardataframes_place_tags,1024.0,prototype,16.0,hdc_k16/skip
lidardataframes_v1,test_id,pure_hdc,128,128.0,0.0,0,0.0,2,0.9518072289156626,0.9501672144381018,0.0,0.0,0.0,0.0,262400,218112,bd48481,clean,drop,nan,hdc_k16/drop,k16_lidardataframes_sensor,lidardataframes_v1,author_lidardataframes_place_tags,1024.0,prototype,16.0,hdc_k16/drop
lidardataframes_v1,test_id,pure_hdc,128,128.0,0.0,0,0.0,2,0.963855421686747,0.9627626035367287,0.0,0.0,0.0,0.0,262400,218112,bd48481,beam_drop:drop_rate=0.1,drop,nan,hdc_k16/drop,k16_lidardataframes_sensor,lidardataframes_v1,author_lidardataframes_place_tags,1024.0,prototype,16.0,hdc_k16/drop
lidardataframes_v1,test_id,pure_hdc,128,128.0,0.0,0,0.0,2,0.927710843373494,0.9231442577030813,0.0,0.0,0.0,0.0,262400,218112,bd48481,beam_drop:drop_rate=0.3,drop,nan,hdc_k16/drop,k16_lidardataframes_sensor,lidardataframes_v1,author_lidardataframes_place_tags,1024.0,prototype,16.0,hdc_k16/drop
lidardataframes_v1,test_id,pure_hdc,128,128.0,0.0,0,0.0,2,0.963855421686747,0.9635737069947596,0.0,0.0,0.0,0.0,262400,218112,bd48481,sector_drop:fraction=0.15,drop,nan,hdc_k16/drop,k16_lidardataframes_sensor,lidardataframes_v1,author_lidardataframes_place_tags,1024.0,prototype,16.0,hdc_k16/drop
lidardataframes_v1,test_id,pure_hdc,128,128.0,0.0,0,0.0,2,0.9397590361445783,0.9373548199767712,0.0,0.0,0.0,0.0,262400,218112,bd48481,sector_drop:fraction=0.3,drop,nan,hdc_k16/drop,k16_lidardataframes_sensor,lidardataframes_v1,author_lidardataframes_place_tags,1024.0,prototype,16.0,hdc_k16/drop
lidardataframes_v1,test_id,pure_hdc,128,128.0,0.0,0,0.0,2,0.9518072289156626,0.9514226083993527,0.0,0.0,0.0,0.0,262400,218112,bd48481,range_bias:bias=0.25,drop,nan,hdc_k16/drop,k16_lidardataframes_sensor,lidardataframes_v1,author_lidardataframes_place_tags,1024.0,prototype,16.0,hdc_k16/drop
lidardataframes_v1,test_id,pure_hdc,128,128.0,0.0,0,0.0,2,0.963855421686747,0.9622694122694122,0.0,0.0,0.0,0.0,262400,218112,bd48481,range_scale:scale=1.15,drop,nan,hdc_k16/drop,k16_lidardataframes_sensor,lidardataframes_v1,author_lidardataframes_place_tags,1024.0,prototype,16.0,hdc_k16/drop
lidardataframes_v1,test_id,pure_hdc,128,128.0,0.0,0,0.0,2,0.9397590361445783,0.9364235055724417,0.0,0.0,0.0,0.0,262400,218112,bd48481,gauss:sigma=0.05,drop,nan,hdc_k16/drop,k16_lidardataframes_sensor,lidardataframes_v1,author_lidardataframes_place_tags,1024.0,prototype,16.0,hdc_k16/drop
lidardataframes_v1,test_id,pure_hdc,128,128.0,0.0,0,0.0,2,0.963855421686747,0.9627626035367287,0.0,0.0,0.0,0.0,262400,218112,bd48481,gauss:sigma=0.15,drop,nan,hdc_k16/drop,k16_lidardataframes_sensor,lidardataframes_v1,author_lidardataframes_place_tags,1024.0,prototype,16.0,hdc_k16/drop
lidardataframes_v1,test_id,pure_hdc,128,128.0,0.0,0,0.0,2,0.7710843373493976,0.6984126984126984,0.0,0.0,0.0,0.0,262400,218112,bd48481,clip:clip_to=6.0,drop,nan,hdc_k16/drop,k16_lidardataframes_sensor,lidardataframes_v1,author_lidardataframes_place_tags,1024.0,prototype,16.0,hdc_k16/drop
lidardataframes_v1,test_ood,pure_hdc,128,128.0,0.0,0,0.0,2,0.9512195121951219,0.949447895100069,0.0,0.0,0.0,0.0,262400,218112,bd48481,clean,drop,nan,hdc_k16/drop,k16_lidardataframes_sensor,lidardataframes_v1,author_lidardataframes_place_tags,1024.0,prototype,16.0,hdc_k16/drop
lidardataframes_v1,test_ood,pure_hdc,128,128.0,0.0,0,0.0,2,0.9390243902439024,0.9364235055724417,0.0,0.0,0.0,0.0,262400,218112,bd48481,beam_drop:drop_rate=0.1,drop,nan,hdc_k16/drop,k16_lidardataframes_sensor,lidardataframes_v1,author_lidardataframes_place_tags,1024.0,prototype,16.0,hdc_k16/drop
lidardataframes_v1,test_ood,pure_hdc,128,128.0,0.0,0,0.0,2,0.926829268292683,0.924274587883934,0.0,0.0,0.0,0.0,262400,218112,bd48481,beam_drop:drop_rate=0.3,drop,nan,hdc_k16/drop,k16_lidardataframes_sensor,lidardataframes_v1,author_lidardataframes_place_tags,1024.0,prototype,16.0,hdc_k16/drop
lidardataframes_v1,test_ood,pure_hdc,128,128.0,0.0,0,0.0,2,0.8658536585365854,0.8574810606060606,0.0,0.0,0.0,0.0,262400,218112,bd48481,sector_drop:fraction=0.15,drop,nan,hdc_k16/drop,k16_lidardataframes_sensor,lidardataframes_v1,author_lidardataframes_place_tags,1024.0,prototype,16.0,hdc_k16/drop
lidardataframes_v1,test_ood,pure_hdc,128,128.0,0.0,0,0.0,2,0.8658536585365854,0.8508148216996623,0.0,0.0,0.0,0.0,262400,218112,bd48481,sector_drop:fraction=0.3,drop,nan,hdc_k16/drop,k16_lidardataframes_sensor,lidardataframes_v1,author_lidardataframes_place_tags,1024.0,prototype,16.0,hdc_k16/drop
lidardataframes_v1,test_ood,pure_hdc,128,128.0,0.0,0,0.0,2,0.9634146341463414,0.9627626035367287,0.0,0.0,0.0,0.0,262400,218112,bd48481,range_bias:bias=0.25,drop,nan,hdc_k16/drop,k16_lidardataframes_sensor,lidardataframes_v1,author_lidardataframes_place_tags,1024.0,prototype,16.0,hdc_k16/drop
lidardataframes_v1,test_ood,pure_hdc,128,128.0,0.0,0,0.0,2,0.9390243902439024,0.9373548199767712,0.0,0.0,0.0,0.0,262400,218112,bd48481,range_scale:scale=1.15,drop,nan,hdc_k16/drop,k16_lidardataframes_sensor,lidardataframes_v1,author_lidardataframes_place_tags,1024.0,prototype,16.0,hdc_k16/drop
lidardataframes_v1,test_ood,pure_hdc,128,128.0,0.0,0,0.0,2,0.9390243902439024,0.9364235055724417,0.0,0.0,0.0,0.0,262400,218112,bd48481,gauss:sigma=0.05,drop,nan,hdc_k16/drop,k16_lidardataframes_sensor,lidardataframes_v1,author_lidardataframes_place_tags,1024.0,prototype,16.0,hdc_k16/drop
lidardataframes_v1,test_ood,pure_hdc,128,128.0,0.0,0,0.0,2,0.9390243902439024,0.9364235055724417,0.0,0.0,0.0,0.0,262400,218112,bd48481,gauss:sigma=0.15,drop,nan,hdc_k16/drop,k16_lidardataframes_sensor,lidardataframes_v1,author_lidardataframes_place_tags,1024.0,prototype,16.0,hdc_k16/drop
lidardataframes_v1,test_ood,pure_hdc,128,128.0,0.0,0,0.0,2,0.7682926829268293,0.7074897313801752,0.0,0.0,0.0,0.0,262400,218112,bd48481,clip:clip_to=6.0,drop,nan,hdc_k16/drop,k16_lidardataframes_sensor,lidardataframes_v1,author_lidardataframes_place_tags,1024.0,prototype,16.0,hdc_k16/drop
lidardataframes_v1,test_id,pure_hdc,128,128.0,0.0,0,0.0,2,0.9518072289156626,0.9501672144381018,0.0,0.0,0.0,0.0,262400,217088,bd48481,clean,fill,max_range,hdc_k16/fill,k16_lidardataframes_sensor,lidardataframes_v1,author_lidardataframes_place_tags,1024.0,prototype,16.0,hdc_k16/fill
lidardataframes_v1,test_id,pure_hdc,128,128.0,0.0,0,0.0,2,0.891566265060241,0.8904745430433028,0.0,0.0,0.0,0.0,262400,217088,bd48481,beam_drop:drop_rate=0.1,fill,max_range,hdc_k16/fill,k16_lidardataframes_sensor,lidardataframes_v1,author_lidardataframes_place_tags,1024.0,prototype,16.0,hdc_k16/fill
lidardataframes_v1,test_id,pure_hdc,128,128.0,0.0,0,0.0,2,0.7710843373493976,0.7497028873943224,0.0,0.0,0.0,0.0,262400,217088,bd48481,beam_drop:drop_rate=0.3,fill,max_range,hdc_k16/fill,k16_lidardataframes_sensor,lidardataframes_v1,author_lidardataframes_place_tags,1024.0,prototype,16.0,hdc_k16/fill
lidardataframes_v1,test_id,pure_hdc,128,128.0,0.0,0,0.0,2,0.7831325301204819,0.7673913043478261,0.0,0.0,0.0,0.0,262400,217088,bd48481,sector_drop:fraction=0.15,fill,max_range,hdc_k16/fill,k16_lidardataframes_sensor,lidardataframes_v1,author_lidardataframes_place_tags,1024.0,prototype,16.0,hdc_k16/fill
lidardataframes_v1,test_id,pure_hdc,128,128.0,0.0,0,0.0,2,0.6506024096385542,0.6290391334730958,0.0,0.0,0.0,0.0,262400,217088,bd48481,sector_drop:fraction=0.3,fill,max_range,hdc_k16/fill,k16_lidardataframes_sensor,lidardataframes_v1,author_lidardataframes_place_tags,1024.0,prototype,16.0,hdc_k16/fill
lidardataframes_v1,test_id,pure_hdc,128,128.0,0.0,0,0.0,2,0.9518072289156626,0.9514226083993527,0.0,0.0,0.0,0.0,262400,217088,bd48481,range_bias:bias=0.25,fill,max_range,hdc_k16/fill,k16_lidardataframes_sensor,lidardataframes_v1,author_lidardataframes_place_tags,1024.0,prototype,16.0,hdc_k16/fill
lidardataframes_v1,test_id,pure_hdc,128,128.0,0.0,0,0.0,2,0.963855421686747,0.9622694122694122,0.0,0.0,0.0,0.0,262400,217088,bd48481,range_scale:scale=1.15,fill,max_range,hdc_k16/fill,k16_lidardataframes_sensor,lidardataframes_v1,author_lidardataframes_place_tags,1024.0,prototype,16.0,hdc_k16/fill
lidardataframes_v1,test_id,pure_hdc,128,128.0,0.0,0,0.0,2,0.9397590361445783,0.9364235055724417,0.0,0.0,0.0,0.0,262400,217088,bd48481,gauss:sigma=0.05,fill,max_range,hdc_k16/fill,k16_lidardataframes_sensor,lidardataframes_v1,author_lidardataframes_place_tags,1024.0,prototype,16.0,hdc_k16/fill
lidardataframes_v1,test_id,pure_hdc,128,128.0,0.0,0,0.0,2,0.963855421686747,0.9627626035367287,0.0,0.0,0.0,0.0,262400,217088,bd48481,gauss:sigma=0.15,fill,max_range,hdc_k16/fill,k16_lidardataframes_sensor,lidardataframes_v1,author_lidardataframes_place_tags,1024.0,prototype,16.0,hdc_k16/fill
lidardataframes_v1,test_id,pure_hdc,128,128.0,0.0,0,0.0,2,0.7710843373493976,0.6984126984126984,0.0,0.0,0.0,0.0,262400,217088,bd48481,clip:clip_to=6.0,fill,max_range,hdc_k16/fill,k16_lidardataframes_sensor,lidardataframes_v1,author_lidardataframes_place_tags,1024.0,prototype,16.0,hdc_k16/fill
lidardataframes_v1,test_ood,pure_hdc,128,128.0,0.0,0,0.0,2,0.9512195121951219,0.949447895100069,0.0,0.0,0.0,0.0,262400,217088,bd48481,clean,fill,max_range,hdc_k16/fill,k16_lidardataframes_sensor,lidardataframes_v1,author_lidardataframes_place_tags,1024.0,prototype,16.0,hdc_k16/fill
lidardataframes_v1,test_ood,pure_hdc,128,128.0,0.0,0,0.0,2,0.8536585365853658,0.8520658263305322,0.0,0.0,0.0,0.0,262400,217088,bd48481,beam_drop:drop_rate=0.1,fill,max_range,hdc_k16/fill,k16_lidardataframes_sensor,lidardataframes_v1,author_lidardataframes_place_tags,1024.0,prototype,16.0,hdc_k16/fill
lidardataframes_v1,test_ood,pure_hdc,128,128.0,0.0,0,0.0,2,0.7804878048780488,0.75613788875984,0.0,0.0,0.0,0.0,262400,217088,bd48481,beam_drop:drop_rate=0.3,fill,max_range,hdc_k16/fill,k16_lidardataframes_sensor,lidardataframes_v1,author_lidardataframes_place_tags,1024.0,prototype,16.0,hdc_k16/fill
lidardataframes_v1,test_ood,pure_hdc,128,128.0,0.0,0,0.0,2,0.7195121951219512,0.7036645962732919,0.0,0.0,0.0,0.0,262400,217088,bd48481,sector_drop:fraction=0.15,fill,max_range,hdc_k16/fill,k16_lidardataframes_sensor,lidardataframes_v1,author_lidardataframes_place_tags,1024.0,prototype,16.0,hdc_k16/fill
lidardataframes_v1,test_ood,pure_hdc,128,128.0,0.0,0,0.0,2,0.5975609756097561,0.5751618626298933,0.0,0.0,0.0,0.0,262400,217088,bd48481,sector_drop:fraction=0.3,fill,max_range,hdc_k16/fill,k16_lidardataframes_sensor,lidardataframes_v1,author_lidardataframes_place_tags,1024.0,prototype,16.0,hdc_k16/fill
lidardataframes_v1,test_ood,pure_hdc,128,128.0,0.0,0,0.0,2,0.9634146341463414,0.9627626035367287,0.0,0.0,0.0,0.0,262400,217088,bd48481,range_bias:bias=0.25,fill,max_range,hdc_k16/fill,k16_lidardataframes_sensor,lidardataframes_v1,author_lidardataframes_place_tags,1024.0,prototype,16.0,hdc_k16/fill
lidardataframes_v1,test_ood,pure_hdc,128,128.0,0.0,0,0.0,2,0.9390243902439024,0.9373548199767712,0.0,0.0,0.0,0.0,262400,217088,bd48481,range_scale:scale=1.15,fill,max_range,hdc_k16/fill,k16_lidardataframes_sensor,lidardataframes_v1,author_lidardataframes_place_tags,1024.0,prototype,16.0,hdc_k16/fill
lidardataframes_v1,test_ood,pure_hdc,128,128.0,0.0,0,0.0,2,0.9390243902439024,0.9364235055724417,0.0,0.0,0.0,0.0,262400,217088,bd48481,gauss:sigma=0.05,fill,max_range,hdc_k16/fill,k16_lidardataframes_sensor,lidardataframes_v1,author_lidardataframes_place_tags,1024.0,prototype,16.0,hdc_k16/fill
lidardataframes_v1,test_ood,pure_hdc,128,128.0,0.0,0,0.0,2,0.9390243902439024,0.9364235055724417,0.0,0.0,0.0,0.0,262400,217088,bd48481,gauss:sigma=0.15,fill,max_range,hdc_k16/fill,k16_lidardataframes_sensor,lidardataframes_v1,author_lidardataframes_place_tags,1024.0,prototype,16.0,hdc_k16/fill
lidardataframes_v1,test_ood,pure_hdc,128,128.0,0.0,0,0.0,2,0.7682926829268293,0.7074897313801752,0.0,0.0,0.0,0.0,262400,217088,bd48481,clip:clip_to=6.0,fill,max_range,hdc_k16/fill,k16_lidardataframes_sensor,lidardataframes_v1,author_lidardataframes_place_tags,1024.0,prototype,16.0,hdc_k16/fill
lidardataframes_v1,test_id,pure_hdc,128,128.0,0.0,0,0.0,2,0.9759036144578314,0.974937343358396,0.0,0.0,0.0,0.0,32800,217088,bd48481,clean,skip,nan,hdc_linear/skip,k16_lidardataframes_sensor,lidardataframes_v1,author_lidardataframes_place_tags,1024.0,linear,1.0,hdc_linear/skip
lidardataframes_v1,test_id,pure_hdc,128,128.0,0.0,0,0.0,2,0.8072289156626506,0.7842368922490626,0.0,0.0,0.0,0.0,32800,217088,bd48481,beam_drop:drop_rate=0.1,skip,nan,hdc_linear/skip,k16_lidardataframes_sensor,lidardataframes_v1,author_lidardataframes_place_tags,1024.0,linear,1.0,hdc_linear/skip
lidardataframes_v1,test_id,pure_hdc,128,128.0,0.0,0,0.0,2,0.7228915662650602,0.6755891980360065,0.0,0.0,0.0,0.0,32800,217088,bd48481,beam_drop:drop_rate=0.3,skip,nan,hdc_linear/skip,k16_lidardataframes_sensor,lidardataframes_v1,author_lidardataframes_place_tags,1024.0,linear,1.0,hdc_linear/skip
lidardataframes_v1,test_id,pure_hdc,128,128.0,0.0,0,0.0,2,0.7590361445783133,0.7362565034789694,0.0,0.0,0.0,0.0,32800,217088,bd48481,sector_drop:fraction=0.15,skip,nan,hdc_linear/skip,k16_lidardataframes_sensor,lidardataframes_v1,author_lidardataframes_place_tags,1024.0,linear,1.0,hdc_linear/skip
lidardataframes_v1,test_id,pure_hdc,128,128.0,0.0,0,0.0,2,0.6867469879518072,0.654832964282276,0.0,0.0,0.0,0.0,32800,217088,bd48481,sector_drop:fraction=0.3,skip,nan,hdc_linear/skip,k16_lidardataframes_sensor,lidardataframes_v1,author_lidardataframes_place_tags,1024.0,linear,1.0,hdc_linear/skip
lidardataframes_v1,test_id,pure_hdc,128,128.0,0.0,0,0.0,2,0.927710843373494,0.9269741886020956,0.0,0.0,0.0,0.0,32800,217088,bd48481,range_bias:bias=0.25,skip,nan,hdc_linear/skip,k16_lidardataframes_sensor,lidardataframes_v1,author_lidardataframes_place_tags,1024.0,linear,1.0,hdc_linear/skip
lidardataframes_v1,test_id,pure_hdc,128,128.0,0.0,0,0.0,2,0.9397590361445783,0.9386982416335791,0.0,0.0,0.0,0.0,32800,217088,bd48481,range_scale:scale=1.15,skip,nan,hdc_linear/skip,k16_lidardataframes_sensor,lidardataframes_v1,author_lidardataframes_place_tags,1024.0,linear,1.0,hdc_linear/skip
lidardataframes_v1,test_id,pure_hdc,128,128.0,0.0,0,0.0,2,0.9759036144578314,0.974937343358396,0.0,0.0,0.0,0.0,32800,217088,bd48481,gauss:sigma=0.05,skip,nan,hdc_linear/skip,k16_lidardataframes_sensor,lidardataframes_v1,author_lidardataframes_place_tags,1024.0,linear,1.0,hdc_linear/skip
lidardataframes_v1,test_id,pure_hdc,128,128.0,0.0,0,0.0,2,0.963855421686747,0.9622878692646134,0.0,0.0,0.0,0.0,32800,217088,bd48481,gauss:sigma=0.15,skip,nan,hdc_linear/skip,k16_lidardataframes_sensor,lidardataframes_v1,author_lidardataframes_place_tags,1024.0,linear,1.0,hdc_linear/skip
lidardataframes_v1,test_id,pure_hdc,128,128.0,0.0,0,0.0,2,0.7831325301204819,0.714453362955531,0.0,0.0,0.0,0.0,32800,217088,bd48481,clip:clip_to=6.0,skip,nan,hdc_linear/skip,k16_lidardataframes_sensor,lidardataframes_v1,author_lidardataframes_place_tags,1024.0,linear,1.0,hdc_linear/skip
lidardataframes_v1,test_ood,pure_hdc,128,128.0,0.0,0,0.0,2,0.975609756097561,0.974937343358396,0.0,0.0,0.0,0.0,32800,217088,bd48481,clean,skip,nan,hdc_linear/skip,k16_lidardataframes_sensor,lidardataframes_v1,author_lidardataframes_place_tags,1024.0,linear,1.0,hdc_linear/skip
lidardataframes_v1,test_ood,pure_hdc,128,128.0,0.0,0,0.0,2,0.7804878048780488,0.7528713382371919,0.0,0.0,0.0,0.0,32800,217088,bd48481,beam_drop:drop_rate=0.1,skip,nan,hdc_linear/skip,k16_lidardataframes_sensor,lidardataframes_v1,author_lidardataframes_place_tags,1024.0,linear,1.0,hdc_linear/skip
lidardataframes_v1,test_ood,pure_hdc,128,128.0,0.0,0,0.0,2,0.7073170731707317,0.6277777777777778,0.0,0.0,0.0,0.0,32800,217088,bd48481,beam_drop:drop_rate=0.3,skip,nan,hdc_linear/skip,k16_lidardataframes_sensor,lidardataframes_v1,author_lidardataframes_place_tags,1024.0,linear,1.0,hdc_linear/skip
lidardataframes_v1,test_ood,pure_hdc,128,128.0,0.0,0,0.0,2,0.7682926829268293,0.7377469665205514,0.0,0.0,0.0,0.0,32800,217088,bd48481,sector_drop:fraction=0.15,skip,nan,hdc_linear/skip,k16_lidardataframes_sensor,lidardataframes_v1,author_lidardataframes_place_tags,1024.0,linear,1.0,hdc_linear/skip
lidardataframes_v1,test_ood,pure_hdc,128,128.0,0.0,0,0.0,2,0.6951219512195121,0.6655518394648829,0.0,0.0,0.0,0.0,32800,217088,bd48481,sector_drop:fraction=0.3,skip,nan,hdc_linear/skip,k16_lidardataframes_sensor,lidardataframes_v1,author_lidardataframes_place_tags,1024.0,linear,1.0,hdc_linear/skip
lidardataframes_v1,test_ood,pure_hdc,128,128.0,0.0,0,0.0,2,0.975609756097561,0.974937343358396,0.0,0.0,0.0,0.0,32800,217088,bd48481,range_bias:bias=0.25,skip,nan,hdc_linear/skip,k16_lidardataframes_sensor,lidardataframes_v1,author_lidardataframes_place_tags,1024.0,linear,1.0,hdc_linear/skip
lidardataframes_v1,test_ood,pure_hdc,128,128.0,0.0,0,0.0,2,0.975609756097561,0.974937343358396,0.0,0.0,0.0,0.0,32800,217088,bd48481,range_scale:scale=1.15,skip,nan,hdc_linear/skip,k16_lidardataframes_sensor,lidardataframes_v1,author_lidardataframes_place_tags,1024.0,linear,1.0,hdc_linear/skip
lidardataframes_v1,test_ood,pure_hdc,128,128.0,0.0,0,0.0,2,0.975609756097561,0.974937343358396,0.0,0.0,0.0,0.0,32800,217088,bd48481,gauss:sigma=0.05,skip,nan,hdc_linear/skip,k16_lidardataframes_sensor,lidardataframes_v1,author_lidardataframes_place_tags,1024.0,linear,1.0,hdc_linear/skip
lidardataframes_v1,test_ood,pure_hdc,128,128.0,0.0,0,0.0,2,0.975609756097561,0.974937343358396,0.0,0.0,0.0,0.0,32800,217088,bd48481,gauss:sigma=0.15,skip,nan,hdc_linear/skip,k16_lidardataframes_sensor,lidardataframes_v1,author_lidardataframes_place_tags,1024.0,linear,1.0,hdc_linear/skip
lidardataframes_v1,test_ood,pure_hdc,128,128.0,0.0,0,0.0,2,0.7926829268292683,0.7397533073656877,0.0,0.0,0.0,0.0,32800,217088,bd48481,clip:clip_to=6.0,skip,nan,hdc_linear/skip,k16_lidardataframes_sensor,lidardataframes_v1,author_lidardataframes_place_tags,1024.0,linear,1.0,hdc_linear/skip
